domain,policy,class,property,value,source_path,object_path
com.apple.AVAudioDeviceTestService,AudioPlaybackAndRecording,OriginatorEntitlement,Entitlement,com.apple.runningboard.assertions.AVAudioDeviceTestService,/System/Library/LifecyclePolicy/DomainAttributes/com.apple.AVAudioDeviceTestService.plist,AudioPlaybackAndRecording/Restriction
com.apple.AVAudioDeviceTestService,AudioPlaybackAndRecording,RBSBaseMemoryGrant,Category,Active,/System/Library/LifecyclePolicy/DomainAttributes/com.apple.AVAudioDeviceTestService.plist,AudioPlaybackAndRecording/AttributeGroups[0]/Attributes[2]
com.apple.AVAudioDeviceTestService,AudioPlaybackAndRecording,RBSBaseMemoryGrant,Strength,RBSMemoryLimitStrengthSoft,/System/Library/LifecyclePolicy/DomainAttributes/com.apple.AVAudioDeviceTestService.plist,AudioPlaybackAndRecording/AttributeGroups[0]/Attributes[2]
com.apple.AVAudioDeviceTestService,AudioPlaybackAndRecording,RBSCPUAccessGrant,Role,RBSRoleBackground,/System/Library/LifecyclePolicy/DomainAttributes/com.apple.AVAudioDeviceTestService.plist,AudioPlaybackAndRecording/AttributeGroups[0]/Attributes[0]
com.apple.AVAudioDeviceTestService,AudioPlaybackAndRecording,RBSDefineRelativeStartTimeGrant,,,/System/Library/LifecyclePolicy/DomainAttributes/com.apple.AVAudioDeviceTestService.plist,AudioPlaybackAndRecording/AttributeGroups[0]/Attributes[4]
com.apple.AVAudioDeviceTestService,AudioPlaybackAndRecording,RBSJetsamPriorityGrant,Band,40,/System/Library/LifecyclePolicy/DomainAttributes/com.apple.AVAudioDeviceTestService.plist,AudioPlaybackAndRecording/AttributeGroups[0]/Attributes[1]
com.apple.AVAudioDeviceTestService,AudioPlaybackAndRecording,RBSResistTerminationGrant,Resistance,RBSTerminationResistanceInteractive,/System/Library/LifecyclePolicy/DomainAttributes/com.apple.AVAudioDeviceTestService.plist,AudioPlaybackAndRecording/AttributeGroups[0]/Attributes[3]
com.apple.AVAudioDeviceTestService,AudioPlaybackAndRecording,RBSRunningReasonAttribute,RunningReason,23,/System/Library/LifecyclePolicy/DomainAttributes/com.apple.AVAudioDeviceTestService.plist,AudioPlaybackAndRecording/AttributeGroups[0]/Attributes[6]
com.apple.AVAudioDeviceTestService,AudioPlaybackAndRecording,RBSTagAttribute,Tag,SupportsBackgroundAudio,/System/Library/LifecyclePolicy/DomainAttributes/com.apple.AVAudioDeviceTestService.plist,AudioPlaybackAndRecording/AttributeGroups[0]/Attributes[5]
com.apple.AccessibilityUIServer,AXUIServerBackground,OriginatorEntitlement,Entitlement,com.apple.runningboard.AccessibilityUIServer,/System/Library/LifecyclePolicy/DomainAttributes/com.apple.AccessibilityUIServer.plist,AXUIServerBackground/Restriction
com.apple.AccessibilityUIServer,AXUIServerBackground,RBSCPUAccessGrant,Role,RBSRoleNonUserInteractive,/System/Library/LifecyclePolicy/DomainAttributes/com.apple.AccessibilityUIServer.plist,AXUIServerBackground/AttributeGroups[0]/Attributes[0]
com.apple.AccessibilityUIServer,AXUIServerBackground,RBSCoalitionLevelGrant,CoalitionLevel,RBSCoalitionLevelHigh,/System/Library/LifecyclePolicy/DomainAttributes/com.apple.AccessibilityUIServer.plist,AXUIServerBackground/AttributeGroups[0]/Attributes[1]
com.apple.AccessibilityUIServer,AXUIServerBackground,RBSJetsamPriorityGrant,Band,30,/System/Library/LifecyclePolicy/DomainAttributes/com.apple.AccessibilityUIServer.plist,AXUIServerBackground/AttributeGroups[0]/Attributes[2]
com.apple.AccessibilityUIServer,AXUIServerBackground,RBSPreserveBaseMemoryGrant,,,/System/Library/LifecyclePolicy/DomainAttributes/com.apple.AccessibilityUIServer.plist,AXUIServerBackground/AttributeGroups[0]/Attributes[3]
com.apple.AccessibilityUIServer,AXUIServerBackground,RBSRunningReasonAttribute,RunningReason,20412,/System/Library/LifecyclePolicy/DomainAttributes/com.apple.AccessibilityUIServer.plist,AXUIServerBackground/AttributeGroups[0]/Attributes[4]
com.apple.AccessibilityUIServer,LegacyUIOverlay,OriginatorEntitlement,Entitlement,com.apple.runningboard.AccessibilityUIServer,/System/Library/LifecyclePolicy/DomainAttributes/com.apple.AccessibilityUIServer.plist,LegacyUIOverlay/Restriction
com.apple.AccessibilityUIServer,LegacyUIOverlay,RBSBaseMemoryGrant,Category,Active,/System/Library/LifecyclePolicy/DomainAttributes/com.apple.AccessibilityUIServer.plist,LegacyUIOverlay/AttributeGroups[0]/Attributes[4]
com.apple.AccessibilityUIServer,LegacyUIOverlay,RBSBaseMemoryGrant,Strength,RBSMemoryLimitStrengthSoft,/System/Library/LifecyclePolicy/DomainAttributes/com.apple.AccessibilityUIServer.plist,LegacyUIOverlay/AttributeGroups[0]/Attributes[4]
com.apple.AccessibilityUIServer,LegacyUIOverlay,RBSCPUAccessGrant,Role,RBSRoleUserInteractiveNonFocal,/System/Library/LifecyclePolicy/DomainAttributes/com.apple.AccessibilityUIServer.plist,LegacyUIOverlay/AttributeGroups[0]/Attributes[0]
com.apple.AccessibilityUIServer,LegacyUIOverlay,RBSCoalitionLevelGrant,CoalitionLevel,RBSCoalitionLevelHigh,/System/Library/LifecyclePolicy/DomainAttributes/com.apple.AccessibilityUIServer.plist,LegacyUIOverlay/AttributeGroups[0]/Attributes[1]
com.apple.AccessibilityUIServer,LegacyUIOverlay,RBSDefineRelativeStartTimeGrant,,,/System/Library/LifecyclePolicy/DomainAttributes/com.apple.AccessibilityUIServer.plist,LegacyUIOverlay/AttributeGroups[0]/Attributes[6]
com.apple.AccessibilityUIServer,LegacyUIOverlay,RBSGPUAccessGrant,Role,RBSGPURoleUserInteractiveFocal,/System/Library/LifecyclePolicy/DomainAttributes/com.apple.AccessibilityUIServer.plist,LegacyUIOverlay/AttributeGroups[0]/Attributes[3]
com.apple.AccessibilityUIServer,LegacyUIOverlay,RBSJetsamPriorityGrant,Band,100,/System/Library/LifecyclePolicy/DomainAttributes/com.apple.AccessibilityUIServer.plist,LegacyUIOverlay/AttributeGroups[0]/Attributes[2]
com.apple.AccessibilityUIServer,LegacyUIOverlay,RBSResistTerminationGrant,Resistance,RBSTerminationResistanceInteractive,/System/Library/LifecyclePolicy/DomainAttributes/com.apple.AccessibilityUIServer.plist,LegacyUIOverlay/AttributeGroups[0]/Attributes[5]
com.apple.AccessibilityUIServer,LegacyUIOverlay,RBSRunningReasonAttribute,RunningReason,20300,/System/Library/LifecyclePolicy/DomainAttributes/com.apple.AccessibilityUIServer.plist,LegacyUIOverlay/AttributeGroups[0]/Attributes[7]
com.apple.AppStoreComponents,ViewService.postEvents,RBSCPUAccessGrant,Role,RBSRoleBackground,/System/Library/LifecyclePolicy/DomainAttributes/com.apple.AppStoreComponents.plist,ViewService.postEvents/AttributeGroups[0]/Attributes[1]
com.apple.AppStoreComponents,ViewService.postEvents,RBSDurationAttribute,EndPolicy,RBSDurationEndPolicyInvalidate,/System/Library/LifecyclePolicy/DomainAttributes/com.apple.AppStoreComponents.plist,ViewService.postEvents/AttributeGroups[0]/Attributes[0]
com.apple.AppStoreComponents,ViewService.postEvents,RBSDurationAttribute,InvalidationDuration,30,/System/Library/LifecyclePolicy/DomainAttributes/com.apple.AppStoreComponents.plist,ViewService.postEvents/AttributeGroups[0]/Attributes[0]
com.apple.AppStoreComponents,ViewService.postEvents,RBSDurationAttribute,StartPolicy,RBSDurationStartPolicyDelayedRelative,/System/Library/LifecyclePolicy/DomainAttributes/com.apple.AppStoreComponents.plist,ViewService.postEvents/AttributeGroups[0]/Attributes[0]
com.apple.AppStoreComponents,ViewService.postEvents,RBSDurationAttribute,WarningDuration,5,/System/Library/LifecyclePolicy/DomainAttributes/com.apple.AppStoreComponents.plist,ViewService.postEvents/AttributeGroups[0]/Attributes[0]
com.apple.AppStoreComponents,ViewService.postEvents,RBSJetsamPriorityGrant,Band,40,/System/Library/LifecyclePolicy/DomainAttributes/com.apple.AppStoreComponents.plist,ViewService.postEvents/AttributeGroups[0]/Attributes[2]
com.apple.AppStoreComponents,ViewService.postEvents,RBSPreserveBaseMemoryGrant,,,/System/Library/LifecyclePolicy/DomainAttributes/com.apple.AppStoreComponents.plist,ViewService.postEvents/AttributeGroups[0]/Attributes[3]
com.apple.AppStoreComponents,ViewService.postEvents,RBSRunningReasonAttribute,RunningReason,4,/System/Library/LifecyclePolicy/DomainAttributes/com.apple.AppStoreComponents.plist,ViewService.postEvents/AttributeGroups[0]/Attributes[5]
com.apple.AppStoreComponents,ViewService.postEvents,RBSTagAttribute,Tag,SupportsBackgroundAudio,/System/Library/LifecyclePolicy/DomainAttributes/com.apple.AppStoreComponents.plist,ViewService.postEvents/AttributeGroups[0]/Attributes[4]
com.apple.AppStoreComponents,ViewService.postEvents,TargetsSelf,,,/System/Library/LifecyclePolicy/DomainAttributes/com.apple.AppStoreComponents.plist,ViewService.postEvents/Restriction
com.apple.AppleMediaServices,KeepAlive,OriginatorEntitlement,Entitlement,com.apple.private.applemediaservices,/System/Library/LifecyclePolicy/DomainAttributes/com.apple.AppleMediaServices.plist,KeepAlive/Restriction
com.apple.AppleMediaServices,KeepAlive,RBSAcquisitionCompletionAttribute,CompletionPolicy,RBSAcquisitionCompletionPolicyAfterApplication,/System/Library/LifecyclePolicy/DomainAttributes/com.apple.AppleMediaServices.plist,KeepAlive/AttributeGroups[0]/Attributes[5]
com.apple.AppleMediaServices,KeepAlive,RBSCPUAccessGrant,Role,RBSRoleNonUserInteractive,/System/Library/LifecyclePolicy/DomainAttributes/com.apple.AppleMediaServices.plist,KeepAlive/AttributeGroups[0]/Attributes[1]
com.apple.AppleMediaServices,KeepAlive,RBSDurationAttribute,EndPolicy,RBSDurationEndPolicyInvalidate,/System/Library/LifecyclePolicy/DomainAttributes/com.apple.AppleMediaServices.plist,KeepAlive/AttributeGroups[0]/Attributes[0]
com.apple.AppleMediaServices,KeepAlive,RBSDurationAttribute,InvalidationDuration,30,/System/Library/LifecyclePolicy/DomainAttributes/com.apple.AppleMediaServices.plist,KeepAlive/AttributeGroups[0]/Attributes[0]
com.apple.AppleMediaServices,KeepAlive,RBSDurationAttribute,StartPolicy,RBSDurationStartPolicyFixed,/System/Library/LifecyclePolicy/DomainAttributes/com.apple.AppleMediaServices.plist,KeepAlive/AttributeGroups[0]/Attributes[0]
com.apple.AppleMediaServices,KeepAlive,RBSDurationAttribute,WarningDuration,5,/System/Library/LifecyclePolicy/DomainAttributes/com.apple.AppleMediaServices.plist,KeepAlive/AttributeGroups[0]/Attributes[0]
com.apple.AppleMediaServices,KeepAlive,RBSJetsamPriorityGrant,Band,30,/System/Library/LifecyclePolicy/DomainAttributes/com.apple.AppleMediaServices.plist,KeepAlive/AttributeGroups[0]/Attributes[2]
com.apple.AppleMediaServices,KeepAlive,RBSPreserveBaseMemoryGrant,,,/System/Library/LifecyclePolicy/DomainAttributes/com.apple.AppleMediaServices.plist,KeepAlive/AttributeGroups[0]/Attributes[3]
com.apple.AppleMediaServices,KeepAlive,RBSPreventIdleSleepGrant,,,/System/Library/LifecyclePolicy/DomainAttributes/com.apple.AppleMediaServices.plist,KeepAlive/AttributeGroups[0]/Attributes[4]
com.apple.AppleMediaServices,KeepAlive,RBSRunningReasonAttribute,RunningReason,20416,/System/Library/LifecyclePolicy/DomainAttributes/com.apple.AppleMediaServices.plist,KeepAlive/AttributeGroups[0]/Attributes[6]
com.apple.BackgroundAssets,PeriodicWake,OriginatorEntitlement,Entitlement,com.apple.runningboard.assertions.BackgroundAssets,/System/Library/LifecyclePolicy/DomainAttributes/com.apple.BackgroundAssets.plist,PeriodicWake/Restriction
com.apple.BackgroundAssets,PeriodicWake,RBSCPUAccessGrant,Role,RBSRoleNonUserInteractive,/System/Library/LifecyclePolicy/DomainAttributes/com.apple.BackgroundAssets.plist,PeriodicWake/AttributeGroups[0]/Attributes[1]
com.apple.BackgroundAssets,PeriodicWake,RBSCoalitionLevelGrant,CoalitionLevel,RBSCoalitionLevelHigh,/System/Library/LifecyclePolicy/DomainAttributes/com.apple.BackgroundAssets.plist,PeriodicWake/AttributeGroups[0]/Attributes[2]
com.apple.BackgroundAssets,PeriodicWake,RBSDurationAttribute,EndPolicy,RBSDurationEndPolicyTerminate,/System/Library/LifecyclePolicy/DomainAttributes/com.apple.BackgroundAssets.plist,PeriodicWake/AttributeGroups[0]/Attributes[0]
com.apple.BackgroundAssets,PeriodicWake,RBSDurationAttribute,InvalidationDuration,120,/System/Library/LifecyclePolicy/DomainAttributes/com.apple.BackgroundAssets.plist,PeriodicWake/AttributeGroups[0]/Attributes[0]
com.apple.BackgroundAssets,PeriodicWake,RBSDurationAttribute,StartPolicy,RBSDurationStartPolicyDelayedRelative,/System/Library/LifecyclePolicy/DomainAttributes/com.apple.BackgroundAssets.plist,PeriodicWake/AttributeGroups[0]/Attributes[0]
com.apple.BackgroundAssets,PeriodicWake,RBSDurationAttribute,WarningDuration,30,/System/Library/LifecyclePolicy/DomainAttributes/com.apple.BackgroundAssets.plist,PeriodicWake/AttributeGroups[0]/Attributes[0]
com.apple.BackgroundAssets,PeriodicWake,RBSGPUAccessGrant,Role,RBSGPURoleBackground,/System/Library/LifecyclePolicy/DomainAttributes/com.apple.BackgroundAssets.plist,PeriodicWake/AttributeGroups[0]/Attributes[5]
com.apple.BackgroundAssets,PeriodicWake,RBSJetsamPriorityGrant,Band,40,/System/Library/LifecyclePolicy/DomainAttributes/com.apple.BackgroundAssets.plist,PeriodicWake/AttributeGroups[0]/Attributes[3]
com.apple.BackgroundAssets,PeriodicWake,RBSPreserveBaseMemoryGrant,,,/System/Library/LifecyclePolicy/DomainAttributes/com.apple.BackgroundAssets.plist,PeriodicWake/AttributeGroups[0]/Attributes[4]
com.apple.BackgroundAssets,PeriodicWake,RBSRunningReasonAttribute,RunningReason,20413,/System/Library/LifecyclePolicy/DomainAttributes/com.apple.BackgroundAssets.plist,PeriodicWake/AttributeGroups[0]/Attributes[6]
com.apple.CaptiveNetworkSupport,HotspotHelper,OriginatorEntitlement,Entitlement,com.apple.runningboard.assertions.captivenetworksupport,/System/Library/LifecyclePolicy/DomainAttributes/com.apple.CaptiveNetworkSupport.plist,HotspotHelper/Restriction
com.apple.CaptiveNetworkSupport,HotspotHelper,RBSAcquisitionCompletionAttribute,CompletionPolicy,RBSAcquisitionCompletionPolicyAfterApplication,/System/Library/LifecyclePolicy/DomainAttributes/com.apple.CaptiveNetworkSupport.plist,HotspotHelper/AttributeGroups[0]/Attributes[7]
com.apple.CaptiveNetworkSupport,HotspotHelper,RBSBaseMemoryGrant,Category,Active,/System/Library/LifecyclePolicy/DomainAttributes/com.apple.CaptiveNetworkSupport.plist,HotspotHelper/AttributeGroups[0]/Attributes[4]
com.apple.CaptiveNetworkSupport,HotspotHelper,RBSBaseMemoryGrant,Strength,RBSMemoryLimitStrengthSoft,/System/Library/LifecyclePolicy/DomainAttributes/com.apple.CaptiveNetworkSupport.plist,HotspotHelper/AttributeGroups[0]/Attributes[4]
com.apple.CaptiveNetworkSupport,HotspotHelper,RBSCPUAccessGrant,Role,RBSRoleNonUserInteractive,/System/Library/LifecyclePolicy/DomainAttributes/com.apple.CaptiveNetworkSupport.plist,HotspotHelper/AttributeGroups[0]/Attributes[1]
com.apple.CaptiveNetworkSupport,HotspotHelper,RBSCoalitionLevelGrant,CoalitionLevel,RBSCoalitionLevelHigh,/System/Library/LifecyclePolicy/DomainAttributes/com.apple.CaptiveNetworkSupport.plist,HotspotHelper/AttributeGroups[0]/Attributes[2]
com.apple.CaptiveNetworkSupport,HotspotHelper,RBSDefineRelativeStartTimeGrant,,,/System/Library/LifecyclePolicy/DomainAttributes/com.apple.CaptiveNetworkSupport.plist,HotspotHelper/AttributeGroups[0]/Attributes[6]
com.apple.CaptiveNetworkSupport,HotspotHelper,RBSDurationAttribute,EndPolicy,RBSDurationEndPolicyInvalidate,/System/Library/LifecyclePolicy/DomainAttributes/com.apple.CaptiveNetworkSupport.plist,HotspotHelper/AttributeGroups[0]/Attributes[0]
com.apple.CaptiveNetworkSupport,HotspotHelper,RBSDurationAttribute,InvalidationDuration,60,/System/Library/LifecyclePolicy/DomainAttributes/com.apple.CaptiveNetworkSupport.plist,HotspotHelper/AttributeGroups[0]/Attributes[0]
com.apple.CaptiveNetworkSupport,HotspotHelper,RBSDurationAttribute,StartPolicy,RBSDurationStartPolicyFixed,/System/Library/LifecyclePolicy/DomainAttributes/com.apple.CaptiveNetworkSupport.plist,HotspotHelper/AttributeGroups[0]/Attributes[0]
com.apple.CaptiveNetworkSupport,HotspotHelper,RBSDurationAttribute,WarningDuration,15,/System/Library/LifecyclePolicy/DomainAttributes/com.apple.CaptiveNetworkSupport.plist,HotspotHelper/AttributeGroups[0]/Attributes[0]
com.apple.CaptiveNetworkSupport,HotspotHelper,RBSJetsamPriorityGrant,Band,100,/System/Library/LifecyclePolicy/DomainAttributes/com.apple.CaptiveNetworkSupport.plist,HotspotHelper/AttributeGroups[0]/Attributes[3]
com.apple.CaptiveNetworkSupport,HotspotHelper,RBSPreventIdleSleepGrant,,,/System/Library/LifecyclePolicy/DomainAttributes/com.apple.CaptiveNetworkSupport.plist,HotspotHelper/AttributeGroups[0]/Attributes[5]
com.apple.CaptiveNetworkSupport,HotspotHelper,RBSRunningReasonAttribute,RunningReason,20007,/System/Library/LifecyclePolicy/DomainAttributes/com.apple.CaptiveNetworkSupport.plist,HotspotHelper/AttributeGroups[0]/Attributes[8]
com.apple.CoreAudio.HAL,AudioHAL,RBSBaseMemoryGrant,Category,Active,/System/Library/LifecyclePolicy/DomainAttributes/com.apple.CoreAudio.HAL.plist,AudioHAL/AttributeGroups[0]/Attributes[4]
com.apple.CoreAudio.HAL,AudioHAL,RBSBaseMemoryGrant,Strength,RBSMemoryLimitStrengthSoft,/System/Library/LifecyclePolicy/DomainAttributes/com.apple.CoreAudio.HAL.plist,AudioHAL/AttributeGroups[0]/Attributes[4]
com.apple.CoreAudio.HAL,AudioHAL,RBSCPUAccessGrant,Role,RBSRoleUserInteractiveNonFocal,/System/Library/LifecyclePolicy/DomainAttributes/com.apple.CoreAudio.HAL.plist,AudioHAL/AttributeGroups[0]/Attributes[0]
com.apple.CoreAudio.HAL,AudioHAL,RBSCoalitionLevelGrant,CoalitionLevel,RBSCoalitionLevelHigh,/System/Library/LifecyclePolicy/DomainAttributes/com.apple.CoreAudio.HAL.plist,AudioHAL/AttributeGroups[0]/Attributes[1]
com.apple.CoreAudio.HAL,AudioHAL,RBSCoalitionLevelGrant,CoalitionLevel,RBSCoalitionLevelHigh,/System/Library/LifecyclePolicy/DomainAttributes/com.apple.CoreAudio.HAL.plist,AudioHAL/AttributeGroups[0]/Attributes[2]
com.apple.CoreAudio.HAL,AudioHAL,RBSJetsamPriorityGrant,Band,100,/System/Library/LifecyclePolicy/DomainAttributes/com.apple.CoreAudio.HAL.plist,AudioHAL/AttributeGroups[0]/Attributes[3]
com.apple.CoreAudio.HAL,AudioHAL,RBSResistTerminationGrant,Resistance,RBSTerminationResistanceInteractive,/System/Library/LifecyclePolicy/DomainAttributes/com.apple.CoreAudio.HAL.plist,AudioHAL/AttributeGroups[0]/Attributes[5]
com.apple.CoreAudio.HAL,AudioHAL,RBSRunningReasonAttribute,RunningReason,20009.0,/System/Library/LifecyclePolicy/DomainAttributes/com.apple.CoreAudio.HAL.plist,AudioHAL/AttributeGroups[0]/Attributes[6]
com.apple.CoreSimulator.SimRenderingServices,SimMetalHost,OriginatorEntitlement,Entitlement,com.apple.runningboard.SimRenderingServices,/System/Library/LifecyclePolicy/DomainAttributes/com.apple.CoreSimulator.SimRenderingServices.plist,SimMetalHost/Restriction
com.apple.CoreSimulator.SimRenderingServices,SimMetalHost,RBSBaseMemoryGrant,Category,Active,/System/Library/LifecyclePolicy/DomainAttributes/com.apple.CoreSimulator.SimRenderingServices.plist,SimMetalHost/AttributeGroups[0]/Attributes[3]
com.apple.CoreSimulator.SimRenderingServices,SimMetalHost,RBSBaseMemoryGrant,Strength,RBSMemoryLimitStrengthSoft,/System/Library/LifecyclePolicy/DomainAttributes/com.apple.CoreSimulator.SimRenderingServices.plist,SimMetalHost/AttributeGroups[0]/Attributes[3]
com.apple.CoreSimulator.SimRenderingServices,SimMetalHost,RBSCPUAccessGrant,Role,RBSRoleUserInteractiveFocal,/System/Library/LifecyclePolicy/DomainAttributes/com.apple.CoreSimulator.SimRenderingServices.plist,SimMetalHost/AttributeGroups[0]/Attributes[0]
com.apple.CoreSimulator.SimRenderingServices,SimMetalHost,RBSCoalitionLevelGrant,CoalitionLevel,RBSCoalitionLevelHigh,/System/Library/LifecyclePolicy/DomainAttributes/com.apple.CoreSimulator.SimRenderingServices.plist,SimMetalHost/AttributeGroups[0]/Attributes[1]
com.apple.CoreSimulator.SimRenderingServices,SimMetalHost,RBSDefineRelativeStartTimeGrant,,,/System/Library/LifecyclePolicy/DomainAttributes/com.apple.CoreSimulator.SimRenderingServices.plist,SimMetalHost/AttributeGroups[0]/Attributes[6]
com.apple.CoreSimulator.SimRenderingServices,SimMetalHost,RBSGPUAccessGrant,Role,RBSGPURoleUserInteractive,/System/Library/LifecyclePolicy/DomainAttributes/com.apple.CoreSimulator.SimRenderingServices.plist,SimMetalHost/AttributeGroups[0]/Attributes[4]
com.apple.CoreSimulator.SimRenderingServices,SimMetalHost,RBSInvalidateUnderConditionAttribute,Condition,therm,/System/Library/LifecyclePolicy/DomainAttributes/com.apple.CoreSimulator.SimRenderingServices.plist,SimMetalHost/AttributeGroups[0]/Attributes[7]
com.apple.CoreSimulator.SimRenderingServices,SimMetalHost,RBSInvalidateUnderConditionAttribute,MinValue,850,/System/Library/LifecyclePolicy/DomainAttributes/com.apple.CoreSimulator.SimRenderingServices.plist,SimMetalHost/AttributeGroups[0]/Attributes[7]
com.apple.CoreSimulator.SimRenderingServices,SimMetalHost,RBSJetsamPriorityGrant,Band,100,/System/Library/LifecyclePolicy/DomainAttributes/com.apple.CoreSimulator.SimRenderingServices.plist,SimMetalHost/AttributeGroups[0]/Attributes[2]
com.apple.CoreSimulator.SimRenderingServices,SimMetalHost,RBSResistTerminationGrant,Resistance,RBSTerminationResistanceInteractive,/System/Library/LifecyclePolicy/DomainAttributes/com.apple.CoreSimulator.SimRenderingServices.plist,SimMetalHost/AttributeGroups[0]/Attributes[5]
com.apple.CoreSimulator.SimRenderingServices,SimMetalHost,RBSRunningReasonAttribute,RunningReason,20301.0,/System/Library/LifecyclePolicy/DomainAttributes/com.apple.CoreSimulator.SimRenderingServices.plist,SimMetalHost/AttributeGroups[0]/Attributes[8]
com.apple.CoreSimulator.SimRenderingServices,SimRenderServer,OriginatorEntitlement,Entitlement,com.apple.runningboard.SimRenderingServices,/System/Library/LifecyclePolicy/DomainAttributes/com.apple.CoreSimulator.SimRenderingServices.plist,SimRenderServer/Restriction
com.apple.CoreSimulator.SimRenderingServices,SimRenderServer,RBSBaseMemoryGrant,Category,Active,/System/Library/LifecyclePolicy/DomainAttributes/com.apple.CoreSimulator.SimRenderingServices.plist,SimRenderServer/AttributeGroups[0]/Attributes[3]
com.apple.CoreSimulator.SimRenderingServices,SimRenderServer,RBSBaseMemoryGrant,Strength,RBSMemoryLimitStrengthSoft,/System/Library/LifecyclePolicy/DomainAttributes/com.apple.CoreSimulator.SimRenderingServices.plist,SimRenderServer/AttributeGroups[0]/Attributes[3]
com.apple.CoreSimulator.SimRenderingServices,SimRenderServer,RBSCPUAccessGrant,Role,RBSRoleUserInteractiveFocal,/System/Library/LifecyclePolicy/DomainAttributes/com.apple.CoreSimulator.SimRenderingServices.plist,SimRenderServer/AttributeGroups[0]/Attributes[0]
com.apple.CoreSimulator.SimRenderingServices,SimRenderServer,RBSCoalitionLevelGrant,CoalitionLevel,RBSCoalitionLevelHigh,/System/Library/LifecyclePolicy/DomainAttributes/com.apple.CoreSimulator.SimRenderingServices.plist,SimRenderServer/AttributeGroups[0]/Attributes[1]
com.apple.CoreSimulator.SimRenderingServices,SimRenderServer,RBSDefineRelativeStartTimeGrant,,,/System/Library/LifecyclePolicy/DomainAttributes/com.apple.CoreSimulator.SimRenderingServices.plist,SimRenderServer/AttributeGroups[0]/Attributes[6]
com.apple.CoreSimulator.SimRenderingServices,SimRenderServer,RBSGPUAccessGrant,Role,RBSGPURoleUserInteractive,/System/Library/LifecyclePolicy/DomainAttributes/com.apple.CoreSimulator.SimRenderingServices.plist,SimRenderServer/AttributeGroups[0]/Attributes[4]
com.apple.CoreSimulator.SimRenderingServices,SimRenderServer,RBSInvalidateUnderConditionAttribute,Condition,therm,/System/Library/LifecyclePolicy/DomainAttributes/com.apple.CoreSimulator.SimRenderingServices.plist,SimRenderServer/AttributeGroups[0]/Attributes[7]
com.apple.CoreSimulator.SimRenderingServices,SimRenderServer,RBSInvalidateUnderConditionAttribute,MinValue,850,/System/Library/LifecyclePolicy/DomainAttributes/com.apple.CoreSimulator.SimRenderingServices.plist,SimRenderServer/AttributeGroups[0]/Attributes[7]
com.apple.CoreSimulator.SimRenderingServices,SimRenderServer,RBSJetsamPriorityGrant,Band,100,/System/Library/LifecyclePolicy/DomainAttributes/com.apple.CoreSimulator.SimRenderingServices.plist,SimRenderServer/AttributeGroups[0]/Attributes[2]
com.apple.CoreSimulator.SimRenderingServices,SimRenderServer,RBSResistTerminationGrant,Resistance,RBSTerminationResistanceInteractive,/System/Library/LifecyclePolicy/DomainAttributes/com.apple.CoreSimulator.SimRenderingServices.plist,SimRenderServer/AttributeGroups[0]/Attributes[5]
com.apple.CoreSimulator.SimRenderingServices,SimRenderServer,RBSRunningReasonAttribute,RunningReason,20302,/System/Library/LifecyclePolicy/DomainAttributes/com.apple.CoreSimulator.SimRenderingServices.plist,SimRenderServer/AttributeGroups[0]/Attributes[8]
com.apple.DTServiceHub,DeveloperToolsDebugging,OriginatorEntitlement,Entitlement,com.apple.runningboard.developertools,/System/Library/LifecyclePolicy/DomainAttributes/com.apple.DTServiceHub.plist,DeveloperToolsDebugging/Restriction
com.apple.DTServiceHub,DeveloperToolsDebugging,RBSDebugGrant,,,/System/Library/LifecyclePolicy/DomainAttributes/com.apple.DTServiceHub.plist,DeveloperToolsDebugging/AttributeGroups[0]/Attributes[0]
com.apple.DataStudies,Archive-Upload,OriginatorEntitlement,Entitlement,com.apple.runningboard.DataStudies,/System/Library/LifecyclePolicy/DomainAttributes/com.apple.DataStudies.plist,Archive-Upload/Restriction
com.apple.DataStudies,Archive-Upload,RBSAcquisitionCompletionAttribute,CompletionPolicy,RBSAcquisitionCompletionPolicyAfterApplication,/System/Library/LifecyclePolicy/DomainAttributes/com.apple.DataStudies.plist,Archive-Upload/AttributeGroups[0]/Attributes[5]
com.apple.DataStudies,Archive-Upload,RBSBaseMemoryGrant,Category,Active,/System/Library/LifecyclePolicy/DomainAttributes/com.apple.DataStudies.plist,Archive-Upload/AttributeGroups[0]/Attributes[3]
com.apple.DataStudies,Archive-Upload,RBSBaseMemoryGrant,Strength,RBSMemoryLimitStrengthSoft,/System/Library/LifecyclePolicy/DomainAttributes/com.apple.DataStudies.plist,Archive-Upload/AttributeGroups[0]/Attributes[3]
com.apple.DataStudies,Archive-Upload,RBSCPUAccessGrant,Role,RBSRoleUserInteractiveNonFocal,/System/Library/LifecyclePolicy/DomainAttributes/com.apple.DataStudies.plist,Archive-Upload/AttributeGroups[0]/Attributes[1]
com.apple.DataStudies,Archive-Upload,RBSDurationAttribute,EndPolicy,RBSDurationEndPolicyInvalidate,/System/Library/LifecyclePolicy/DomainAttributes/com.apple.DataStudies.plist,Archive-Upload/AttributeGroups[0]/Attributes[0]
com.apple.DataStudies,Archive-Upload,RBSDurationAttribute,InvalidationDuration,3600,/System/Library/LifecyclePolicy/DomainAttributes/com.apple.DataStudies.plist,Archive-Upload/AttributeGroups[0]/Attributes[0]
com.apple.DataStudies,Archive-Upload,RBSDurationAttribute,StartPolicy,RBSDurationStartPolicyFixed,/System/Library/LifecyclePolicy/DomainAttributes/com.apple.DataStudies.plist,Archive-Upload/AttributeGroups[0]/Attributes[0]
com.apple.DataStudies,Archive-Upload,RBSDurationAttribute,WarningDuration,30,/System/Library/LifecyclePolicy/DomainAttributes/com.apple.DataStudies.plist,Archive-Upload/AttributeGroups[0]/Attributes[0]
com.apple.DataStudies,Archive-Upload,RBSJetsamPriorityGrant,Band,100,/System/Library/LifecyclePolicy/DomainAttributes/com.apple.DataStudies.plist,Archive-Upload/AttributeGroups[0]/Attributes[2]
com.apple.DataStudies,Archive-Upload,RBSResistTerminationGrant,Resistance,RBSTerminationResistanceInteractive,/System/Library/LifecyclePolicy/DomainAttributes/com.apple.DataStudies.plist,Archive-Upload/AttributeGroups[0]/Attributes[4]
com.apple.DataStudies,Archive-Upload,RBSRunningReasonAttribute,RunningReason,20703,/System/Library/LifecyclePolicy/DomainAttributes/com.apple.DataStudies.plist,Archive-Upload/AttributeGroups[0]/Attributes[6]
com.apple.DesktopServicesHelper,FileCopy,OriginatorEntitlement,Entitlement,com.apple.runningboard.assertions.desktopserviceshelper,/System/Library/LifecyclePolicy/DomainAttributes/com.apple.DesktopServicesHelper.plist,FileCopy/Restriction
com.apple.DesktopServicesHelper,FileCopy,RBSCPUAccessGrant,Role,RBSRoleBackground,/System/Library/LifecyclePolicy/DomainAttributes/com.apple.DesktopServicesHelper.plist,FileCopy/AttributeGroups[0]/Attributes[0]
com.apple.DesktopServicesHelper,FileCopy,RBSDefineRelativeStartTimeGrant,,,/System/Library/LifecyclePolicy/DomainAttributes/com.apple.DesktopServicesHelper.plist,FileCopy/AttributeGroups[0]/Attributes[4]
com.apple.DesktopServicesHelper,FileCopy,RBSJetsamPriorityGrant,Band,40,/System/Library/LifecyclePolicy/DomainAttributes/com.apple.DesktopServicesHelper.plist,FileCopy/AttributeGroups[0]/Attributes[1]
com.apple.DesktopServicesHelper,FileCopy,RBSPreserveBaseMemoryGrant,,,/System/Library/LifecyclePolicy/DomainAttributes/com.apple.DesktopServicesHelper.plist,FileCopy/AttributeGroups[0]/Attributes[2]
com.apple.DesktopServicesHelper,FileCopy,RBSResistTerminationGrant,Resistance,RBSTerminationResistanceNonInteractive,/System/Library/LifecyclePolicy/DomainAttributes/com.apple.DesktopServicesHelper.plist,FileCopy/AttributeGroups[0]/Attributes[3]
com.apple.DesktopServicesHelper,FileCopy,RBSRunningReasonAttribute,RunningReason,20015.0,/System/Library/LifecyclePolicy/DomainAttributes/com.apple.DesktopServicesHelper.plist,FileCopy/AttributeGroups[0]/Attributes[5]
com.apple.FaceTime,FaceTimeNotification,OriginatorEntitlement,Entitlement,com.apple.runningboard.facetime,/System/Library/LifecyclePolicy/DomainAttributes/com.apple.FaceTime.plist,FaceTimeNotification/Restriction
com.apple.FaceTime,FaceTimeNotification,RBSBaseMemoryGrant,Category,Active,/System/Library/LifecyclePolicy/DomainAttributes/com.apple.FaceTime.plist,FaceTimeNotification/AttributeGroups[0]/Attributes[2]
com.apple.FaceTime,FaceTimeNotification,RBSBaseMemoryGrant,Strength,RBSMemoryLimitStrengthSoft,/System/Library/LifecyclePolicy/DomainAttributes/com.apple.FaceTime.plist,FaceTimeNotification/AttributeGroups[0]/Attributes[2]
com.apple.FaceTime,FaceTimeNotification,RBSCPUAccessGrant,Role,RBSRoleUserInteractiveFocal,/System/Library/LifecyclePolicy/DomainAttributes/com.apple.FaceTime.plist,FaceTimeNotification/AttributeGroups[0]/Attributes[0]
com.apple.FaceTime,FaceTimeNotification,RBSInvalidateUnderConditionAttribute,Condition,therm,/System/Library/LifecyclePolicy/DomainAttributes/com.apple.FaceTime.plist,FaceTimeNotification/AttributeGroups[0]/Attributes[3]
com.apple.FaceTime,FaceTimeNotification,RBSInvalidateUnderConditionAttribute,MinValue,860,/System/Library/LifecyclePolicy/DomainAttributes/com.apple.FaceTime.plist,FaceTimeNotification/AttributeGroups[0]/Attributes[3]
com.apple.FaceTime,FaceTimeNotification,RBSJetsamPriorityGrant,Band,100,/System/Library/LifecyclePolicy/DomainAttributes/com.apple.FaceTime.plist,FaceTimeNotification/AttributeGroups[0]/Attributes[1]
com.apple.FaceTime,FaceTimeNotification,RBSRunningReasonAttribute,RunningReason,20620,/System/Library/LifecyclePolicy/DomainAttributes/com.apple.FaceTime.plist,FaceTimeNotification/AttributeGroups[0]/Attributes[4]
com.apple.FileProvider,FileProviderBackground,OriginatorEntitlement,Entitlement,com.apple.runningboard.assertions.fileprovider,/System/Library/LifecyclePolicy/DomainAttributes/com.apple.FileProvider.plist,FileProviderBackground/Restriction
com.apple.FileProvider,FileProviderBackground,RBSCPUAccessGrant,Role,RBSRoleNonUserInteractive,/System/Library/LifecyclePolicy/DomainAttributes/com.apple.FileProvider.plist,FileProviderBackground/AttributeGroups[0]/Attributes[0]
com.apple.FileProvider,FileProviderBackground,RBSCoalitionLevelGrant,CoalitionLevel,RBSCoalitionLevelHigh,/System/Library/LifecyclePolicy/DomainAttributes/com.apple.FileProvider.plist,FileProviderBackground/AttributeGroups[0]/Attributes[1]
com.apple.FileProvider,FileProviderBackground,RBSDefineRelativeStartTimeGrant,,,/System/Library/LifecyclePolicy/DomainAttributes/com.apple.FileProvider.plist,FileProviderBackground/AttributeGroups[0]/Attributes[4]
com.apple.FileProvider,FileProviderBackground,RBSJetsamPriorityGrant,Band,40,/System/Library/LifecyclePolicy/DomainAttributes/com.apple.FileProvider.plist,FileProviderBackground/AttributeGroups[0]/Attributes[2]
com.apple.FileProvider,FileProviderBackground,RBSMimicTaskSuspensionAttribute,,,/System/Library/LifecyclePolicy/DomainAttributes/com.apple.FileProvider.plist,FileProviderBackground/AttributeGroups[0]/Attributes[5]
com.apple.FileProvider,FileProviderBackground,RBSPreserveBaseMemoryGrant,,,/System/Library/LifecyclePolicy/DomainAttributes/com.apple.FileProvider.plist,FileProviderBackground/AttributeGroups[0]/Attributes[3]
com.apple.FileProvider,FileProviderBackground,RBSRunningReasonAttribute,RunningReason,22,/System/Library/LifecyclePolicy/DomainAttributes/com.apple.FileProvider.plist,FileProviderBackground/AttributeGroups[0]/Attributes[6]
com.apple.FileProvider,FileProviderForeground,OriginatorEntitlement,Entitlement,com.apple.runningboard.assertions.fileprovider,/System/Library/LifecyclePolicy/DomainAttributes/com.apple.FileProvider.plist,FileProviderForeground/Restriction
com.apple.FileProvider,FileProviderForeground,RBSBaseMemoryGrant,Category,Active,/System/Library/LifecyclePolicy/DomainAttributes/com.apple.FileProvider.plist,FileProviderForeground/AttributeGroups[0]/Attributes[3]
com.apple.FileProvider,FileProviderForeground,RBSBaseMemoryGrant,Strength,RBSMemoryLimitStrengthSoft,/System/Library/LifecyclePolicy/DomainAttributes/com.apple.FileProvider.plist,FileProviderForeground/AttributeGroups[0]/Attributes[3]
com.apple.FileProvider,FileProviderForeground,RBSCPUAccessGrant,Role,RBSRoleUserInteractiveNonFocal,/System/Library/LifecyclePolicy/DomainAttributes/com.apple.FileProvider.plist,FileProviderForeground/AttributeGroups[0]/Attributes[0]
com.apple.FileProvider,FileProviderForeground,RBSCoalitionLevelGrant,CoalitionLevel,RBSCoalitionLevelHigh,/System/Library/LifecyclePolicy/DomainAttributes/com.apple.FileProvider.plist,FileProviderForeground/AttributeGroups[0]/Attributes[1]
com.apple.FileProvider,FileProviderForeground,RBSDefineRelativeStartTimeGrant,,,/System/Library/LifecyclePolicy/DomainAttributes/com.apple.FileProvider.plist,FileProviderForeground/AttributeGroups[0]/Attributes[5]
com.apple.FileProvider,FileProviderForeground,RBSJetsamPriorityGrant,Band,100,/System/Library/LifecyclePolicy/DomainAttributes/com.apple.FileProvider.plist,FileProviderForeground/AttributeGroups[0]/Attributes[2]
com.apple.FileProvider,FileProviderForeground,RBSJetsamPriorityGrant,Band,40,/System/Library/LifecyclePolicy/DomainAttributes/com.apple.FileProvider.plist,FileProviderForeground/AttributeGroups[1]/Attributes[0]
com.apple.FileProvider,FileProviderForeground,RBSMimicTaskSuspensionAttribute,,,/System/Library/LifecyclePolicy/DomainAttributes/com.apple.FileProvider.plist,FileProviderForeground/AttributeGroups[0]/Attributes[6]
com.apple.FileProvider,FileProviderForeground,RBSResistTerminationGrant,Resistance,RBSTerminationResistanceInteractive,/System/Library/LifecyclePolicy/DomainAttributes/com.apple.FileProvider.plist,FileProviderForeground/AttributeGroups[0]/Attributes[4]
com.apple.FileProvider,FileProviderForeground,RBSRunningReasonAttribute,RunningReason,7,/System/Library/LifecyclePolicy/DomainAttributes/com.apple.FileProvider.plist,FileProviderForeground/AttributeGroups[0]/Attributes[8]
com.apple.FileProvider,FileProviderForeground,RBSTagAttribute,Tag,SupportsBackgroundAudio,/System/Library/LifecyclePolicy/DomainAttributes/com.apple.FileProvider.plist,FileProviderForeground/AttributeGroups[0]/Attributes[7]
com.apple.GameKit,MaintainConnection,RBSCPUAccessGrant,Role,RBSRoleBackground,/System/Library/LifecyclePolicy/DomainAttributes/com.apple.GameKit.plist,MaintainConnection/AttributeGroups[0]/Attributes[1]
com.apple.GameKit,MaintainConnection,RBSDurationAttribute,EndPolicy,RBSDurationEndPolicyInvalidate,/System/Library/LifecyclePolicy/DomainAttributes/com.apple.GameKit.plist,MaintainConnection/AttributeGroups[0]/Attributes[0]
com.apple.GameKit,MaintainConnection,RBSDurationAttribute,InvalidationDuration,90,/System/Library/LifecyclePolicy/DomainAttributes/com.apple.GameKit.plist,MaintainConnection/AttributeGroups[0]/Attributes[0]
com.apple.GameKit,MaintainConnection,RBSDurationAttribute,StartPolicy,RBSDurationStartPolicyDelayedRelative,/System/Library/LifecyclePolicy/DomainAttributes/com.apple.GameKit.plist,MaintainConnection/AttributeGroups[0]/Attributes[0]
com.apple.GameKit,MaintainConnection,RBSDurationAttribute,WarningDuration,5,/System/Library/LifecyclePolicy/DomainAttributes/com.apple.GameKit.plist,MaintainConnection/AttributeGroups[0]/Attributes[0]
com.apple.GameKit,MaintainConnection,RBSJetsamPriorityGrant,Band,40,/System/Library/LifecyclePolicy/DomainAttributes/com.apple.GameKit.plist,MaintainConnection/AttributeGroups[0]/Attributes[2]
com.apple.GameKit,MaintainConnection,RBSPreserveBaseMemoryGrant,,,/System/Library/LifecyclePolicy/DomainAttributes/com.apple.GameKit.plist,MaintainConnection/AttributeGroups[0]/Attributes[3]
com.apple.GameKit,MaintainConnection,RBSRunningReasonAttribute,RunningReason,20307,/System/Library/LifecyclePolicy/DomainAttributes/com.apple.GameKit.plist,MaintainConnection/AttributeGroups[0]/Attributes[5]
com.apple.GameKit,MaintainConnection,RBSTagAttribute,Tag,SupportsBackgroundAudio,/System/Library/LifecyclePolicy/DomainAttributes/com.apple.GameKit.plist,MaintainConnection/AttributeGroups[0]/Attributes[4]
com.apple.GameKit,MaintainConnection,TargetsSelf,,,/System/Library/LifecyclePolicy/DomainAttributes/com.apple.GameKit.plist,MaintainConnection/Restriction
com.apple.GroupSessionService,FastSync,OriginatorEntitlement,Entitlement,com.apple.runningboard.GroupSessionService,/System/Library/LifecyclePolicy/DomainAttributes/com.apple.GroupSessionService.plist,FastSync/Restriction
com.apple.GroupSessionService,FastSync,RBSCPUAccessGrant,Role,RBSRoleUserInteractiveNonFocal,/System/Library/LifecyclePolicy/DomainAttributes/com.apple.GroupSessionService.plist,FastSync/AttributeGroups[0]/Attributes[1]
com.apple.GroupSessionService,FastSync,RBSCoalitionLevelGrant,CoalitionLevel,RBSCoalitionLevelHigh,/System/Library/LifecyclePolicy/DomainAttributes/com.apple.GroupSessionService.plist,FastSync/AttributeGroups[0]/Attributes[2]
com.apple.GroupSessionService,FastSync,RBSDurationAttribute,EndPolicy,RBSDurationEndPolicyInvalidate,/System/Library/LifecyclePolicy/DomainAttributes/com.apple.GroupSessionService.plist,FastSync/AttributeGroups[0]/Attributes[0]
com.apple.GroupSessionService,FastSync,RBSDurationAttribute,InvalidationDuration,60,/System/Library/LifecyclePolicy/DomainAttributes/com.apple.GroupSessionService.plist,FastSync/AttributeGroups[0]/Attributes[0]
com.apple.GroupSessionService,FastSync,RBSDurationAttribute,StartPolicy,RBSDurationStartPolicyDelayedRelative,/System/Library/LifecyclePolicy/DomainAttributes/com.apple.GroupSessionService.plist,FastSync/AttributeGroups[0]/Attributes[0]
com.apple.GroupSessionService,FastSync,RBSDurationAttribute,WarningDuration,5,/System/Library/LifecyclePolicy/DomainAttributes/com.apple.GroupSessionService.plist,FastSync/AttributeGroups[0]/Attributes[0]
com.apple.GroupSessionService,FastSync,RBSJetsamPriorityGrant,Band,40,/System/Library/LifecyclePolicy/DomainAttributes/com.apple.GroupSessionService.plist,FastSync/AttributeGroups[0]/Attributes[3]
com.apple.GroupSessionService,FastSync,RBSPreserveBaseMemoryGrant,,,/System/Library/LifecyclePolicy/DomainAttributes/com.apple.GroupSessionService.plist,FastSync/AttributeGroups[0]/Attributes[4]
com.apple.GroupSessionService,FastSync,RBSRunningReasonAttribute,RunningReason,20409,/System/Library/LifecyclePolicy/DomainAttributes/com.apple.GroupSessionService.plist,FastSync/AttributeGroups[0]/Attributes[5]
com.apple.JetEngine,KeepAlive,OriginatorEntitlement,Entitlement,com.apple.runningboard.jetengine,/System/Library/LifecyclePolicy/DomainAttributes/com.apple.JetEngine.plist,KeepAlive/Restriction
com.apple.JetEngine,KeepAlive,RBSAcquisitionCompletionAttribute,CompletionPolicy,RBSAcquisitionCompletionPolicyAfterApplication,/System/Library/LifecyclePolicy/DomainAttributes/com.apple.JetEngine.plist,KeepAlive/AttributeGroups[0]/Attributes[6]
com.apple.JetEngine,KeepAlive,RBSCPUAccessGrant,Role,RBSRoleBackground,/System/Library/LifecyclePolicy/DomainAttributes/com.apple.JetEngine.plist,KeepAlive/AttributeGroups[0]/Attributes[1]
com.apple.JetEngine,KeepAlive,RBSDurationAttribute,EndPolicy,RBSDurationEndPolicyInvalidate,/System/Library/LifecyclePolicy/DomainAttributes/com.apple.JetEngine.plist,KeepAlive/AttributeGroups[0]/Attributes[0]
com.apple.JetEngine,KeepAlive,RBSDurationAttribute,InvalidationDuration,30,/System/Library/LifecyclePolicy/DomainAttributes/com.apple.JetEngine.plist,KeepAlive/AttributeGroups[0]/Attributes[0]
com.apple.JetEngine,KeepAlive,RBSDurationAttribute,StartPolicy,RBSDurationStartPolicyFixed,/System/Library/LifecyclePolicy/DomainAttributes/com.apple.JetEngine.plist,KeepAlive/AttributeGroups[0]/Attributes[0]
com.apple.JetEngine,KeepAlive,RBSDurationAttribute,WarningDuration,5,/System/Library/LifecyclePolicy/DomainAttributes/com.apple.JetEngine.plist,KeepAlive/AttributeGroups[0]/Attributes[0]
com.apple.JetEngine,KeepAlive,RBSJetsamPriorityGrant,Band,40,/System/Library/LifecyclePolicy/DomainAttributes/com.apple.JetEngine.plist,KeepAlive/AttributeGroups[0]/Attributes[3]
com.apple.JetEngine,KeepAlive,RBSPreserveBaseMemoryGrant,,,/System/Library/LifecyclePolicy/DomainAttributes/com.apple.JetEngine.plist,KeepAlive/AttributeGroups[0]/Attributes[4]
com.apple.JetEngine,KeepAlive,RBSPreventIdleSleepGrant,,,/System/Library/LifecyclePolicy/DomainAttributes/com.apple.JetEngine.plist,KeepAlive/AttributeGroups[0]/Attributes[5]
com.apple.JetEngine,KeepAlive,RBSRunningReasonAttribute,RunningReason,20608,/System/Library/LifecyclePolicy/DomainAttributes/com.apple.JetEngine.plist,KeepAlive/AttributeGroups[0]/Attributes[7]
com.apple.JetEngine,KeepAlive,RBSSuspendableCPUGrant,Role,RBSRoleUserInteractive,/System/Library/LifecyclePolicy/DomainAttributes/com.apple.JetEngine.plist,KeepAlive/AttributeGroups[0]/Attributes[2]
com.apple.JetPerformanceTools,EndTracing,OriginatorEntitlement,Entitlement,com.apple.runningboard.JetPerformanceTools,/System/Library/LifecyclePolicy/DomainAttributes/com.apple.JetPerformanceTools.plist,EndTracing/Restriction
com.apple.JetPerformanceTools,EndTracing,RBSAcquisitionCompletionAttribute,CompletionPolicy,RBSAcquisitionCompletionPolicyAfterApplication,/System/Library/LifecyclePolicy/DomainAttributes/com.apple.JetPerformanceTools.plist,EndTracing/AttributeGroups[0]/Attributes[6]
com.apple.JetPerformanceTools,EndTracing,RBSBaseMemoryGrant,Category,Active,/System/Library/LifecyclePolicy/DomainAttributes/com.apple.JetPerformanceTools.plist,EndTracing/AttributeGroups[0]/Attributes[4]
com.apple.JetPerformanceTools,EndTracing,RBSBaseMemoryGrant,Strength,RBSMemoryLimitStrengthSoft,/System/Library/LifecyclePolicy/DomainAttributes/com.apple.JetPerformanceTools.plist,EndTracing/AttributeGroups[0]/Attributes[4]
com.apple.JetPerformanceTools,EndTracing,RBSCPUAccessGrant,Role,RBSRoleNonUserInteractive,/System/Library/LifecyclePolicy/DomainAttributes/com.apple.JetPerformanceTools.plist,EndTracing/AttributeGroups[0]/Attributes[1]
com.apple.JetPerformanceTools,EndTracing,RBSCoalitionLevelGrant,CoalitionLevel,RBSCoalitionLevelHigh,/System/Library/LifecyclePolicy/DomainAttributes/com.apple.JetPerformanceTools.plist,EndTracing/AttributeGroups[0]/Attributes[2]
com.apple.JetPerformanceTools,EndTracing,RBSDurationAttribute,EndPolicy,RBSDurationEndPolicyInvalidate,/System/Library/LifecyclePolicy/DomainAttributes/com.apple.JetPerformanceTools.plist,EndTracing/AttributeGroups[0]/Attributes[0]
com.apple.JetPerformanceTools,EndTracing,RBSDurationAttribute,InvalidationDuration,300,/System/Library/LifecyclePolicy/DomainAttributes/com.apple.JetPerformanceTools.plist,EndTracing/AttributeGroups[0]/Attributes[0]
com.apple.JetPerformanceTools,EndTracing,RBSDurationAttribute,StartPolicy,RBSDurationStartPolicyFixed,/System/Library/LifecyclePolicy/DomainAttributes/com.apple.JetPerformanceTools.plist,EndTracing/AttributeGroups[0]/Attributes[0]
com.apple.JetPerformanceTools,EndTracing,RBSDurationAttribute,WarningDuration,10,/System/Library/LifecyclePolicy/DomainAttributes/com.apple.JetPerformanceTools.plist,EndTracing/AttributeGroups[0]/Attributes[0]
com.apple.JetPerformanceTools,EndTracing,RBSJetsamPriorityGrant,Band,100,/System/Library/LifecyclePolicy/DomainAttributes/com.apple.JetPerformanceTools.plist,EndTracing/AttributeGroups[0]/Attributes[3]
com.apple.JetPerformanceTools,EndTracing,RBSResistTerminationGrant,Resistance,RBSTerminationResistanceInteractive,/System/Library/LifecyclePolicy/DomainAttributes/com.apple.JetPerformanceTools.plist,EndTracing/AttributeGroups[0]/Attributes[5]
com.apple.JetPerformanceTools,EndTracing,RBSRunningReasonAttribute,RunningReason,20509,/System/Library/LifecyclePolicy/DomainAttributes/com.apple.JetPerformanceTools.plist,EndTracing/AttributeGroups[0]/Attributes[7]
com.apple.MGAgent,AppReview,OriginatorEntitlement,Entitlement,com.apple.runningboard.MGAgent,/System/Library/LifecyclePolicy/DomainAttributes/com.apple.MGAgent.plist,AppReview/Restriction
com.apple.MGAgent,AppReview,RBSBaseMemoryGrant,Category,Active,/System/Library/LifecyclePolicy/DomainAttributes/com.apple.MGAgent.plist,AppReview/AttributeGroups[0]/Attributes[3]
com.apple.MGAgent,AppReview,RBSBaseMemoryGrant,Strength,RBSMemoryLimitStrengthSoft,/System/Library/LifecyclePolicy/DomainAttributes/com.apple.MGAgent.plist,AppReview/AttributeGroups[0]/Attributes[3]
com.apple.MGAgent,AppReview,RBSCPUAccessGrant,Role,RBSRoleNonUserInteractive,/System/Library/LifecyclePolicy/DomainAttributes/com.apple.MGAgent.plist,AppReview/AttributeGroups[0]/Attributes[0]
com.apple.MGAgent,AppReview,RBSCoalitionLevelGrant,CoalitionLevel,RBSCoalitionLevelHigh,/System/Library/LifecyclePolicy/DomainAttributes/com.apple.MGAgent.plist,AppReview/AttributeGroups[0]/Attributes[1]
com.apple.MGAgent,AppReview,RBSDefineRelativeStartTimeGrant,,,/System/Library/LifecyclePolicy/DomainAttributes/com.apple.MGAgent.plist,AppReview/AttributeGroups[0]/Attributes[5]
com.apple.MGAgent,AppReview,RBSGPUAccessGrant,Role,RBSGPURoleBackground,/System/Library/LifecyclePolicy/DomainAttributes/com.apple.MGAgent.plist,AppReview/AttributeGroups[0]/Attributes[4]
com.apple.MGAgent,AppReview,RBSJetsamPriorityGrant,Band,100,/System/Library/LifecyclePolicy/DomainAttributes/com.apple.MGAgent.plist,AppReview/AttributeGroups[0]/Attributes[2]
com.apple.MGAgent,AppReview,RBSRunningReasonAttribute,RunningReason,20222,/System/Library/LifecyclePolicy/DomainAttributes/com.apple.MGAgent.plist,AppReview/AttributeGroups[0]/Attributes[6]
com.apple.MediaPlayer.RemotePlayerService,PlaybackEnginePrep,OriginatorEntitlement,Entitlement,com.apple.runningboard.remoteplayerservice,/System/Library/LifecyclePolicy/DomainAttributes/com.apple.MediaPlayer.RemotePlayerService.plist,PlaybackEnginePrep/Restriction
com.apple.MediaPlayer.RemotePlayerService,PlaybackEnginePrep,RBSBaseMemoryGrant,Category,Active,/System/Library/LifecyclePolicy/DomainAttributes/com.apple.MediaPlayer.RemotePlayerService.plist,PlaybackEnginePrep/AttributeGroups[0]/Attributes[4]
com.apple.MediaPlayer.RemotePlayerService,PlaybackEnginePrep,RBSBaseMemoryGrant,Strength,RBSMemoryLimitStrengthSoft,/System/Library/LifecyclePolicy/DomainAttributes/com.apple.MediaPlayer.RemotePlayerService.plist,PlaybackEnginePrep/AttributeGroups[0]/Attributes[4]
com.apple.MediaPlayer.RemotePlayerService,PlaybackEnginePrep,RBSCPUAccessGrant,Role,RBSRoleUserInteractiveNonFocal,/System/Library/LifecyclePolicy/DomainAttributes/com.apple.MediaPlayer.RemotePlayerService.plist,PlaybackEnginePrep/AttributeGroups[0]/Attributes[1]
com.apple.MediaPlayer.RemotePlayerService,PlaybackEnginePrep,RBSCoalitionLevelGrant,CoalitionLevel,RBSCoalitionLevelHigh,/System/Library/LifecyclePolicy/DomainAttributes/com.apple.MediaPlayer.RemotePlayerService.plist,PlaybackEnginePrep/AttributeGroups[0]/Attributes[2]
com.apple.MediaPlayer.RemotePlayerService,PlaybackEnginePrep,RBSDurationAttribute,EndPolicy,RBSDurationEndPolicyInvalidate,/System/Library/LifecyclePolicy/DomainAttributes/com.apple.MediaPlayer.RemotePlayerService.plist,PlaybackEnginePrep/AttributeGroups[0]/Attributes[0]
com.apple.MediaPlayer.RemotePlayerService,PlaybackEnginePrep,RBSDurationAttribute,InvalidationDuration,30,/System/Library/LifecyclePolicy/DomainAttributes/com.apple.MediaPlayer.RemotePlayerService.plist,PlaybackEnginePrep/AttributeGroups[0]/Attributes[0]
com.apple.MediaPlayer.RemotePlayerService,PlaybackEnginePrep,RBSDurationAttribute,StartPolicy,RBSDurationStartPolicyDelayedRelative,/System/Library/LifecyclePolicy/DomainAttributes/com.apple.MediaPlayer.RemotePlayerService.plist,PlaybackEnginePrep/AttributeGroups[0]/Attributes[0]
com.apple.MediaPlayer.RemotePlayerService,PlaybackEnginePrep,RBSDurationAttribute,WarningDuration,5,/System/Library/LifecyclePolicy/DomainAttributes/com.apple.MediaPlayer.RemotePlayerService.plist,PlaybackEnginePrep/AttributeGroups[0]/Attributes[0]
com.apple.MediaPlayer.RemotePlayerService,PlaybackEnginePrep,RBSJetsamPriorityGrant,Band,100,/System/Library/LifecyclePolicy/DomainAttributes/com.apple.MediaPlayer.RemotePlayerService.plist,PlaybackEnginePrep/AttributeGroups[0]/Attributes[3]
com.apple.MediaPlayer.RemotePlayerService,PlaybackEnginePrep,RBSRunningReasonAttribute,RunningReason,20256,/System/Library/LifecyclePolicy/DomainAttributes/com.apple.MediaPlayer.RemotePlayerService.plist,PlaybackEnginePrep/AttributeGroups[0]/Attributes[5]
com.apple.PassbookUIService,AngelReply,OriginatorEntitlement,Entitlement,com.apple.runningboard.assertions.PassbookUIService,/System/Library/LifecyclePolicy/DomainAttributes/com.apple.PassbookUIService.plist,AngelReply/Restriction
com.apple.PassbookUIService,AngelReply,RBSCPUAccessGrant,Role,RBSRoleBackground,/System/Library/LifecyclePolicy/DomainAttributes/com.apple.PassbookUIService.plist,AngelReply/AttributeGroups[0]/Attributes[1]
com.apple.PassbookUIService,AngelReply,RBSDurationAttribute,EndPolicy,RBSDurationEndPolicyInvalidate,/System/Library/LifecyclePolicy/DomainAttributes/com.apple.PassbookUIService.plist,AngelReply/AttributeGroups[0]/Attributes[0]
com.apple.PassbookUIService,AngelReply,RBSDurationAttribute,InvalidationDuration,10,/System/Library/LifecyclePolicy/DomainAttributes/com.apple.PassbookUIService.plist,AngelReply/AttributeGroups[0]/Attributes[0]
com.apple.PassbookUIService,AngelReply,RBSDurationAttribute,StartPolicy,RBSDurationStartPolicyDelayedRelative,/System/Library/LifecyclePolicy/DomainAttributes/com.apple.PassbookUIService.plist,AngelReply/AttributeGroups[0]/Attributes[0]
com.apple.PassbookUIService,AngelReply,RBSDurationAttribute,WarningDuration,2,/System/Library/LifecyclePolicy/DomainAttributes/com.apple.PassbookUIService.plist,AngelReply/AttributeGroups[0]/Attributes[0]
com.apple.PassbookUIService,AngelReply,RBSJetsamPriorityGrant,Band,40,/System/Library/LifecyclePolicy/DomainAttributes/com.apple.PassbookUIService.plist,AngelReply/AttributeGroups[0]/Attributes[2]
com.apple.PassbookUIService,AngelReply,RBSPreserveBaseMemoryGrant,,,/System/Library/LifecyclePolicy/DomainAttributes/com.apple.PassbookUIService.plist,AngelReply/AttributeGroups[0]/Attributes[3]
com.apple.PassbookUIService,AngelReply,RBSRunningReasonAttribute,RunningReason,20308,/System/Library/LifecyclePolicy/DomainAttributes/com.apple.PassbookUIService.plist,AngelReply/AttributeGroups[0]/Attributes[4]
com.apple.PassbookUIService,JetsamBoost,OriginatorEntitlement,Entitlement,com.apple.runningboard.assertions.PassbookUIService,/System/Library/LifecyclePolicy/DomainAttributes/com.apple.PassbookUIService.plist,JetsamBoost/Restriction
com.apple.PassbookUIService,JetsamBoost,RBSJetsamPriorityGrant,Band,20,/System/Library/LifecyclePolicy/DomainAttributes/com.apple.PassbookUIService.plist,JetsamBoost/AttributeGroups[0]/Attributes[0]
com.apple.PassbookUIService,JetsamBoost,RBSPreserveBaseMemoryGrant,,,/System/Library/LifecyclePolicy/DomainAttributes/com.apple.PassbookUIService.plist,JetsamBoost/AttributeGroups[0]/Attributes[1]
com.apple.PassbookUIService,LaunchAssist,OriginatorEntitlement,Entitlement,com.apple.runningboard.assertions.PassbookUIService,/System/Library/LifecyclePolicy/DomainAttributes/com.apple.PassbookUIService.plist,LaunchAssist/Restriction
com.apple.PassbookUIService,LaunchAssist,RBSBaseMemoryGrant,Category,Active,/System/Library/LifecyclePolicy/DomainAttributes/com.apple.PassbookUIService.plist,LaunchAssist/AttributeGroups[0]/Attributes[4]
com.apple.PassbookUIService,LaunchAssist,RBSBaseMemoryGrant,Strength,RBSMemoryLimitStrengthSoft,/System/Library/LifecyclePolicy/DomainAttributes/com.apple.PassbookUIService.plist,LaunchAssist/AttributeGroups[0]/Attributes[4]
com.apple.PassbookUIService,LaunchAssist,RBSCPUAccessGrant,Role,RBSRoleUserInteractiveNonFocal,/System/Library/LifecyclePolicy/DomainAttributes/com.apple.PassbookUIService.plist,LaunchAssist/AttributeGroups[0]/Attributes[1]
com.apple.PassbookUIService,LaunchAssist,RBSCoalitionLevelGrant,CoalitionLevel,RBSCoalitionLevelHigh,/System/Library/LifecyclePolicy/DomainAttributes/com.apple.PassbookUIService.plist,LaunchAssist/AttributeGroups[0]/Attributes[2]
com.apple.PassbookUIService,LaunchAssist,RBSDefineRelativeStartTimeGrant,,,/System/Library/LifecyclePolicy/DomainAttributes/com.apple.PassbookUIService.plist,LaunchAssist/AttributeGroups[0]/Attributes[6]
com.apple.PassbookUIService,LaunchAssist,RBSDurationAttribute,EndPolicy,RBSDurationEndPolicyInvalidate,/System/Library/LifecyclePolicy/DomainAttributes/com.apple.PassbookUIService.plist,LaunchAssist/AttributeGroups[0]/Attributes[0]
com.apple.PassbookUIService,LaunchAssist,RBSDurationAttribute,InvalidationDuration,10,/System/Library/LifecyclePolicy/DomainAttributes/com.apple.PassbookUIService.plist,LaunchAssist/AttributeGroups[0]/Attributes[0]
com.apple.PassbookUIService,LaunchAssist,RBSDurationAttribute,StartPolicy,RBSDurationStartPolicyFixed,/System/Library/LifecyclePolicy/DomainAttributes/com.apple.PassbookUIService.plist,LaunchAssist/AttributeGroups[0]/Attributes[0]
com.apple.PassbookUIService,LaunchAssist,RBSDurationAttribute,WarningDuration,5,/System/Library/LifecyclePolicy/DomainAttributes/com.apple.PassbookUIService.plist,LaunchAssist/AttributeGroups[0]/Attributes[0]
com.apple.PassbookUIService,LaunchAssist,RBSJetsamPriorityGrant,Band,100,/System/Library/LifecyclePolicy/DomainAttributes/com.apple.PassbookUIService.plist,LaunchAssist/AttributeGroups[0]/Attributes[3]
com.apple.PassbookUIService,LaunchAssist,RBSPreventIdleSleepGrant,,,/System/Library/LifecyclePolicy/DomainAttributes/com.apple.PassbookUIService.plist,LaunchAssist/AttributeGroups[0]/Attributes[5]
com.apple.PassbookUIService,LaunchAssist,RBSRunningReasonAttribute,RunningReason,20005.0,/System/Library/LifecyclePolicy/DomainAttributes/com.apple.PassbookUIService.plist,LaunchAssist/AttributeGroups[0]/Attributes[7]
com.apple.PerformanceTrace,traceActive,OriginatorEntitlement,Entitlement,com.apple.PerformanceTrace.Tracing,/System/Library/LifecyclePolicy/DomainAttributes/com.apple.PerformanceTrace.plist,traceActive/Restriction
com.apple.PerformanceTrace,traceActive,RBSCPUAccessGrant,Role,RBSRoleNonUserInteractive,/System/Library/LifecyclePolicy/DomainAttributes/com.apple.PerformanceTrace.plist,traceActive/AttributeGroups[0]/Attributes[1]
com.apple.PerformanceTrace,traceActive,RBSCoalitionLevelGrant,CoalitionLevel,RBSCoalitionLevelHigh,/System/Library/LifecyclePolicy/DomainAttributes/com.apple.PerformanceTrace.plist,traceActive/AttributeGroups[0]/Attributes[2]
com.apple.PerformanceTrace,traceActive,RBSDurationAttribute,EndPolicy,RBSDurationEndPolicyInvalidate,/System/Library/LifecyclePolicy/DomainAttributes/com.apple.PerformanceTrace.plist,traceActive/AttributeGroups[0]/Attributes[0]
com.apple.PerformanceTrace,traceActive,RBSDurationAttribute,InvalidationDuration,600,/System/Library/LifecyclePolicy/DomainAttributes/com.apple.PerformanceTrace.plist,traceActive/AttributeGroups[0]/Attributes[0]
com.apple.PerformanceTrace,traceActive,RBSDurationAttribute,StartPolicy,RBSDurationStartPolicyDelayedRelative,/System/Library/LifecyclePolicy/DomainAttributes/com.apple.PerformanceTrace.plist,traceActive/AttributeGroups[0]/Attributes[0]
com.apple.PerformanceTrace,traceActive,RBSDurationAttribute,WarningDuration,5,/System/Library/LifecyclePolicy/DomainAttributes/com.apple.PerformanceTrace.plist,traceActive/AttributeGroups[0]/Attributes[0]
com.apple.PerformanceTrace,traceActive,RBSJetsamPriorityGrant,Band,90,/System/Library/LifecyclePolicy/DomainAttributes/com.apple.PerformanceTrace.plist,traceActive/AttributeGroups[0]/Attributes[3]
com.apple.PerformanceTrace,traceActive,RBSPreserveBaseMemoryGrant,,,/System/Library/LifecyclePolicy/DomainAttributes/com.apple.PerformanceTrace.plist,traceActive/AttributeGroups[0]/Attributes[4]
com.apple.PerformanceTrace,traceActive,RBSResistTerminationGrant,Resistance,RBSTerminationResistanceInteractive,/System/Library/LifecyclePolicy/DomainAttributes/com.apple.PerformanceTrace.plist,traceActive/AttributeGroups[0]/Attributes[5]
com.apple.PerformanceTrace,traceActive,RBSRunningReasonAttribute,RunningReason,20402,/System/Library/LifecyclePolicy/DomainAttributes/com.apple.PerformanceTrace.plist,traceActive/AttributeGroups[0]/Attributes[6]
com.apple.PosterKit,FinishRender,OriginatorExtensionPoint,ExtensionPoint,com.apple.posterkit.provider,/System/Library/LifecyclePolicy/DomainAttributes/com.apple.PosterKit.plist,FinishRender/Restriction
com.apple.PosterKit,FinishRender,RBSAcquisitionCompletionAttribute,CompletionPolicy,RBSAcquisitionCompletionPolicyAfterApplication,/System/Library/LifecyclePolicy/DomainAttributes/com.apple.PosterKit.plist,FinishRender/AttributeGroups[0]/Attributes[7]
com.apple.PosterKit,FinishRender,RBSCPUAccessGrant,Role,RBSRoleUserInteractiveNonFocal,/System/Library/LifecyclePolicy/DomainAttributes/com.apple.PosterKit.plist,FinishRender/AttributeGroups[0]/Attributes[1]
com.apple.PosterKit,FinishRender,RBSDurationAttribute,EndPolicy,RBSDurationEndPolicyInvalidate,/System/Library/LifecyclePolicy/DomainAttributes/com.apple.PosterKit.plist,FinishRender/AttributeGroups[0]/Attributes[0]
com.apple.PosterKit,FinishRender,RBSDurationAttribute,InvalidationDuration,10,/System/Library/LifecyclePolicy/DomainAttributes/com.apple.PosterKit.plist,FinishRender/AttributeGroups[0]/Attributes[0]
com.apple.PosterKit,FinishRender,RBSDurationAttribute,StartPolicy,RBSDurationStartPolicyDelayedRelative,/System/Library/LifecyclePolicy/DomainAttributes/com.apple.PosterKit.plist,FinishRender/AttributeGroups[0]/Attributes[0]
com.apple.PosterKit,FinishRender,RBSDurationAttribute,WarningDuration,2,/System/Library/LifecyclePolicy/DomainAttributes/com.apple.PosterKit.plist,FinishRender/AttributeGroups[0]/Attributes[0]
com.apple.PosterKit,FinishRender,RBSGPUAccessGrant,Role,RBSGPURoleUserInteractive,/System/Library/LifecyclePolicy/DomainAttributes/com.apple.PosterKit.plist,FinishRender/AttributeGroups[0]/Attributes[4]
com.apple.PosterKit,FinishRender,RBSJetsamPriorityGrant,Band,40,/System/Library/LifecyclePolicy/DomainAttributes/com.apple.PosterKit.plist,FinishRender/AttributeGroups[0]/Attributes[2]
com.apple.PosterKit,FinishRender,RBSPreserveBaseMemoryGrant,,,/System/Library/LifecyclePolicy/DomainAttributes/com.apple.PosterKit.plist,FinishRender/AttributeGroups[0]/Attributes[3]
com.apple.PosterKit,FinishRender,RBSPreventIdleSleepGrant,,,/System/Library/LifecyclePolicy/DomainAttributes/com.apple.PosterKit.plist,FinishRender/AttributeGroups[0]/Attributes[5]
com.apple.PosterKit,FinishRender,RBSRunningReasonAttribute,RunningReason,4,/System/Library/LifecyclePolicy/DomainAttributes/com.apple.PosterKit.plist,FinishRender/AttributeGroups[0]/Attributes[8]
com.apple.PosterKit,FinishRender,RBSTagAttribute,Tag,SupportsBackgroundAudio,/System/Library/LifecyclePolicy/DomainAttributes/com.apple.PosterKit.plist,FinishRender/AttributeGroups[0]/Attributes[6]
com.apple.PosterKit,FinishRenderEntitled,OriginatorExtensionPoint,ExtensionPoint,com.apple.posterkit.provider,/System/Library/LifecyclePolicy/DomainAttributes/com.apple.PosterKit.plist,FinishRenderEntitled/Restriction
com.apple.PosterKit,FinishRenderEntitled,RBSAcquisitionCompletionAttribute,CompletionPolicy,RBSAcquisitionCompletionPolicyAfterApplication,/System/Library/LifecyclePolicy/DomainAttributes/com.apple.PosterKit.plist,FinishRenderEntitled/AttributeGroups[0]/Attributes[7]
com.apple.PosterKit,FinishRenderEntitled,RBSCPUAccessGrant,Role,RBSRoleUserInteractiveFocal,/System/Library/LifecyclePolicy/DomainAttributes/com.apple.PosterKit.plist,FinishRenderEntitled/AttributeGroups[0]/Attributes[1]
com.apple.PosterKit,FinishRenderEntitled,RBSDurationAttribute,EndPolicy,RBSDurationEndPolicyInvalidate,/System/Library/LifecyclePolicy/DomainAttributes/com.apple.PosterKit.plist,FinishRenderEntitled/AttributeGroups[0]/Attributes[0]
com.apple.PosterKit,FinishRenderEntitled,RBSDurationAttribute,InvalidationDuration,10,/System/Library/LifecyclePolicy/DomainAttributes/com.apple.PosterKit.plist,FinishRenderEntitled/AttributeGroups[0]/Attributes[0]
com.apple.PosterKit,FinishRenderEntitled,RBSDurationAttribute,StartPolicy,RBSDurationStartPolicyDelayedRelative,/System/Library/LifecyclePolicy/DomainAttributes/com.apple.PosterKit.plist,FinishRenderEntitled/AttributeGroups[0]/Attributes[0]
com.apple.PosterKit,FinishRenderEntitled,RBSDurationAttribute,WarningDuration,2,/System/Library/LifecyclePolicy/DomainAttributes/com.apple.PosterKit.plist,FinishRenderEntitled/AttributeGroups[0]/Attributes[0]
com.apple.PosterKit,FinishRenderEntitled,RBSGPUAccessGrant,Role,RBSGPURoleUserInteractive,/System/Library/LifecyclePolicy/DomainAttributes/com.apple.PosterKit.plist,FinishRenderEntitled/AttributeGroups[0]/Attributes[4]
com.apple.PosterKit,FinishRenderEntitled,RBSJetsamPriorityGrant,Band,40,/System/Library/LifecyclePolicy/DomainAttributes/com.apple.PosterKit.plist,FinishRenderEntitled/AttributeGroups[0]/Attributes[2]
com.apple.PosterKit,FinishRenderEntitled,RBSPreserveBaseMemoryGrant,,,/System/Library/LifecyclePolicy/DomainAttributes/com.apple.PosterKit.plist,FinishRenderEntitled/AttributeGroups[0]/Attributes[3]
com.apple.PosterKit,FinishRenderEntitled,RBSPreventIdleSleepGrant,,,/System/Library/LifecyclePolicy/DomainAttributes/com.apple.PosterKit.plist,FinishRenderEntitled/AttributeGroups[0]/Attributes[5]
com.apple.PosterKit,FinishRenderEntitled,RBSRunningReasonAttribute,RunningReason,4,/System/Library/LifecyclePolicy/DomainAttributes/com.apple.PosterKit.plist,FinishRenderEntitled/AttributeGroups[0]/Attributes[8]
com.apple.PosterKit,FinishRenderEntitled,RBSTagAttribute,Tag,SupportsBackgroundAudio,/System/Library/LifecyclePolicy/DomainAttributes/com.apple.PosterKit.plist,FinishRenderEntitled/AttributeGroups[0]/Attributes[6]
com.apple.StickerKit.StickerPickerService.prewarm,StickerPickerServicePrewarm,RBSCPUAccessGrant,Role,RBSRoleNonUserInteractive,/System/Library/LifecyclePolicy/DomainAttributes/com.apple.StickerKit.StickerPickerService.prewarm.plist,StickerPickerServicePrewarm/AttributeGroups[0]/Attributes[1]
com.apple.StickerKit.StickerPickerService.prewarm,StickerPickerServicePrewarm,RBSDurationAttribute,EndPolicy,RBSDurationEndPolicyInvalidate,/System/Library/LifecyclePolicy/DomainAttributes/com.apple.StickerKit.StickerPickerService.prewarm.plist,StickerPickerServicePrewarm/AttributeGroups[0]/Attributes[0]
com.apple.StickerKit.StickerPickerService.prewarm,StickerPickerServicePrewarm,RBSDurationAttribute,InvalidationDuration,30,/System/Library/LifecyclePolicy/DomainAttributes/com.apple.StickerKit.StickerPickerService.prewarm.plist,StickerPickerServicePrewarm/AttributeGroups[0]/Attributes[0]
com.apple.StickerKit.StickerPickerService.prewarm,StickerPickerServicePrewarm,RBSDurationAttribute,StartPolicy,RBSDurationStartPolicyFixed,/System/Library/LifecyclePolicy/DomainAttributes/com.apple.StickerKit.StickerPickerService.prewarm.plist,StickerPickerServicePrewarm/AttributeGroups[0]/Attributes[0]
com.apple.StickerKit.StickerPickerService.prewarm,StickerPickerServicePrewarm,RBSDurationAttribute,WarningDuration,5,/System/Library/LifecyclePolicy/DomainAttributes/com.apple.StickerKit.StickerPickerService.prewarm.plist,StickerPickerServicePrewarm/AttributeGroups[0]/Attributes[0]
com.apple.StickerKit.StickerPickerService.prewarm,StickerPickerServicePrewarm,RBSJetsamPriorityGrant,Band,90,/System/Library/LifecyclePolicy/DomainAttributes/com.apple.StickerKit.StickerPickerService.prewarm.plist,StickerPickerServicePrewarm/AttributeGroups[0]/Attributes[2]
com.apple.StickerKit.StickerPickerService.prewarm,StickerPickerServicePrewarm,RBSMimicTaskSuspensionAttribute,,,/System/Library/LifecyclePolicy/DomainAttributes/com.apple.StickerKit.StickerPickerService.prewarm.plist,StickerPickerServicePrewarm/AttributeGroups[0]/Attributes[4]
com.apple.StickerKit.StickerPickerService.prewarm,StickerPickerServicePrewarm,RBSPreserveBaseMemoryGrant,,,/System/Library/LifecyclePolicy/DomainAttributes/com.apple.StickerKit.StickerPickerService.prewarm.plist,StickerPickerServicePrewarm/AttributeGroups[0]/Attributes[3]
com.apple.StickerKit.StickerPickerService.prewarm,StickerPickerServicePrewarm,RBSRunningReasonAttribute,RunningReason,20607,/System/Library/LifecyclePolicy/DomainAttributes/com.apple.StickerKit.StickerPickerService.prewarm.plist,StickerPickerServicePrewarm/AttributeGroups[0]/Attributes[5]
com.apple.StickerKit.StickerPickerService.prewarm,StickerPickerServicePrewarm,TargetEntitlement,Entitlement,com.apple.runningboard.stickerpickerserviceprewarm,/System/Library/LifecyclePolicy/DomainAttributes/com.apple.StickerKit.StickerPickerService.prewarm.plist,StickerPickerServicePrewarm/Restriction
com.apple.VoiceOver,SpeechSynthesizer,OriginatorEntitlement,Entitlement,com.apple.runningboard.VoiceOver,/System/Library/LifecyclePolicy/DomainAttributes/com.apple.VoiceOver.plist,SpeechSynthesizer/Restriction
com.apple.VoiceOver,SpeechSynthesizer,RBSBaseMemoryGrant,Category,Active,/System/Library/LifecyclePolicy/DomainAttributes/com.apple.VoiceOver.plist,SpeechSynthesizer/AttributeGroups[0]/Attributes[3]
com.apple.VoiceOver,SpeechSynthesizer,RBSBaseMemoryGrant,Strength,RBSMemoryLimitStrengthSoft,/System/Library/LifecyclePolicy/DomainAttributes/com.apple.VoiceOver.plist,SpeechSynthesizer/AttributeGroups[0]/Attributes[3]
com.apple.VoiceOver,SpeechSynthesizer,RBSCPUAccessGrant,Role,RBSRoleUserInteractiveFocal,/System/Library/LifecyclePolicy/DomainAttributes/com.apple.VoiceOver.plist,SpeechSynthesizer/AttributeGroups[0]/Attributes[0]
com.apple.VoiceOver,SpeechSynthesizer,RBSCoalitionLevelGrant,CoalitionLevel,RBSCoalitionLevelHigh,/System/Library/LifecyclePolicy/DomainAttributes/com.apple.VoiceOver.plist,SpeechSynthesizer/AttributeGroups[0]/Attributes[1]
com.apple.VoiceOver,SpeechSynthesizer,RBSGPUAccessGrant,Role,RBSGPURoleUserInteractiveFocal,/System/Library/LifecyclePolicy/DomainAttributes/com.apple.VoiceOver.plist,SpeechSynthesizer/AttributeGroups[0]/Attributes[4]
com.apple.VoiceOver,SpeechSynthesizer,RBSJetsamPriorityGrant,Band,100,/System/Library/LifecyclePolicy/DomainAttributes/com.apple.VoiceOver.plist,SpeechSynthesizer/AttributeGroups[0]/Attributes[2]
com.apple.VoiceOver,SpeechSynthesizer,RBSMimicTaskSuspensionAttribute,,,/System/Library/LifecyclePolicy/DomainAttributes/com.apple.VoiceOver.plist,SpeechSynthesizer/AttributeGroups[0]/Attributes[6]
com.apple.VoiceOver,SpeechSynthesizer,RBSResistTerminationGrant,Resistance,RBSTerminationResistanceInteractive,/System/Library/LifecyclePolicy/DomainAttributes/com.apple.VoiceOver.plist,SpeechSynthesizer/AttributeGroups[0]/Attributes[5]
com.apple.VoiceOver,SpeechSynthesizer,RBSRunningReasonAttribute,RunningReason,20427,/System/Library/LifecyclePolicy/DomainAttributes/com.apple.VoiceOver.plist,SpeechSynthesizer/AttributeGroups[0]/Attributes[7]
com.apple.accessoryd,OneTime,OriginatorEntitlement,Entitlement,com.apple.runningboard.accessoryd,/System/Library/LifecyclePolicy/DomainAttributes/com.apple.accessoryd.plist,OneTime/Restriction
com.apple.accessoryd,OneTime,RBSCPUAccessGrant,Role,RBSRoleBackground,/System/Library/LifecyclePolicy/DomainAttributes/com.apple.accessoryd.plist,OneTime/AttributeGroups[0]/Attributes[0]
com.apple.accessoryd,OneTime,RBSDefineRelativeStartTimeGrant,,,/System/Library/LifecyclePolicy/DomainAttributes/com.apple.accessoryd.plist,OneTime/AttributeGroups[0]/Attributes[4]
com.apple.accessoryd,OneTime,RBSGPUAccessGrant,Role,RBSGPURoleBackground,/System/Library/LifecyclePolicy/DomainAttributes/com.apple.accessoryd.plist,OneTime/AttributeGroups[0]/Attributes[3]
com.apple.accessoryd,OneTime,RBSInvalidateUnderConditionAttribute,Condition,therm,/System/Library/LifecyclePolicy/DomainAttributes/com.apple.accessoryd.plist,OneTime/AttributeGroups[0]/Attributes[5]
com.apple.accessoryd,OneTime,RBSInvalidateUnderConditionAttribute,MinValue,840,/System/Library/LifecyclePolicy/DomainAttributes/com.apple.accessoryd.plist,OneTime/AttributeGroups[0]/Attributes[5]
com.apple.accessoryd,OneTime,RBSJetsamPriorityGrant,Band,40,/System/Library/LifecyclePolicy/DomainAttributes/com.apple.accessoryd.plist,OneTime/AttributeGroups[0]/Attributes[1]
com.apple.accessoryd,OneTime,RBSPreserveBaseMemoryGrant,,,/System/Library/LifecyclePolicy/DomainAttributes/com.apple.accessoryd.plist,OneTime/AttributeGroups[0]/Attributes[2]
com.apple.accessoryd,OneTime,RBSRunningReasonAttribute,RunningReason,20019,/System/Library/LifecyclePolicy/DomainAttributes/com.apple.accessoryd.plist,OneTime/AttributeGroups[0]/Attributes[6]
com.apple.appleevents,Send,OriginatorEntitlement,Entitlement,com.apple.runningboard.assertions.appleevents,/System/Library/LifecyclePolicy/DomainAttributes/com.apple.appleevents.plist,Send/Restriction
com.apple.appleevents,Send,RBSCPUAccessGrant,Role,RBSRoleUserInteractiveNonFocal,/System/Library/LifecyclePolicy/DomainAttributes/com.apple.appleevents.plist,Send/AttributeGroups[0]/Attributes[1]
com.apple.appleevents,Send,RBSCoalitionLevelGrant,CoalitionLevel,RBSCoalitionLevelHigh,/System/Library/LifecyclePolicy/DomainAttributes/com.apple.appleevents.plist,Send/AttributeGroups[0]/Attributes[2]
com.apple.appleevents,Send,RBSDurationAttribute,EndPolicy,RBSDurationEndPolicyInvalidate,/System/Library/LifecyclePolicy/DomainAttributes/com.apple.appleevents.plist,Send/AttributeGroups[0]/Attributes[0]
com.apple.appleevents,Send,RBSDurationAttribute,InvalidationDuration,5,/System/Library/LifecyclePolicy/DomainAttributes/com.apple.appleevents.plist,Send/AttributeGroups[0]/Attributes[0]
com.apple.appleevents,Send,RBSDurationAttribute,StartPolicy,RBSDurationStartPolicyFixed,/System/Library/LifecyclePolicy/DomainAttributes/com.apple.appleevents.plist,Send/AttributeGroups[0]/Attributes[0]
com.apple.appleevents,Send,RBSDurationAttribute,WarningDuration,0,/System/Library/LifecyclePolicy/DomainAttributes/com.apple.appleevents.plist,Send/AttributeGroups[0]/Attributes[0]
com.apple.appleevents,Send,RBSRunningReasonAttribute,RunningReason,20210,/System/Library/LifecyclePolicy/DomainAttributes/com.apple.appleevents.plist,Send/AttributeGroups[0]/Attributes[3]
com.apple.appnap,AppDrawing,RBSAppNapInactiveGrant,,,/System/Library/LifecyclePolicy/DomainAttributes/com.apple.appnap.plist,AppDrawing/AttributeGroups[0]/Attributes[0]
com.apple.appnap,AppDrawing,RBSAppNapPreventBackgroundSocketsGrant,,,/System/Library/LifecyclePolicy/DomainAttributes/com.apple.appnap.plist,AppDrawing/AttributeGroups[0]/Attributes[1]
com.apple.appnap,AppDrawing,RBSAppNapPreventDiskThrottleGrant,,,/System/Library/LifecyclePolicy/DomainAttributes/com.apple.appnap.plist,AppDrawing/AttributeGroups[0]/Attributes[2]
com.apple.appnap,AppDrawing,RBSAppNapPreventLowPriorityCPUGrant,,,/System/Library/LifecyclePolicy/DomainAttributes/com.apple.appnap.plist,AppDrawing/AttributeGroups[0]/Attributes[3]
com.apple.appnap,AppDrawing,RBSAppNapPreventSuppressedCPUGrant,,,/System/Library/LifecyclePolicy/DomainAttributes/com.apple.appnap.plist,AppDrawing/AttributeGroups[0]/Attributes[4]
com.apple.appnap,AppDrawing,RBSAppNapPreventTimerThrottleGrant,Tier,RBSAppNapPreventTimerThrottleTier0,/System/Library/LifecyclePolicy/DomainAttributes/com.apple.appnap.plist,AppDrawing/AttributeGroups[0]/Attributes[5]
com.apple.appnap,AppVisible,RBSAppNapPreventTimerThrottleGrant,Tier,RBSAppNapPreventTimerThrottleTier4,/System/Library/LifecyclePolicy/DomainAttributes/com.apple.appnap.plist,AppVisible/AttributeGroups[0]/Attributes[1]
com.apple.appnap,AppVisible,RBSCPUAccessGrant,Role,RBSRoleBackground,/System/Library/LifecyclePolicy/DomainAttributes/com.apple.appnap.plist,AppVisible/AttributeGroups[0]/Attributes[0]
com.apple.appnap,AppVisible,RBSRunningReasonAttribute,RunningReason,20242,/System/Library/LifecyclePolicy/DomainAttributes/com.apple.appnap.plist,AppVisible/AttributeGroups[0]/Attributes[2]
com.apple.appnap,Enable,RBSAppNapEnableGrant,,,/System/Library/LifecyclePolicy/DomainAttributes/com.apple.appnap.plist,Enable/AttributeGroups[0]/Attributes[0]
com.apple.appnap,Enable,TargetsSelf,,,/System/Library/LifecyclePolicy/DomainAttributes/com.apple.appnap.plist,Enable/Restriction
com.apple.appnap,Inactive,RBSAppNapInactiveGrant,,,/System/Library/LifecyclePolicy/DomainAttributes/com.apple.appnap.plist,Inactive/AttributeGroups[0]/Attributes[1]
com.apple.appnap,Inactive,RBSCPUAccessGrant,Role,RBSRoleBackground,/System/Library/LifecyclePolicy/DomainAttributes/com.apple.appnap.plist,Inactive/AttributeGroups[0]/Attributes[0]
com.apple.appnap,Inactive,RBSRunningReasonAttribute,RunningReason,20243,/System/Library/LifecyclePolicy/DomainAttributes/com.apple.appnap.plist,Inactive/AttributeGroups[0]/Attributes[2]
com.apple.appnap,Inactive,TargetsSelf,,,/System/Library/LifecyclePolicy/DomainAttributes/com.apple.appnap.plist,Inactive/Restriction
com.apple.appnap,PowerAssertion,RBSAppNapInactiveGrant,,,/System/Library/LifecyclePolicy/DomainAttributes/com.apple.appnap.plist,PowerAssertion/AttributeGroups[0]/Attributes[1]
com.apple.appnap,PowerAssertion,RBSAppNapPreventLowPriorityCPUGrant,,,/System/Library/LifecyclePolicy/DomainAttributes/com.apple.appnap.plist,PowerAssertion/AttributeGroups[0]/Attributes[2]
com.apple.appnap,PowerAssertion,RBSAppNapPreventTimerThrottleGrant,Tier,RBSAppNapPreventTimerThrottleTier0,/System/Library/LifecyclePolicy/DomainAttributes/com.apple.appnap.plist,PowerAssertion/AttributeGroups[0]/Attributes[3]
com.apple.appnap,PowerAssertion,RBSCPUAccessGrant,Role,RBSRoleBackground,/System/Library/LifecyclePolicy/DomainAttributes/com.apple.appnap.plist,PowerAssertion/AttributeGroups[0]/Attributes[0]
com.apple.appnap,PowerAssertion,RBSRunningReasonAttribute,RunningReason,20244,/System/Library/LifecyclePolicy/DomainAttributes/com.apple.appnap.plist,PowerAssertion/AttributeGroups[0]/Attributes[4]
com.apple.appnap,PreventBackgroundSockets,RBSAppNapPreventBackgroundSocketsGrant,,,/System/Library/LifecyclePolicy/DomainAttributes/com.apple.appnap.plist,PreventBackgroundSockets/AttributeGroups[0]/Attributes[0]
com.apple.appnap,PreventBackgroundSockets,TargetsSelf,,,/System/Library/LifecyclePolicy/DomainAttributes/com.apple.appnap.plist,PreventBackgroundSockets/Restriction
com.apple.appnap,PreventDiskThrottle,RBSAppNapPreventDiskThrottleGrant,,,/System/Library/LifecyclePolicy/DomainAttributes/com.apple.appnap.plist,PreventDiskThrottle/AttributeGroups[0]/Attributes[0]
com.apple.appnap,PreventDiskThrottle,TargetsSelf,,,/System/Library/LifecyclePolicy/DomainAttributes/com.apple.appnap.plist,PreventDiskThrottle/Restriction
com.apple.appnap,PreventLowPriorirtyCPU,RBSAppNapPreventLowPriorityCPUGrant,,,/System/Library/LifecyclePolicy/DomainAttributes/com.apple.appnap.plist,PreventLowPriorirtyCPU/AttributeGroups[0]/Attributes[0]
com.apple.appnap,PreventLowPriorirtyCPU,TargetsSelf,,,/System/Library/LifecyclePolicy/DomainAttributes/com.apple.appnap.plist,PreventLowPriorirtyCPU/Restriction
com.apple.appnap,PreventSuppressedCPU,RBSAppNapPreventSuppressedCPUGrant,,,/System/Library/LifecyclePolicy/DomainAttributes/com.apple.appnap.plist,PreventSuppressedCPU/AttributeGroups[0]/Attributes[0]
com.apple.appnap,PreventSuppressedCPU,TargetsSelf,,,/System/Library/LifecyclePolicy/DomainAttributes/com.apple.appnap.plist,PreventSuppressedCPU/Restriction
com.apple.appnap,PreventTimerThrottleTier0,RBSAppNapPreventTimerThrottleGrant,Tier,RBSAppNapPreventTimerThrottleTier0,/System/Library/LifecyclePolicy/DomainAttributes/com.apple.appnap.plist,PreventTimerThrottleTier0/AttributeGroups[0]/Attributes[0]
com.apple.appnap,PreventTimerThrottleTier0,TargetsSelf,,,/System/Library/LifecyclePolicy/DomainAttributes/com.apple.appnap.plist,PreventTimerThrottleTier0/Restriction
com.apple.appnap,PreventTimerThrottleTier1,RBSAppNapPreventTimerThrottleGrant,Tier,RBSAppNapPreventTimerThrottleTier1,/System/Library/LifecyclePolicy/DomainAttributes/com.apple.appnap.plist,PreventTimerThrottleTier1/AttributeGroups[0]/Attributes[0]
com.apple.appnap,PreventTimerThrottleTier1,TargetsSelf,,,/System/Library/LifecyclePolicy/DomainAttributes/com.apple.appnap.plist,PreventTimerThrottleTier1/Restriction
com.apple.appnap,PreventTimerThrottleTier2,RBSAppNapPreventTimerThrottleGrant,Tier,RBSAppNapPreventTimerThrottleTier2,/System/Library/LifecyclePolicy/DomainAttributes/com.apple.appnap.plist,PreventTimerThrottleTier2/AttributeGroups[0]/Attributes[0]
com.apple.appnap,PreventTimerThrottleTier2,TargetsSelf,,,/System/Library/LifecyclePolicy/DomainAttributes/com.apple.appnap.plist,PreventTimerThrottleTier2/Restriction
com.apple.appnap,PreventTimerThrottleTier3,RBSAppNapPreventTimerThrottleGrant,Tier,RBSAppNapPreventTimerThrottleTier3,/System/Library/LifecyclePolicy/DomainAttributes/com.apple.appnap.plist,PreventTimerThrottleTier3/AttributeGroups[0]/Attributes[0]
com.apple.appnap,PreventTimerThrottleTier3,TargetsSelf,,,/System/Library/LifecyclePolicy/DomainAttributes/com.apple.appnap.plist,PreventTimerThrottleTier3/Restriction
com.apple.appnap,PreventTimerThrottleTier4,RBSAppNapPreventTimerThrottleGrant,Tier,RBSAppNapPreventTimerThrottleTier4,/System/Library/LifecyclePolicy/DomainAttributes/com.apple.appnap.plist,PreventTimerThrottleTier4/AttributeGroups[0]/Attributes[0]
com.apple.appnap,PreventTimerThrottleTier4,TargetsSelf,,,/System/Library/LifecyclePolicy/DomainAttributes/com.apple.appnap.plist,PreventTimerThrottleTier4/Restriction
com.apple.appnap,PreventTimerThrottleTier5,RBSAppNapPreventTimerThrottleGrant,Tier,RBSAppNapPreventTimerThrottleTier5,/System/Library/LifecyclePolicy/DomainAttributes/com.apple.appnap.plist,PreventTimerThrottleTier5/AttributeGroups[0]/Attributes[0]
com.apple.appnap,PreventTimerThrottleTier5,TargetsSelf,,,/System/Library/LifecyclePolicy/DomainAttributes/com.apple.appnap.plist,PreventTimerThrottleTier5/Restriction
com.apple.audioAccessoryAssetManagement,AudioAccessoryAssetManagement,RBSCPUAccessGrant,Role,RBSRoleUserInteractiveFocal,/System/Library/LifecyclePolicy/DomainAttributes/com.apple.audioAccessoryAssetManagement.plist,AudioAccessoryAssetManagement/AttributeGroups[0]/Attributes[1]
com.apple.audioAccessoryAssetManagement,AudioAccessoryAssetManagement,RBSDurationAttribute,EndPolicy,RBSDurationEndPolicyInvalidate,/System/Library/LifecyclePolicy/DomainAttributes/com.apple.audioAccessoryAssetManagement.plist,AudioAccessoryAssetManagement/AttributeGroups[0]/Attributes[0]
com.apple.audioAccessoryAssetManagement,AudioAccessoryAssetManagement,RBSDurationAttribute,InvalidationDuration,15,/System/Library/LifecyclePolicy/DomainAttributes/com.apple.audioAccessoryAssetManagement.plist,AudioAccessoryAssetManagement/AttributeGroups[0]/Attributes[0]
com.apple.audioAccessoryAssetManagement,AudioAccessoryAssetManagement,RBSDurationAttribute,StartPolicy,RBSDurationStartPolicyFixed,/System/Library/LifecyclePolicy/DomainAttributes/com.apple.audioAccessoryAssetManagement.plist,AudioAccessoryAssetManagement/AttributeGroups[0]/Attributes[0]
com.apple.audioAccessoryAssetManagement,AudioAccessoryAssetManagement,RBSDurationAttribute,WarningDuration,2,/System/Library/LifecyclePolicy/DomainAttributes/com.apple.audioAccessoryAssetManagement.plist,AudioAccessoryAssetManagement/AttributeGroups[0]/Attributes[0]
com.apple.audioAccessoryAssetManagement,AudioAccessoryAssetManagement,RBSJetsamPriorityGrant,Band,40,/System/Library/LifecyclePolicy/DomainAttributes/com.apple.audioAccessoryAssetManagement.plist,AudioAccessoryAssetManagement/AttributeGroups[0]/Attributes[2]
com.apple.audioAccessoryAssetManagement,AudioAccessoryAssetManagement,RBSPreserveBaseMemoryGrant,,,/System/Library/LifecyclePolicy/DomainAttributes/com.apple.audioAccessoryAssetManagement.plist,AudioAccessoryAssetManagement/AttributeGroups[0]/Attributes[3]
com.apple.audioAccessoryAssetManagement,AudioAccessoryAssetManagement,RBSPreventIdleSleepGrant,,,/System/Library/LifecyclePolicy/DomainAttributes/com.apple.audioAccessoryAssetManagement.plist,AudioAccessoryAssetManagement/AttributeGroups[0]/Attributes[5]
com.apple.audioAccessoryAssetManagement,AudioAccessoryAssetManagement,RBSResistTerminationGrant,Resistance,RBSTerminationResistanceInteractive,/System/Library/LifecyclePolicy/DomainAttributes/com.apple.audioAccessoryAssetManagement.plist,AudioAccessoryAssetManagement/AttributeGroups[0]/Attributes[4]
com.apple.audioAccessoryAssetManagement,AudioAccessoryAssetManagement,RBSRunningReasonAttribute,RunningReason,20827,/System/Library/LifecyclePolicy/DomainAttributes/com.apple.audioAccessoryAssetManagement.plist,AudioAccessoryAssetManagement/AttributeGroups[0]/Attributes[6]
com.apple.audioAccessoryAssetManagement,AudioAccessoryAssetManagement,TargetsHosted,,,/System/Library/LifecyclePolicy/DomainAttributes/com.apple.audioAccessoryAssetManagement.plist,AudioAccessoryAssetManagement/Restriction
com.apple.backlightservices,FetchTimeline,OriginatorEntitlement,Entitlement,com.apple.runningboard.assertions.backlightservices,/System/Library/LifecyclePolicy/DomainAttributes/com.apple.backlightservices.plist,FetchTimeline/Restriction
com.apple.backlightservices,FetchTimeline,RBSCPUAccessGrant,Role,RBSRoleNonUserInteractive,/System/Library/LifecyclePolicy/DomainAttributes/com.apple.backlightservices.plist,FetchTimeline/AttributeGroups[0]/Attributes[1]
com.apple.backlightservices,FetchTimeline,RBSCoalitionLevelGrant,CoalitionLevel,RBSCoalitionLevelHigh,/System/Library/LifecyclePolicy/DomainAttributes/com.apple.backlightservices.plist,FetchTimeline/AttributeGroups[0]/Attributes[2]
com.apple.backlightservices,FetchTimeline,RBSDurationAttribute,EndPolicy,RBSDurationEndPolicyInvalidate,/System/Library/LifecyclePolicy/DomainAttributes/com.apple.backlightservices.plist,FetchTimeline/AttributeGroups[0]/Attributes[0]
com.apple.backlightservices,FetchTimeline,RBSDurationAttribute,InvalidationDuration,1.25,/System/Library/LifecyclePolicy/DomainAttributes/com.apple.backlightservices.plist,FetchTimeline/AttributeGroups[0]/Attributes[0]
com.apple.backlightservices,FetchTimeline,RBSDurationAttribute,StartPolicy,RBSDurationStartPolicyFixed,/System/Library/LifecyclePolicy/DomainAttributes/com.apple.backlightservices.plist,FetchTimeline/AttributeGroups[0]/Attributes[0]
com.apple.backlightservices,FetchTimeline,RBSDurationAttribute,WarningDuration,0,/System/Library/LifecyclePolicy/DomainAttributes/com.apple.backlightservices.plist,FetchTimeline/AttributeGroups[0]/Attributes[0]
com.apple.backlightservices,FetchTimeline,RBSGPUAccessGrant,Role,RBSGPURoleBackground,/System/Library/LifecyclePolicy/DomainAttributes/com.apple.backlightservices.plist,FetchTimeline/AttributeGroups[0]/Attributes[4]
com.apple.backlightservices,FetchTimeline,RBSJetsamPriorityGrant,Band,40,/System/Library/LifecyclePolicy/DomainAttributes/com.apple.backlightservices.plist,FetchTimeline/AttributeGroups[0]/Attributes[3]
com.apple.backlightservices,FetchTimeline,RBSRunningReasonAttribute,RunningReason,20240.0,/System/Library/LifecyclePolicy/DomainAttributes/com.apple.backlightservices.plist,FetchTimeline/AttributeGroups[0]/Attributes[5]
com.apple.backlightservices,LiveRendering,OriginatorEntitlement,Entitlement,com.apple.runningboard.assertions.backlightservices,/System/Library/LifecyclePolicy/DomainAttributes/com.apple.backlightservices.plist,LiveRendering/Restriction
com.apple.backlightservices,LiveRendering,RBSCPUAccessGrant,Role,RBSRoleNonUserInteractive,/System/Library/LifecyclePolicy/DomainAttributes/com.apple.backlightservices.plist,LiveRendering/AttributeGroups[0]/Attributes[0]
com.apple.backlightservices,LiveRendering,RBSCoalitionLevelGrant,CoalitionLevel,RBSCoalitionLevelHigh,/System/Library/LifecyclePolicy/DomainAttributes/com.apple.backlightservices.plist,LiveRendering/AttributeGroups[0]/Attributes[1]
com.apple.backlightservices,LiveRendering,RBSDefineRelativeStartTimeGrant,,,/System/Library/LifecyclePolicy/DomainAttributes/com.apple.backlightservices.plist,LiveRendering/AttributeGroups[0]/Attributes[4]
com.apple.backlightservices,LiveRendering,RBSGPUAccessGrant,Role,RBSGPURoleBackground,/System/Library/LifecyclePolicy/DomainAttributes/com.apple.backlightservices.plist,LiveRendering/AttributeGroups[0]/Attributes[3]
com.apple.backlightservices,LiveRendering,RBSJetsamPriorityGrant,Band,40,/System/Library/LifecyclePolicy/DomainAttributes/com.apple.backlightservices.plist,LiveRendering/AttributeGroups[0]/Attributes[2]
com.apple.backlightservices,LiveRendering,RBSRunningReasonAttribute,RunningReason,20238,/System/Library/LifecyclePolicy/DomainAttributes/com.apple.backlightservices.plist,LiveRendering/AttributeGroups[0]/Attributes[5]
com.apple.backlightservices,RenderSession,OriginatorEntitlement,Entitlement,com.apple.runningboard.assertions.backlightservices,/System/Library/LifecyclePolicy/DomainAttributes/com.apple.backlightservices.plist,RenderSession/Restriction
com.apple.backlightservices,RenderSession,RBSCPUAccessGrant,Role,RBSRoleNonUserInteractive,/System/Library/LifecyclePolicy/DomainAttributes/com.apple.backlightservices.plist,RenderSession/AttributeGroups[0]/Attributes[1]
com.apple.backlightservices,RenderSession,RBSCoalitionLevelGrant,CoalitionLevel,RBSCoalitionLevelHigh,/System/Library/LifecyclePolicy/DomainAttributes/com.apple.backlightservices.plist,RenderSession/AttributeGroups[0]/Attributes[2]
com.apple.backlightservices,RenderSession,RBSDurationAttribute,EndPolicy,RBSDurationEndPolicyInvalidate,/System/Library/LifecyclePolicy/DomainAttributes/com.apple.backlightservices.plist,RenderSession/AttributeGroups[0]/Attributes[0]
com.apple.backlightservices,RenderSession,RBSDurationAttribute,InvalidationDuration,10,/System/Library/LifecyclePolicy/DomainAttributes/com.apple.backlightservices.plist,RenderSession/AttributeGroups[0]/Attributes[0]
com.apple.backlightservices,RenderSession,RBSDurationAttribute,StartPolicy,RBSDurationStartPolicyFixed,/System/Library/LifecyclePolicy/DomainAttributes/com.apple.backlightservices.plist,RenderSession/AttributeGroups[0]/Attributes[0]
com.apple.backlightservices,RenderSession,RBSDurationAttribute,WarningDuration,0,/System/Library/LifecyclePolicy/DomainAttributes/com.apple.backlightservices.plist,RenderSession/AttributeGroups[0]/Attributes[0]
com.apple.backlightservices,RenderSession,RBSGPUAccessGrant,Role,RBSGPURoleBackground,/System/Library/LifecyclePolicy/DomainAttributes/com.apple.backlightservices.plist,RenderSession/AttributeGroups[0]/Attributes[4]
com.apple.backlightservices,RenderSession,RBSJetsamPriorityGrant,Band,40,/System/Library/LifecyclePolicy/DomainAttributes/com.apple.backlightservices.plist,RenderSession/AttributeGroups[0]/Attributes[3]
com.apple.backlightservices,RenderSession,RBSRunningReasonAttribute,RunningReason,20239.0,/System/Library/LifecyclePolicy/DomainAttributes/com.apple.backlightservices.plist,RenderSession/AttributeGroups[0]/Attributes[5]
com.apple.backlightservices,UpdateToSpecifier,OriginatorEntitlement,Entitlement,com.apple.runningboard.assertions.backlightservices,/System/Library/LifecyclePolicy/DomainAttributes/com.apple.backlightservices.plist,UpdateToSpecifier/Restriction
com.apple.backlightservices,UpdateToSpecifier,RBSCPUAccessGrant,Role,RBSRoleNonUserInteractive,/System/Library/LifecyclePolicy/DomainAttributes/com.apple.backlightservices.plist,UpdateToSpecifier/AttributeGroups[0]/Attributes[1]
com.apple.backlightservices,UpdateToSpecifier,RBSCoalitionLevelGrant,CoalitionLevel,RBSCoalitionLevelHigh,/System/Library/LifecyclePolicy/DomainAttributes/com.apple.backlightservices.plist,UpdateToSpecifier/AttributeGroups[0]/Attributes[2]
com.apple.backlightservices,UpdateToSpecifier,RBSDurationAttribute,EndPolicy,RBSDurationEndPolicyInvalidate,/System/Library/LifecyclePolicy/DomainAttributes/com.apple.backlightservices.plist,UpdateToSpecifier/AttributeGroups[0]/Attributes[0]
com.apple.backlightservices,UpdateToSpecifier,RBSDurationAttribute,InvalidationDuration,1.25,/System/Library/LifecyclePolicy/DomainAttributes/com.apple.backlightservices.plist,UpdateToSpecifier/AttributeGroups[0]/Attributes[0]
com.apple.backlightservices,UpdateToSpecifier,RBSDurationAttribute,StartPolicy,RBSDurationStartPolicyFixed,/System/Library/LifecyclePolicy/DomainAttributes/com.apple.backlightservices.plist,UpdateToSpecifier/AttributeGroups[0]/Attributes[0]
com.apple.backlightservices,UpdateToSpecifier,RBSDurationAttribute,WarningDuration,0,/System/Library/LifecyclePolicy/DomainAttributes/com.apple.backlightservices.plist,UpdateToSpecifier/AttributeGroups[0]/Attributes[0]
com.apple.backlightservices,UpdateToSpecifier,RBSGPUAccessGrant,Role,RBSGPURoleBackground,/System/Library/LifecyclePolicy/DomainAttributes/com.apple.backlightservices.plist,UpdateToSpecifier/AttributeGroups[0]/Attributes[4]
com.apple.backlightservices,UpdateToSpecifier,RBSJetsamPriorityGrant,Band,40,/System/Library/LifecyclePolicy/DomainAttributes/com.apple.backlightservices.plist,UpdateToSpecifier/AttributeGroups[0]/Attributes[3]
com.apple.backlightservices,UpdateToSpecifier,RBSRunningReasonAttribute,RunningReason,20240.0,/System/Library/LifecyclePolicy/DomainAttributes/com.apple.backlightservices.plist,UpdateToSpecifier/AttributeGroups[0]/Attributes[5]
com.apple.callservicesd,GroupActivities,OriginatorEntitlement,Entitlement,com.apple.runningboard.assertions.callservicesd,/System/Library/LifecyclePolicy/DomainAttributes/com.apple.callservicesd.plist,GroupActivities/Restriction
com.apple.callservicesd,GroupActivities,RBSCPUAccessGrant,Role,RBSRoleNonUserInteractive,/System/Library/LifecyclePolicy/DomainAttributes/com.apple.callservicesd.plist,GroupActivities/AttributeGroups[0]/Attributes[1]
com.apple.callservicesd,GroupActivities,RBSCoalitionLevelGrant,CoalitionLevel,RBSCoalitionLevelHigh,/System/Library/LifecyclePolicy/DomainAttributes/com.apple.callservicesd.plist,GroupActivities/AttributeGroups[0]/Attributes[2]
com.apple.callservicesd,GroupActivities,RBSDurationAttribute,EndPolicy,RBSDurationEndPolicyInvalidate,/System/Library/LifecyclePolicy/DomainAttributes/com.apple.callservicesd.plist,GroupActivities/AttributeGroups[0]/Attributes[0]
com.apple.callservicesd,GroupActivities,RBSDurationAttribute,InvalidationDuration,180,/System/Library/LifecyclePolicy/DomainAttributes/com.apple.callservicesd.plist,GroupActivities/AttributeGroups[0]/Attributes[0]
com.apple.callservicesd,GroupActivities,RBSDurationAttribute,StartPolicy,RBSDurationStartPolicyDelayedRelative,/System/Library/LifecyclePolicy/DomainAttributes/com.apple.callservicesd.plist,GroupActivities/AttributeGroups[0]/Attributes[0]
com.apple.callservicesd,GroupActivities,RBSDurationAttribute,WarningDuration,5,/System/Library/LifecyclePolicy/DomainAttributes/com.apple.callservicesd.plist,GroupActivities/AttributeGroups[0]/Attributes[0]
com.apple.callservicesd,GroupActivities,RBSJetsamPriorityGrant,Band,90,/System/Library/LifecyclePolicy/DomainAttributes/com.apple.callservicesd.plist,GroupActivities/AttributeGroups[0]/Attributes[3]
com.apple.callservicesd,GroupActivities,RBSPreserveBaseMemoryGrant,,,/System/Library/LifecyclePolicy/DomainAttributes/com.apple.callservicesd.plist,GroupActivities/AttributeGroups[0]/Attributes[4]
com.apple.callservicesd,GroupActivities,RBSResistTerminationGrant,Resistance,RBSTerminationResistanceInteractive,/System/Library/LifecyclePolicy/DomainAttributes/com.apple.callservicesd.plist,GroupActivities/AttributeGroups[0]/Attributes[5]
com.apple.callservicesd,GroupActivities,RBSRunningReasonAttribute,RunningReason,20022,/System/Library/LifecyclePolicy/DomainAttributes/com.apple.callservicesd.plist,GroupActivities/AttributeGroups[0]/Attributes[6]
com.apple.callservicesd,IPCHack,OriginatorEntitlement,Entitlement,com.apple.runningboard.assertions.callservicesd,/System/Library/LifecyclePolicy/DomainAttributes/com.apple.callservicesd.plist,IPCHack/Restriction
com.apple.callservicesd,IPCHack,RBSCPUAccessGrant,Role,RBSRoleNonUserInteractive,/System/Library/LifecyclePolicy/DomainAttributes/com.apple.callservicesd.plist,IPCHack/AttributeGroups[0]/Attributes[1]
com.apple.callservicesd,IPCHack,RBSCoalitionLevelGrant,CoalitionLevel,RBSCoalitionLevelHigh,/System/Library/LifecyclePolicy/DomainAttributes/com.apple.callservicesd.plist,IPCHack/AttributeGroups[0]/Attributes[2]
com.apple.callservicesd,IPCHack,RBSDefineRelativeStartTimeGrant,,,/System/Library/LifecyclePolicy/DomainAttributes/com.apple.callservicesd.plist,IPCHack/AttributeGroups[0]/Attributes[6]
com.apple.callservicesd,IPCHack,RBSDurationAttribute,EndPolicy,RBSDurationEndPolicyInvalidate,/System/Library/LifecyclePolicy/DomainAttributes/com.apple.callservicesd.plist,IPCHack/AttributeGroups[0]/Attributes[0]
com.apple.callservicesd,IPCHack,RBSDurationAttribute,InvalidationDuration,30,/System/Library/LifecyclePolicy/DomainAttributes/com.apple.callservicesd.plist,IPCHack/AttributeGroups[0]/Attributes[0]
com.apple.callservicesd,IPCHack,RBSDurationAttribute,StartPolicy,RBSDurationStartPolicyFixed,/System/Library/LifecyclePolicy/DomainAttributes/com.apple.callservicesd.plist,IPCHack/AttributeGroups[0]/Attributes[0]
com.apple.callservicesd,IPCHack,RBSDurationAttribute,WarningDuration,5,/System/Library/LifecyclePolicy/DomainAttributes/com.apple.callservicesd.plist,IPCHack/AttributeGroups[0]/Attributes[0]
com.apple.callservicesd,IPCHack,RBSJetsamPriorityGrant,Band,40,/System/Library/LifecyclePolicy/DomainAttributes/com.apple.callservicesd.plist,IPCHack/AttributeGroups[0]/Attributes[3]
com.apple.callservicesd,IPCHack,RBSPreserveBaseMemoryGrant,,,/System/Library/LifecyclePolicy/DomainAttributes/com.apple.callservicesd.plist,IPCHack/AttributeGroups[0]/Attributes[4]
com.apple.callservicesd,IPCHack,RBSResistTerminationGrant,Resistance,RBSTerminationResistanceInteractive,/System/Library/LifecyclePolicy/DomainAttributes/com.apple.callservicesd.plist,IPCHack/AttributeGroups[0]/Attributes[5]
com.apple.callservicesd,IPCHack,RBSRunningReasonAttribute,RunningReason,20232,/System/Library/LifecyclePolicy/DomainAttributes/com.apple.callservicesd.plist,IPCHack/AttributeGroups[0]/Attributes[7]
com.apple.cameracapture,HoldingBuffer,OriginatorEntitlement,Entitlement,com.apple.runningboard.cameracapture,/System/Library/LifecyclePolicy/DomainAttributes/com.apple.cameracapture.plist,HoldingBuffer/Restriction
com.apple.cameracapture,HoldingBuffer,RBSAcquisitionCompletionAttribute,CompletionPolicy,RBSAcquisitionCompletionPolicyAfterApplication,/System/Library/LifecyclePolicy/DomainAttributes/com.apple.cameracapture.plist,HoldingBuffer/AttributeGroups[0]/Attributes[5]
com.apple.cameracapture,HoldingBuffer,RBSCPUAccessGrant,Role,RBSRoleNonUserInteractive,/System/Library/LifecyclePolicy/DomainAttributes/com.apple.cameracapture.plist,HoldingBuffer/AttributeGroups[0]/Attributes[1]
com.apple.cameracapture,HoldingBuffer,RBSCoalitionLevelGrant,CoalitionLevel,RBSCoalitionLevelHigh,/System/Library/LifecyclePolicy/DomainAttributes/com.apple.cameracapture.plist,HoldingBuffer/AttributeGroups[0]/Attributes[2]
com.apple.cameracapture,HoldingBuffer,RBSDurationAttribute,EndPolicy,RBSDurationEndPolicyInvalidate,/System/Library/LifecyclePolicy/DomainAttributes/com.apple.cameracapture.plist,HoldingBuffer/AttributeGroups[0]/Attributes[0]
com.apple.cameracapture,HoldingBuffer,RBSDurationAttribute,InvalidationDuration,30,/System/Library/LifecyclePolicy/DomainAttributes/com.apple.cameracapture.plist,HoldingBuffer/AttributeGroups[0]/Attributes[0]
com.apple.cameracapture,HoldingBuffer,RBSDurationAttribute,StartPolicy,RBSDurationStartPolicyDelayedRelative,/System/Library/LifecyclePolicy/DomainAttributes/com.apple.cameracapture.plist,HoldingBuffer/AttributeGroups[0]/Attributes[0]
com.apple.cameracapture,HoldingBuffer,RBSDurationAttribute,WarningDuration,5,/System/Library/LifecyclePolicy/DomainAttributes/com.apple.cameracapture.plist,HoldingBuffer/AttributeGroups[0]/Attributes[0]
com.apple.cameracapture,HoldingBuffer,RBSJetsamPriorityGrant,Band,40,/System/Library/LifecyclePolicy/DomainAttributes/com.apple.cameracapture.plist,HoldingBuffer/AttributeGroups[0]/Attributes[3]
com.apple.cameracapture,HoldingBuffer,RBSPreserveBaseMemoryGrant,,,/System/Library/LifecyclePolicy/DomainAttributes/com.apple.cameracapture.plist,HoldingBuffer/AttributeGroups[0]/Attributes[4]
com.apple.cameracapture,HoldingBuffer,RBSRunningReasonAttribute,RunningReason,4,/System/Library/LifecyclePolicy/DomainAttributes/com.apple.cameracapture.plist,HoldingBuffer/AttributeGroups[0]/Attributes[6]
com.apple.cfnetwork,BackgroundDownload,OriginatorEntitlement,Entitlement,com.apple.runningboard.assertions.cfnetwork,/System/Library/LifecyclePolicy/DomainAttributes/com.apple.cfnetwork.plist,BackgroundDownload/Restriction
com.apple.cfnetwork,BackgroundDownload,RBSCPUAccessGrant,Role,RBSRoleBackground,/System/Library/LifecyclePolicy/DomainAttributes/com.apple.cfnetwork.plist,BackgroundDownload/AttributeGroups[0]/Attributes[1]
com.apple.cfnetwork,BackgroundDownload,RBSDefineRelativeStartTimeGrant,,,/System/Library/LifecyclePolicy/DomainAttributes/com.apple.cfnetwork.plist,BackgroundDownload/AttributeGroups[0]/Attributes[5]
com.apple.cfnetwork,BackgroundDownload,RBSDurationAttribute,EndPolicy,RBSDurationEndPolicyInvalidate,/System/Library/LifecyclePolicy/DomainAttributes/com.apple.cfnetwork.plist,BackgroundDownload/AttributeGroups[0]/Attributes[0]
com.apple.cfnetwork,BackgroundDownload,RBSDurationAttribute,InvalidationDuration,30,/System/Library/LifecyclePolicy/DomainAttributes/com.apple.cfnetwork.plist,BackgroundDownload/AttributeGroups[0]/Attributes[0]
com.apple.cfnetwork,BackgroundDownload,RBSDurationAttribute,StartPolicy,RBSDurationStartPolicyFixed,/System/Library/LifecyclePolicy/DomainAttributes/com.apple.cfnetwork.plist,BackgroundDownload/AttributeGroups[0]/Attributes[0]
com.apple.cfnetwork,BackgroundDownload,RBSDurationAttribute,WarningDuration,5,/System/Library/LifecyclePolicy/DomainAttributes/com.apple.cfnetwork.plist,BackgroundDownload/AttributeGroups[0]/Attributes[0]
com.apple.cfnetwork,BackgroundDownload,RBSGPUAccessGrant,Role,RBSGPURoleBackground,/System/Library/LifecyclePolicy/DomainAttributes/com.apple.cfnetwork.plist,BackgroundDownload/AttributeGroups[0]/Attributes[4]
com.apple.cfnetwork,BackgroundDownload,RBSJetsamPriorityGrant,Band,40,/System/Library/LifecyclePolicy/DomainAttributes/com.apple.cfnetwork.plist,BackgroundDownload/AttributeGroups[0]/Attributes[2]
com.apple.cfnetwork,BackgroundDownload,RBSPreserveBaseMemoryGrant,,,/System/Library/LifecyclePolicy/DomainAttributes/com.apple.cfnetwork.plist,BackgroundDownload/AttributeGroups[0]/Attributes[3]
com.apple.cfnetwork,BackgroundDownload,RBSRunningReasonAttribute,RunningReason,11,/System/Library/LifecyclePolicy/DomainAttributes/com.apple.cfnetwork.plist,BackgroundDownload/AttributeGroups[0]/Attributes[6]
com.apple.chronod,DeliverEvent,OriginatorEntitlement,Entitlement,com.apple.runningboard.assertions.chronod,/System/Library/LifecyclePolicy/DomainAttributes/com.apple.chronod.plist,DeliverEvent/Restriction
com.apple.chronod,DeliverEvent,RBSCPUAccessGrant,Role,RBSRoleBackground,/System/Library/LifecyclePolicy/DomainAttributes/com.apple.chronod.plist,DeliverEvent/AttributeGroups[0]/Attributes[1]
com.apple.chronod,DeliverEvent,RBSDurationAttribute,EndPolicy,RBSDurationEndPolicyInvalidate,/System/Library/LifecyclePolicy/DomainAttributes/com.apple.chronod.plist,DeliverEvent/AttributeGroups[0]/Attributes[0]
com.apple.chronod,DeliverEvent,RBSDurationAttribute,InvalidationDuration,15,/System/Library/LifecyclePolicy/DomainAttributes/com.apple.chronod.plist,DeliverEvent/AttributeGroups[0]/Attributes[0]
com.apple.chronod,DeliverEvent,RBSDurationAttribute,StartPolicy,RBSDurationStartPolicyFixed,/System/Library/LifecyclePolicy/DomainAttributes/com.apple.chronod.plist,DeliverEvent/AttributeGroups[0]/Attributes[0]
com.apple.chronod,DeliverEvent,RBSDurationAttribute,WarningDuration,5,/System/Library/LifecyclePolicy/DomainAttributes/com.apple.chronod.plist,DeliverEvent/AttributeGroups[0]/Attributes[0]
com.apple.chronod,DeliverEvent,RBSJetsamPriorityGrant,Band,40,/System/Library/LifecyclePolicy/DomainAttributes/com.apple.chronod.plist,DeliverEvent/AttributeGroups[0]/Attributes[2]
com.apple.chronod,DeliverEvent,RBSPreserveBaseMemoryGrant,,,/System/Library/LifecyclePolicy/DomainAttributes/com.apple.chronod.plist,DeliverEvent/AttributeGroups[0]/Attributes[3]
com.apple.chronod,DeliverEvent,RBSRunningReasonAttribute,RunningReason,20403,/System/Library/LifecyclePolicy/DomainAttributes/com.apple.chronod.plist,DeliverEvent/AttributeGroups[0]/Attributes[4]
com.apple.chronod,LiveWidget,OriginatorEntitlement,Entitlement,com.apple.runningboard.assertions.chronod,/System/Library/LifecyclePolicy/DomainAttributes/com.apple.chronod.plist,LiveWidget/Restriction
com.apple.chronod,LiveWidget,RBSBaseMemoryGrant,Category,Active,/System/Library/LifecyclePolicy/DomainAttributes/com.apple.chronod.plist,LiveWidget/AttributeGroups[0]/Attributes[2]
com.apple.chronod,LiveWidget,RBSBaseMemoryGrant,Strength,RBSMemoryLimitStrengthSoft,/System/Library/LifecyclePolicy/DomainAttributes/com.apple.chronod.plist,LiveWidget/AttributeGroups[0]/Attributes[2]
com.apple.chronod,LiveWidget,RBSCPUAccessGrant,Role,RBSRoleBackground,/System/Library/LifecyclePolicy/DomainAttributes/com.apple.chronod.plist,LiveWidget/AttributeGroups[0]/Attributes[0]
com.apple.chronod,LiveWidget,RBSDefineRelativeStartTimeGrant,,,/System/Library/LifecyclePolicy/DomainAttributes/com.apple.chronod.plist,LiveWidget/AttributeGroups[0]/Attributes[5]
com.apple.chronod,LiveWidget,RBSGPUAccessGrant,Role,RBSGPURoleBackground,/System/Library/LifecyclePolicy/DomainAttributes/com.apple.chronod.plist,LiveWidget/AttributeGroups[0]/Attributes[3]
com.apple.chronod,LiveWidget,RBSJetsamPriorityGrant,Band,100,/System/Library/LifecyclePolicy/DomainAttributes/com.apple.chronod.plist,LiveWidget/AttributeGroups[0]/Attributes[1]
com.apple.chronod,LiveWidget,RBSResistTerminationGrant,Resistance,RBSTerminationResistanceNonInteractive,/System/Library/LifecyclePolicy/DomainAttributes/com.apple.chronod.plist,LiveWidget/AttributeGroups[0]/Attributes[4]
com.apple.chronod,LiveWidget,RBSRunningReasonAttribute,RunningReason,20406,/System/Library/LifecyclePolicy/DomainAttributes/com.apple.chronod.plist,LiveWidget/AttributeGroups[0]/Attributes[6]
com.apple.chronod,WaitForWidgetSuspension,OriginatorEntitlement,Entitlement,com.apple.runningboard.assertions.chronod,/System/Library/LifecyclePolicy/DomainAttributes/com.apple.chronod.plist,WaitForWidgetSuspension/Restriction
com.apple.chronod,WaitForWidgetSuspension,RBSDurationAttribute,EndPolicy,RBSDurationEndPolicyInvalidate,/System/Library/LifecyclePolicy/DomainAttributes/com.apple.chronod.plist,WaitForWidgetSuspension/AttributeGroups[0]/Attributes[0]
com.apple.chronod,WaitForWidgetSuspension,RBSDurationAttribute,InvalidationDuration,2,/System/Library/LifecyclePolicy/DomainAttributes/com.apple.chronod.plist,WaitForWidgetSuspension/AttributeGroups[0]/Attributes[0]
com.apple.chronod,WaitForWidgetSuspension,RBSDurationAttribute,StartPolicy,RBSDurationStartPolicyFixed,/System/Library/LifecyclePolicy/DomainAttributes/com.apple.chronod.plist,WaitForWidgetSuspension/AttributeGroups[0]/Attributes[0]
com.apple.chronod,WaitForWidgetSuspension,RBSDurationAttribute,WarningDuration,0,/System/Library/LifecyclePolicy/DomainAttributes/com.apple.chronod.plist,WaitForWidgetSuspension/AttributeGroups[0]/Attributes[0]
com.apple.chronod,WaitForWidgetSuspension,RBSJetsamPriorityGrant,Band,40,/System/Library/LifecyclePolicy/DomainAttributes/com.apple.chronod.plist,WaitForWidgetSuspension/AttributeGroups[0]/Attributes[1]
com.apple.chronod,WaitForWidgetSuspension,RBSPreserveBaseMemoryGrant,,,/System/Library/LifecyclePolicy/DomainAttributes/com.apple.chronod.plist,WaitForWidgetSuspension/AttributeGroups[0]/Attributes[2]
com.apple.chronod,WaitForWidgetSuspension,RBSPreventIdleSleepGrant,,,/System/Library/LifecyclePolicy/DomainAttributes/com.apple.chronod.plist,WaitForWidgetSuspension/AttributeGroups[0]/Attributes[3]
com.apple.chronod,WidgetExtensionRun,CompoundAny,,,/System/Library/LifecyclePolicy/DomainAttributes/com.apple.chronod.plist,WidgetExtensionRun/Restriction
com.apple.chronod,WidgetExtensionRun,OriginatorEntitlement,Entitlement,com.apple.private.extensionkit.host.any-extension,/System/Library/LifecyclePolicy/DomainAttributes/com.apple.chronod.plist,WidgetExtensionRun/Restriction/Restrictions[1]
com.apple.chronod,WidgetExtensionRun,OriginatorEntitlement,Entitlement,com.apple.runningboard.assertions.chronod,/System/Library/LifecyclePolicy/DomainAttributes/com.apple.chronod.plist,WidgetExtensionRun/Restriction/Restrictions[0]
com.apple.chronod,WidgetExtensionRun,RBSCPUAccessGrant,Role,RBSRoleNonUserInteractive,/System/Library/LifecyclePolicy/DomainAttributes/com.apple.chronod.plist,WidgetExtensionRun/AttributeGroups[0]/Attributes[0]
com.apple.chronod,WidgetExtensionRun,RBSCPUMaximumUsageLimitation,Duration,20,/System/Library/LifecyclePolicy/DomainAttributes/com.apple.chronod.plist,WidgetExtensionRun/AttributeGroups[0]/Attributes[6]
com.apple.chronod,WidgetExtensionRun,RBSCPUMaximumUsageLimitation,Percentage,80,/System/Library/LifecyclePolicy/DomainAttributes/com.apple.chronod.plist,WidgetExtensionRun/AttributeGroups[0]/Attributes[6]
com.apple.chronod,WidgetExtensionRun,RBSCPUMaximumUsageLimitation,Role,RBSRoleNonUserInteractive,/System/Library/LifecyclePolicy/DomainAttributes/com.apple.chronod.plist,WidgetExtensionRun/AttributeGroups[0]/Attributes[6]
com.apple.chronod,WidgetExtensionRun,RBSCPUMaximumUsageLimitation,ViolationPolicy,RBSCPUMaximumUsageViolationPolicyLog,/System/Library/LifecyclePolicy/DomainAttributes/com.apple.chronod.plist,WidgetExtensionRun/AttributeGroups[0]/Attributes[6]
com.apple.chronod,WidgetExtensionRun,RBSCoalitionLevelGrant,CoalitionLevel,RBSCoalitionLevelHigh,/System/Library/LifecyclePolicy/DomainAttributes/com.apple.chronod.plist,WidgetExtensionRun/AttributeGroups[0]/Attributes[1]
com.apple.chronod,WidgetExtensionRun,RBSDefineRelativeStartTimeGrant,,,/System/Library/LifecyclePolicy/DomainAttributes/com.apple.chronod.plist,WidgetExtensionRun/AttributeGroups[0]/Attributes[5]
com.apple.chronod,WidgetExtensionRun,RBSJetsamPriorityGrant,Band,40,/System/Library/LifecyclePolicy/DomainAttributes/com.apple.chronod.plist,WidgetExtensionRun/AttributeGroups[0]/Attributes[2]
com.apple.chronod,WidgetExtensionRun,RBSPreserveBaseMemoryGrant,,,/System/Library/LifecyclePolicy/DomainAttributes/com.apple.chronod.plist,WidgetExtensionRun/AttributeGroups[0]/Attributes[3]
com.apple.chronod,WidgetExtensionRun,RBSPreventIdleSleepGrant,,,/System/Library/LifecyclePolicy/DomainAttributes/com.apple.chronod.plist,WidgetExtensionRun/AttributeGroups[0]/Attributes[4]
com.apple.chronod,WidgetExtensionRun,RBSRunningReasonAttribute,RunningReason,13,/System/Library/LifecyclePolicy/DomainAttributes/com.apple.chronod.plist,WidgetExtensionRun/AttributeGroups[0]/Attributes[8]
com.apple.chronod,WidgetExtensionRun,RBSTagAttribute,Tag,SupportsBackgroundAudio,/System/Library/LifecyclePolicy/DomainAttributes/com.apple.chronod.plist,WidgetExtensionRun/AttributeGroups[0]/Attributes[7]
com.apple.chronod,WidgetExtensionRun-QOS-Default,CompoundAny,,,/System/Library/LifecyclePolicy/DomainAttributes/com.apple.chronod.plist,WidgetExtensionRun-QOS-Default/Restriction
com.apple.chronod,WidgetExtensionRun-QOS-Default,OriginatorEntitlement,Entitlement,com.apple.private.extensionkit.host.any-extension,/System/Library/LifecyclePolicy/DomainAttributes/com.apple.chronod.plist,WidgetExtensionRun-QOS-Default/Restriction/Restrictions[1]
com.apple.chronod,WidgetExtensionRun-QOS-Default,OriginatorEntitlement,Entitlement,com.apple.runningboard.assertions.chronod,/System/Library/LifecyclePolicy/DomainAttributes/com.apple.chronod.plist,WidgetExtensionRun-QOS-Default/Restriction/Restrictions[0]
com.apple.chronod,WidgetExtensionRun-QOS-Default,RBSCPUAccessGrant,Role,RBSRoleNonUserInteractive,/System/Library/LifecyclePolicy/DomainAttributes/com.apple.chronod.plist,WidgetExtensionRun-QOS-Default/AttributeGroups[0]/Attributes[0]
com.apple.chronod,WidgetExtensionRun-QOS-Default,RBSCPUMaximumUsageLimitation,Duration,20,/System/Library/LifecyclePolicy/DomainAttributes/com.apple.chronod.plist,WidgetExtensionRun-QOS-Default/AttributeGroups[0]/Attributes[7]
com.apple.chronod,WidgetExtensionRun-QOS-Default,RBSCPUMaximumUsageLimitation,Percentage,80,/System/Library/LifecyclePolicy/DomainAttributes/com.apple.chronod.plist,WidgetExtensionRun-QOS-Default/AttributeGroups[0]/Attributes[7]
com.apple.chronod,WidgetExtensionRun-QOS-Default,RBSCPUMaximumUsageLimitation,Role,RBSRoleNonUserInteractive,/System/Library/LifecyclePolicy/DomainAttributes/com.apple.chronod.plist,WidgetExtensionRun-QOS-Default/AttributeGroups[0]/Attributes[7]
com.apple.chronod,WidgetExtensionRun-QOS-Default,RBSCPUMaximumUsageLimitation,ViolationPolicy,RBSCPUMaximumUsageViolationPolicyLog,/System/Library/LifecyclePolicy/DomainAttributes/com.apple.chronod.plist,WidgetExtensionRun-QOS-Default/AttributeGroups[0]/Attributes[7]
com.apple.chronod,WidgetExtensionRun-QOS-Default,RBSCoalitionLevelGrant,CoalitionLevel,RBSCoalitionLevelHigh,/System/Library/LifecyclePolicy/DomainAttributes/com.apple.chronod.plist,WidgetExtensionRun-QOS-Default/AttributeGroups[0]/Attributes[1]
com.apple.chronod,WidgetExtensionRun-QOS-Default,RBSDefineRelativeStartTimeGrant,,,/System/Library/LifecyclePolicy/DomainAttributes/com.apple.chronod.plist,WidgetExtensionRun-QOS-Default/AttributeGroups[0]/Attributes[5]
com.apple.chronod,WidgetExtensionRun-QOS-Default,RBSInvalidateUnderConditionAttribute,Condition,therm,/System/Library/LifecyclePolicy/DomainAttributes/com.apple.chronod.plist,WidgetExtensionRun-QOS-Default/AttributeGroups[0]/Attributes[6]
com.apple.chronod,WidgetExtensionRun-QOS-Default,RBSInvalidateUnderConditionAttribute,MinValue,840,/System/Library/LifecyclePolicy/DomainAttributes/com.apple.chronod.plist,WidgetExtensionRun-QOS-Default/AttributeGroups[0]/Attributes[6]
com.apple.chronod,WidgetExtensionRun-QOS-Default,RBSJetsamPriorityGrant,Band,40,/System/Library/LifecyclePolicy/DomainAttributes/com.apple.chronod.plist,WidgetExtensionRun-QOS-Default/AttributeGroups[0]/Attributes[2]
com.apple.chronod,WidgetExtensionRun-QOS-Default,RBSPreserveBaseMemoryGrant,,,/System/Library/LifecyclePolicy/DomainAttributes/com.apple.chronod.plist,WidgetExtensionRun-QOS-Default/AttributeGroups[0]/Attributes[3]
com.apple.chronod,WidgetExtensionRun-QOS-Default,RBSPreventIdleSleepGrant,,,/System/Library/LifecyclePolicy/DomainAttributes/com.apple.chronod.plist,WidgetExtensionRun-QOS-Default/AttributeGroups[0]/Attributes[4]
com.apple.chronod,WidgetExtensionRun-QOS-Default,RBSRunningReasonAttribute,RunningReason,13,/System/Library/LifecyclePolicy/DomainAttributes/com.apple.chronod.plist,WidgetExtensionRun-QOS-Default/AttributeGroups[0]/Attributes[9]
com.apple.chronod,WidgetExtensionRun-QOS-Default,RBSTagAttribute,Tag,SupportsBackgroundAudio,/System/Library/LifecyclePolicy/DomainAttributes/com.apple.chronod.plist,WidgetExtensionRun-QOS-Default/AttributeGroups[0]/Attributes[8]
com.apple.chronod,WidgetExtensionRun-QOS-UserInitiated,CompoundAny,,,/System/Library/LifecyclePolicy/DomainAttributes/com.apple.chronod.plist,WidgetExtensionRun-QOS-UserInitiated/Restriction
com.apple.chronod,WidgetExtensionRun-QOS-UserInitiated,OriginatorEntitlement,Entitlement,com.apple.private.extensionkit.host.any-extension,/System/Library/LifecyclePolicy/DomainAttributes/com.apple.chronod.plist,WidgetExtensionRun-QOS-UserInitiated/Restriction/Restrictions[1]
com.apple.chronod,WidgetExtensionRun-QOS-UserInitiated,OriginatorEntitlement,Entitlement,com.apple.runningboard.assertions.chronod,/System/Library/LifecyclePolicy/DomainAttributes/com.apple.chronod.plist,WidgetExtensionRun-QOS-UserInitiated/Restriction/Restrictions[0]
com.apple.chronod,WidgetExtensionRun-QOS-UserInitiated,RBSCPUAccessGrant,Role,RBSRoleUserInitiated,/System/Library/LifecyclePolicy/DomainAttributes/com.apple.chronod.plist,WidgetExtensionRun-QOS-UserInitiated/AttributeGroups[0]/Attributes[0]
com.apple.chronod,WidgetExtensionRun-QOS-UserInitiated,RBSCPUMaximumUsageLimitation,Duration,20,/System/Library/LifecyclePolicy/DomainAttributes/com.apple.chronod.plist,WidgetExtensionRun-QOS-UserInitiated/AttributeGroups[0]/Attributes[7]
com.apple.chronod,WidgetExtensionRun-QOS-UserInitiated,RBSCPUMaximumUsageLimitation,Percentage,80,/System/Library/LifecyclePolicy/DomainAttributes/com.apple.chronod.plist,WidgetExtensionRun-QOS-UserInitiated/AttributeGroups[0]/Attributes[7]
com.apple.chronod,WidgetExtensionRun-QOS-UserInitiated,RBSCPUMaximumUsageLimitation,Role,RBSRoleUserInitiated,/System/Library/LifecyclePolicy/DomainAttributes/com.apple.chronod.plist,WidgetExtensionRun-QOS-UserInitiated/AttributeGroups[0]/Attributes[7]
com.apple.chronod,WidgetExtensionRun-QOS-UserInitiated,RBSCPUMaximumUsageLimitation,ViolationPolicy,RBSCPUMaximumUsageViolationPolicyLog,/System/Library/LifecyclePolicy/DomainAttributes/com.apple.chronod.plist,WidgetExtensionRun-QOS-UserInitiated/AttributeGroups[0]/Attributes[7]
com.apple.chronod,WidgetExtensionRun-QOS-UserInitiated,RBSCoalitionLevelGrant,CoalitionLevel,RBSCoalitionLevelHigh,/System/Library/LifecyclePolicy/DomainAttributes/com.apple.chronod.plist,WidgetExtensionRun-QOS-UserInitiated/AttributeGroups[0]/Attributes[1]
com.apple.chronod,WidgetExtensionRun-QOS-UserInitiated,RBSDefineRelativeStartTimeGrant,,,/System/Library/LifecyclePolicy/DomainAttributes/com.apple.chronod.plist,WidgetExtensionRun-QOS-UserInitiated/AttributeGroups[0]/Attributes[5]
com.apple.chronod,WidgetExtensionRun-QOS-UserInitiated,RBSInvalidateUnderConditionAttribute,Condition,therm,/System/Library/LifecyclePolicy/DomainAttributes/com.apple.chronod.plist,WidgetExtensionRun-QOS-UserInitiated/AttributeGroups[0]/Attributes[6]
com.apple.chronod,WidgetExtensionRun-QOS-UserInitiated,RBSInvalidateUnderConditionAttribute,MinValue,840,/System/Library/LifecyclePolicy/DomainAttributes/com.apple.chronod.plist,WidgetExtensionRun-QOS-UserInitiated/AttributeGroups[0]/Attributes[6]
com.apple.chronod,WidgetExtensionRun-QOS-UserInitiated,RBSJetsamPriorityGrant,Band,40,/System/Library/LifecyclePolicy/DomainAttributes/com.apple.chronod.plist,WidgetExtensionRun-QOS-UserInitiated/AttributeGroups[0]/Attributes[2]
com.apple.chronod,WidgetExtensionRun-QOS-UserInitiated,RBSPreserveBaseMemoryGrant,,,/System/Library/LifecyclePolicy/DomainAttributes/com.apple.chronod.plist,WidgetExtensionRun-QOS-UserInitiated/AttributeGroups[0]/Attributes[3]
com.apple.chronod,WidgetExtensionRun-QOS-UserInitiated,RBSPreventIdleSleepGrant,,,/System/Library/LifecyclePolicy/DomainAttributes/com.apple.chronod.plist,WidgetExtensionRun-QOS-UserInitiated/AttributeGroups[0]/Attributes[4]
com.apple.chronod,WidgetExtensionRun-QOS-UserInitiated,RBSRunningReasonAttribute,RunningReason,20822,/System/Library/LifecyclePolicy/DomainAttributes/com.apple.chronod.plist,WidgetExtensionRun-QOS-UserInitiated/AttributeGroups[0]/Attributes[9]
com.apple.chronod,WidgetExtensionRun-QOS-UserInitiated,RBSTagAttribute,Tag,SupportsBackgroundAudio,/System/Library/LifecyclePolicy/DomainAttributes/com.apple.chronod.plist,WidgetExtensionRun-QOS-UserInitiated/AttributeGroups[0]/Attributes[8]
com.apple.chronod,WidgetExtensionRun-QOS-Utility,CompoundAny,,,/System/Library/LifecyclePolicy/DomainAttributes/com.apple.chronod.plist,WidgetExtensionRun-QOS-Utility/Restriction
com.apple.chronod,WidgetExtensionRun-QOS-Utility,OriginatorEntitlement,Entitlement,com.apple.private.extensionkit.host.any-extension,/System/Library/LifecyclePolicy/DomainAttributes/com.apple.chronod.plist,WidgetExtensionRun-QOS-Utility/Restriction/Restrictions[1]
com.apple.chronod,WidgetExtensionRun-QOS-Utility,OriginatorEntitlement,Entitlement,com.apple.runningboard.assertions.chronod,/System/Library/LifecyclePolicy/DomainAttributes/com.apple.chronod.plist,WidgetExtensionRun-QOS-Utility/Restriction/Restrictions[0]
com.apple.chronod,WidgetExtensionRun-QOS-Utility,RBSCPUAccessGrant,Role,RBSRoleLaunchTAL,/System/Library/LifecyclePolicy/DomainAttributes/com.apple.chronod.plist,WidgetExtensionRun-QOS-Utility/AttributeGroups[0]/Attributes[0]
com.apple.chronod,WidgetExtensionRun-QOS-Utility,RBSCPUMaximumUsageLimitation,Duration,20,/System/Library/LifecyclePolicy/DomainAttributes/com.apple.chronod.plist,WidgetExtensionRun-QOS-Utility/AttributeGroups[0]/Attributes[6]
com.apple.chronod,WidgetExtensionRun-QOS-Utility,RBSCPUMaximumUsageLimitation,Percentage,80,/System/Library/LifecyclePolicy/DomainAttributes/com.apple.chronod.plist,WidgetExtensionRun-QOS-Utility/AttributeGroups[0]/Attributes[6]
com.apple.chronod,WidgetExtensionRun-QOS-Utility,RBSCPUMaximumUsageLimitation,Role,RBSRoleNonUserInteractive,/System/Library/LifecyclePolicy/DomainAttributes/com.apple.chronod.plist,WidgetExtensionRun-QOS-Utility/AttributeGroups[0]/Attributes[6]
com.apple.chronod,WidgetExtensionRun-QOS-Utility,RBSCPUMaximumUsageLimitation,ViolationPolicy,RBSCPUMaximumUsageViolationPolicyLog,/System/Library/LifecyclePolicy/DomainAttributes/com.apple.chronod.plist,WidgetExtensionRun-QOS-Utility/AttributeGroups[0]/Attributes[6]
com.apple.chronod,WidgetExtensionRun-QOS-Utility,RBSDefineRelativeStartTimeGrant,,,/System/Library/LifecyclePolicy/DomainAttributes/com.apple.chronod.plist,WidgetExtensionRun-QOS-Utility/AttributeGroups[0]/Attributes[4]
com.apple.chronod,WidgetExtensionRun-QOS-Utility,RBSInvalidateUnderConditionAttribute,Condition,therm,/System/Library/LifecyclePolicy/DomainAttributes/com.apple.chronod.plist,WidgetExtensionRun-QOS-Utility/AttributeGroups[0]/Attributes[5]
com.apple.chronod,WidgetExtensionRun-QOS-Utility,RBSInvalidateUnderConditionAttribute,MinValue,840,/System/Library/LifecyclePolicy/DomainAttributes/com.apple.chronod.plist,WidgetExtensionRun-QOS-Utility/AttributeGroups[0]/Attributes[5]
com.apple.chronod,WidgetExtensionRun-QOS-Utility,RBSJetsamPriorityGrant,Band,40,/System/Library/LifecyclePolicy/DomainAttributes/com.apple.chronod.plist,WidgetExtensionRun-QOS-Utility/AttributeGroups[0]/Attributes[1]
com.apple.chronod,WidgetExtensionRun-QOS-Utility,RBSPreserveBaseMemoryGrant,,,/System/Library/LifecyclePolicy/DomainAttributes/com.apple.chronod.plist,WidgetExtensionRun-QOS-Utility/AttributeGroups[0]/Attributes[2]
com.apple.chronod,WidgetExtensionRun-QOS-Utility,RBSPreventIdleSleepGrant,,,/System/Library/LifecyclePolicy/DomainAttributes/com.apple.chronod.plist,WidgetExtensionRun-QOS-Utility/AttributeGroups[0]/Attributes[3]
com.apple.chronod,WidgetExtensionRun-QOS-Utility,RBSRunningReasonAttribute,RunningReason,20617,/System/Library/LifecyclePolicy/DomainAttributes/com.apple.chronod.plist,WidgetExtensionRun-QOS-Utility/AttributeGroups[0]/Attributes[8]
com.apple.chronod,WidgetExtensionRun-QOS-Utility,RBSTagAttribute,Tag,SupportsBackgroundAudio,/System/Library/LifecyclePolicy/DomainAttributes/com.apple.chronod.plist,WidgetExtensionRun-QOS-Utility/AttributeGroups[0]/Attributes[7]
com.apple.chronod,WidgetExtensionRunQOSUtility,CompoundAny,,,/System/Library/LifecyclePolicy/DomainAttributes/com.apple.chronod.plist,WidgetExtensionRunQOSUtility/Restriction
com.apple.chronod,WidgetExtensionRunQOSUtility,OriginatorEntitlement,Entitlement,com.apple.private.extensionkit.host.any-extension,/System/Library/LifecyclePolicy/DomainAttributes/com.apple.chronod.plist,WidgetExtensionRunQOSUtility/Restriction/Restrictions[1]
com.apple.chronod,WidgetExtensionRunQOSUtility,OriginatorEntitlement,Entitlement,com.apple.runningboard.assertions.chronod,/System/Library/LifecyclePolicy/DomainAttributes/com.apple.chronod.plist,WidgetExtensionRunQOSUtility/Restriction/Restrictions[0]
com.apple.chronod,WidgetExtensionRunQOSUtility,RBSCPUAccessGrant,Role,RBSRoleLaunchTAL,/System/Library/LifecyclePolicy/DomainAttributes/com.apple.chronod.plist,WidgetExtensionRunQOSUtility/AttributeGroups[0]/Attributes[0]
com.apple.chronod,WidgetExtensionRunQOSUtility,RBSCPUMaximumUsageLimitation,Duration,20,/System/Library/LifecyclePolicy/DomainAttributes/com.apple.chronod.plist,WidgetExtensionRunQOSUtility/AttributeGroups[0]/Attributes[5]
com.apple.chronod,WidgetExtensionRunQOSUtility,RBSCPUMaximumUsageLimitation,Percentage,80,/System/Library/LifecyclePolicy/DomainAttributes/com.apple.chronod.plist,WidgetExtensionRunQOSUtility/AttributeGroups[0]/Attributes[5]
com.apple.chronod,WidgetExtensionRunQOSUtility,RBSCPUMaximumUsageLimitation,Role,RBSRoleNonUserInteractive,/System/Library/LifecyclePolicy/DomainAttributes/com.apple.chronod.plist,WidgetExtensionRunQOSUtility/AttributeGroups[0]/Attributes[5]
com.apple.chronod,WidgetExtensionRunQOSUtility,RBSCPUMaximumUsageLimitation,ViolationPolicy,RBSCPUMaximumUsageViolationPolicyLog,/System/Library/LifecyclePolicy/DomainAttributes/com.apple.chronod.plist,WidgetExtensionRunQOSUtility/AttributeGroups[0]/Attributes[5]
com.apple.chronod,WidgetExtensionRunQOSUtility,RBSDefineRelativeStartTimeGrant,,,/System/Library/LifecyclePolicy/DomainAttributes/com.apple.chronod.plist,WidgetExtensionRunQOSUtility/AttributeGroups[0]/Attributes[4]
com.apple.chronod,WidgetExtensionRunQOSUtility,RBSJetsamPriorityGrant,Band,40,/System/Library/LifecyclePolicy/DomainAttributes/com.apple.chronod.plist,WidgetExtensionRunQOSUtility/AttributeGroups[0]/Attributes[1]
com.apple.chronod,WidgetExtensionRunQOSUtility,RBSPreserveBaseMemoryGrant,,,/System/Library/LifecyclePolicy/DomainAttributes/com.apple.chronod.plist,WidgetExtensionRunQOSUtility/AttributeGroups[0]/Attributes[2]
com.apple.chronod,WidgetExtensionRunQOSUtility,RBSPreventIdleSleepGrant,,,/System/Library/LifecyclePolicy/DomainAttributes/com.apple.chronod.plist,WidgetExtensionRunQOSUtility/AttributeGroups[0]/Attributes[3]
com.apple.chronod,WidgetExtensionRunQOSUtility,RBSRunningReasonAttribute,RunningReason,20617,/System/Library/LifecyclePolicy/DomainAttributes/com.apple.chronod.plist,WidgetExtensionRunQOSUtility/AttributeGroups[0]/Attributes[7]
com.apple.chronod,WidgetExtensionRunQOSUtility,RBSTagAttribute,Tag,SupportsBackgroundAudio,/System/Library/LifecyclePolicy/DomainAttributes/com.apple.chronod.plist,WidgetExtensionRunQOSUtility/AttributeGroups[0]/Attributes[6]
com.apple.common,AngelIPCWithGPU,RBSDomainAttribute,Domain,com.apple.common,/System/Library/LifecyclePolicy/DomainAttributes/com.apple.common.plist,AngelIPCWithGPU/AttributeGroups[0]/Attributes[0]
com.apple.common,AngelIPCWithGPU,RBSDomainAttribute,Name,BasicAngelIPC,/System/Library/LifecyclePolicy/DomainAttributes/com.apple.common.plist,AngelIPCWithGPU/AttributeGroups[0]/Attributes[0]
com.apple.common,AngelIPCWithGPU,RBSGPUAccessGrant,Role,RBSGPURoleBackground,/System/Library/LifecyclePolicy/DomainAttributes/com.apple.common.plist,AngelIPCWithGPU/AttributeGroups[0]/Attributes[1]
com.apple.common,AngelIPCWithGPU,TargetEntitlement,Entitlement,com.apple.runningboard.assertions.angeltarget,/System/Library/LifecyclePolicy/DomainAttributes/com.apple.common.plist,AngelIPCWithGPU/Restriction
com.apple.common,BannerRequest,OriginatorEntitlement,Entitlement,com.apple.runningboard.attributes.bannerrequest,/System/Library/LifecyclePolicy/DomainAttributes/com.apple.common.plist,BannerRequest/Restriction
com.apple.common,BannerRequest,RBSBaseMemoryGrant,Category,Active,/System/Library/LifecyclePolicy/DomainAttributes/com.apple.common.plist,BannerRequest/AttributeGroups[0]/Attributes[2]
com.apple.common,BannerRequest,RBSBaseMemoryGrant,Strength,RBSMemoryLimitStrengthSoft,/System/Library/LifecyclePolicy/DomainAttributes/com.apple.common.plist,BannerRequest/AttributeGroups[0]/Attributes[2]
com.apple.common,BannerRequest,RBSCPUAccessGrant,Role,RBSRoleUserInteractiveFocal,/System/Library/LifecyclePolicy/DomainAttributes/com.apple.common.plist,BannerRequest/AttributeGroups[0]/Attributes[0]
com.apple.common,BannerRequest,RBSDefineRelativeStartTimeGrant,,,/System/Library/LifecyclePolicy/DomainAttributes/com.apple.common.plist,BannerRequest/AttributeGroups[0]/Attributes[4]
com.apple.common,BannerRequest,RBSGPUAccessGrant,Role,RBSGPURoleUserInteractive,/System/Library/LifecyclePolicy/DomainAttributes/com.apple.common.plist,BannerRequest/AttributeGroups[0]/Attributes[3]
com.apple.common,BannerRequest,RBSInvalidateUnderConditionAttribute,Condition,therm,/System/Library/LifecyclePolicy/DomainAttributes/com.apple.common.plist,BannerRequest/AttributeGroups[0]/Attributes[5]
com.apple.common,BannerRequest,RBSInvalidateUnderConditionAttribute,MinValue,850,/System/Library/LifecyclePolicy/DomainAttributes/com.apple.common.plist,BannerRequest/AttributeGroups[0]/Attributes[5]
com.apple.common,BannerRequest,RBSJetsamPriorityGrant,Band,100,/System/Library/LifecyclePolicy/DomainAttributes/com.apple.common.plist,BannerRequest/AttributeGroups[0]/Attributes[1]
com.apple.common,BannerRequest,RBSRunningReasonAttribute,RunningReason,20004,/System/Library/LifecyclePolicy/DomainAttributes/com.apple.common.plist,BannerRequest/AttributeGroups[0]/Attributes[6]
com.apple.common,BasicAngelIPC,RBSDomainAttribute,Domain,com.apple.common,/System/Library/LifecyclePolicy/DomainAttributes/com.apple.common.plist,BasicAngelIPC/AttributeGroups[0]/Attributes[1]
com.apple.common,BasicAngelIPC,RBSDomainAttribute,Name,NonLaunchingAngelIPC,/System/Library/LifecyclePolicy/DomainAttributes/com.apple.common.plist,BasicAngelIPC/AttributeGroups[0]/Attributes[1]
com.apple.common,BasicAngelIPC,RBSLaunchGrant,,,/System/Library/LifecyclePolicy/DomainAttributes/com.apple.common.plist,BasicAngelIPC/AttributeGroups[0]/Attributes[0]
com.apple.common,BasicAngelIPC,TargetEntitlement,Entitlement,com.apple.runningboard.assertions.angeltarget,/System/Library/LifecyclePolicy/DomainAttributes/com.apple.common.plist,BasicAngelIPC/Restriction
com.apple.common,DontTerminateMe,RBSResistTerminationGrant,Resistance,RBSTerminationResistanceInteractive,/System/Library/LifecyclePolicy/DomainAttributes/com.apple.common.plist,DontTerminateMe/AttributeGroups[0]/Attributes[0]
com.apple.common,DontTerminateMe,TargetsSelf,,,/System/Library/LifecyclePolicy/DomainAttributes/com.apple.common.plist,DontTerminateMe/Restriction
com.apple.common,DontTerminateThem,OriginatorEntitlement,Entitlement,com.apple.runningboard.dontterminate,/System/Library/LifecyclePolicy/DomainAttributes/com.apple.common.plist,DontTerminateThem/Restriction
com.apple.common,DontTerminateThem,RBSResistTerminationGrant,Resistance,RBSTerminationResistanceInteractive,/System/Library/LifecyclePolicy/DomainAttributes/com.apple.common.plist,DontTerminateThem/AttributeGroups[0]/Attributes[0]
com.apple.common,FinishTaskCanSleep,RBSCPUAccessGrant,Role,RBSRoleBackground,/System/Library/LifecyclePolicy/DomainAttributes/com.apple.common.plist,FinishTaskCanSleep/AttributeGroups[0]/Attributes[1]
com.apple.common,FinishTaskCanSleep,RBSDurationAttribute,EndPolicy,RBSDurationEndPolicyInvalidate,/System/Library/LifecyclePolicy/DomainAttributes/com.apple.common.plist,FinishTaskCanSleep/AttributeGroups[0]/Attributes[0]
com.apple.common,FinishTaskCanSleep,RBSDurationAttribute,InvalidationDuration,30,/System/Library/LifecyclePolicy/DomainAttributes/com.apple.common.plist,FinishTaskCanSleep/AttributeGroups[0]/Attributes[0]
com.apple.common,FinishTaskCanSleep,RBSDurationAttribute,StartPolicy,RBSDurationStartPolicyDelayedRelative,/System/Library/LifecyclePolicy/DomainAttributes/com.apple.common.plist,FinishTaskCanSleep/AttributeGroups[0]/Attributes[0]
com.apple.common,FinishTaskCanSleep,RBSDurationAttribute,WarningDuration,5,/System/Library/LifecyclePolicy/DomainAttributes/com.apple.common.plist,FinishTaskCanSleep/AttributeGroups[0]/Attributes[0]
com.apple.common,FinishTaskCanSleep,RBSInvalidateUnderConditionAttribute,Condition,therm,/System/Library/LifecyclePolicy/DomainAttributes/com.apple.common.plist,FinishTaskCanSleep/AttributeGroups[0]/Attributes[4]
com.apple.common,FinishTaskCanSleep,RBSInvalidateUnderConditionAttribute,MinValue,810,/System/Library/LifecyclePolicy/DomainAttributes/com.apple.common.plist,FinishTaskCanSleep/AttributeGroups[0]/Attributes[4]
com.apple.common,FinishTaskCanSleep,RBSJetsamPriorityGrant,Band,40,/System/Library/LifecyclePolicy/DomainAttributes/com.apple.common.plist,FinishTaskCanSleep/AttributeGroups[0]/Attributes[2]
com.apple.common,FinishTaskCanSleep,RBSPreserveBaseMemoryGrant,,,/System/Library/LifecyclePolicy/DomainAttributes/com.apple.common.plist,FinishTaskCanSleep/AttributeGroups[0]/Attributes[3]
com.apple.common,FinishTaskCanSleep,RBSRunningReasonAttribute,RunningReason,4,/System/Library/LifecyclePolicy/DomainAttributes/com.apple.common.plist,FinishTaskCanSleep/AttributeGroups[0]/Attributes[6]
com.apple.common,FinishTaskCanSleep,RBSTagAttribute,Tag,SupportsBackgroundAudio,/System/Library/LifecyclePolicy/DomainAttributes/com.apple.common.plist,FinishTaskCanSleep/AttributeGroups[0]/Attributes[5]
com.apple.common,FinishTaskCanSleep,TargetsSelf,,,/System/Library/LifecyclePolicy/DomainAttributes/com.apple.common.plist,FinishTaskCanSleep/Restriction
com.apple.common,FinishTaskInterruptable,RBSCPUAccessGrant,Role,RBSRoleBackground,/System/Library/LifecyclePolicy/DomainAttributes/com.apple.common.plist,FinishTaskInterruptable/AttributeGroups[0]/Attributes[1]
com.apple.common,FinishTaskInterruptable,RBSDurationAttribute,EndPolicy,RBSDurationEndPolicyInvalidate,/System/Library/LifecyclePolicy/DomainAttributes/com.apple.common.plist,FinishTaskInterruptable/AttributeGroups[0]/Attributes[0]
com.apple.common,FinishTaskInterruptable,RBSDurationAttribute,InvalidationDuration,30,/System/Library/LifecyclePolicy/DomainAttributes/com.apple.common.plist,FinishTaskInterruptable/AttributeGroups[0]/Attributes[0]
com.apple.common,FinishTaskInterruptable,RBSDurationAttribute,StartPolicy,RBSDurationStartPolicyDelayedRelative,/System/Library/LifecyclePolicy/DomainAttributes/com.apple.common.plist,FinishTaskInterruptable/AttributeGroups[0]/Attributes[0]
com.apple.common,FinishTaskInterruptable,RBSDurationAttribute,WarningDuration,5,/System/Library/LifecyclePolicy/DomainAttributes/com.apple.common.plist,FinishTaskInterruptable/AttributeGroups[0]/Attributes[0]
com.apple.common,FinishTaskInterruptable,RBSInvalidateUnderConditionAttribute,Condition,therm,/System/Library/LifecyclePolicy/DomainAttributes/com.apple.common.plist,FinishTaskInterruptable/AttributeGroups[0]/Attributes[5]
com.apple.common,FinishTaskInterruptable,RBSInvalidateUnderConditionAttribute,MinValue,810,/System/Library/LifecyclePolicy/DomainAttributes/com.apple.common.plist,FinishTaskInterruptable/AttributeGroups[0]/Attributes[5]
com.apple.common,FinishTaskInterruptable,RBSJetsamPriorityGrant,Band,40,/System/Library/LifecyclePolicy/DomainAttributes/com.apple.common.plist,FinishTaskInterruptable/AttributeGroups[0]/Attributes[2]
com.apple.common,FinishTaskInterruptable,RBSPreserveBaseMemoryGrant,,,/System/Library/LifecyclePolicy/DomainAttributes/com.apple.common.plist,FinishTaskInterruptable/AttributeGroups[0]/Attributes[3]
com.apple.common,FinishTaskInterruptable,RBSPreventIdleSleepGrant,,,/System/Library/LifecyclePolicy/DomainAttributes/com.apple.common.plist,FinishTaskInterruptable/AttributeGroups[0]/Attributes[4]
com.apple.common,FinishTaskInterruptable,RBSRunningReasonAttribute,RunningReason,4,/System/Library/LifecyclePolicy/DomainAttributes/com.apple.common.plist,FinishTaskInterruptable/AttributeGroups[0]/Attributes[7]
com.apple.common,FinishTaskInterruptable,RBSTagAttribute,Tag,SupportsBackgroundAudio,/System/Library/LifecyclePolicy/DomainAttributes/com.apple.common.plist,FinishTaskInterruptable/AttributeGroups[0]/Attributes[6]
com.apple.common,FinishTaskInterruptable,TargetsSelf,,,/System/Library/LifecyclePolicy/DomainAttributes/com.apple.common.plist,FinishTaskInterruptable/Restriction
com.apple.common,FinishTaskNow,RBSCPUAccessGrant,Role,RBSRoleBackground,/System/Library/LifecyclePolicy/DomainAttributes/com.apple.common.plist,FinishTaskNow/AttributeGroups[0]/Attributes[1]
com.apple.common,FinishTaskNow,RBSDurationAttribute,EndPolicy,RBSDurationEndPolicyInvalidate,/System/Library/LifecyclePolicy/DomainAttributes/com.apple.common.plist,FinishTaskNow/AttributeGroups[0]/Attributes[0]
com.apple.common,FinishTaskNow,RBSDurationAttribute,InvalidationDuration,30,/System/Library/LifecyclePolicy/DomainAttributes/com.apple.common.plist,FinishTaskNow/AttributeGroups[0]/Attributes[0]
com.apple.common,FinishTaskNow,RBSDurationAttribute,StartPolicy,RBSDurationStartPolicyFixed,/System/Library/LifecyclePolicy/DomainAttributes/com.apple.common.plist,FinishTaskNow/AttributeGroups[0]/Attributes[0]
com.apple.common,FinishTaskNow,RBSDurationAttribute,WarningDuration,5,/System/Library/LifecyclePolicy/DomainAttributes/com.apple.common.plist,FinishTaskNow/AttributeGroups[0]/Attributes[0]
com.apple.common,FinishTaskNow,RBSInvalidateUnderConditionAttribute,Condition,therm,/System/Library/LifecyclePolicy/DomainAttributes/com.apple.common.plist,FinishTaskNow/AttributeGroups[0]/Attributes[5]
com.apple.common,FinishTaskNow,RBSInvalidateUnderConditionAttribute,MinValue,810,/System/Library/LifecyclePolicy/DomainAttributes/com.apple.common.plist,FinishTaskNow/AttributeGroups[0]/Attributes[5]
com.apple.common,FinishTaskNow,RBSJetsamPriorityGrant,Band,40,/System/Library/LifecyclePolicy/DomainAttributes/com.apple.common.plist,FinishTaskNow/AttributeGroups[0]/Attributes[2]
com.apple.common,FinishTaskNow,RBSPreserveBaseMemoryGrant,,,/System/Library/LifecyclePolicy/DomainAttributes/com.apple.common.plist,FinishTaskNow/AttributeGroups[0]/Attributes[3]
com.apple.common,FinishTaskNow,RBSPreventIdleSleepGrant,,,/System/Library/LifecyclePolicy/DomainAttributes/com.apple.common.plist,FinishTaskNow/AttributeGroups[0]/Attributes[4]
com.apple.common,FinishTaskNow,RBSRunningReasonAttribute,RunningReason,4,/System/Library/LifecyclePolicy/DomainAttributes/com.apple.common.plist,FinishTaskNow/AttributeGroups[0]/Attributes[7]
com.apple.common,FinishTaskNow,RBSTagAttribute,Tag,SupportsBackgroundAudio,/System/Library/LifecyclePolicy/DomainAttributes/com.apple.common.plist,FinishTaskNow/AttributeGroups[0]/Attributes[6]
com.apple.common,FinishTaskNow,TargetsSelf,,,/System/Library/LifecyclePolicy/DomainAttributes/com.apple.common.plist,FinishTaskNow/Restriction
com.apple.common,FinishTaskUninterruptable,RBSCPUAccessGrant,Role,RBSRoleBackground,/System/Library/LifecyclePolicy/DomainAttributes/com.apple.common.plist,FinishTaskUninterruptable/AttributeGroups[0]/Attributes[1]
com.apple.common,FinishTaskUninterruptable,RBSDurationAttribute,EndPolicy,RBSDurationEndPolicyInvalidate,/System/Library/LifecyclePolicy/DomainAttributes/com.apple.common.plist,FinishTaskUninterruptable/AttributeGroups[0]/Attributes[0]
com.apple.common,FinishTaskUninterruptable,RBSDurationAttribute,InvalidationDuration,30,/System/Library/LifecyclePolicy/DomainAttributes/com.apple.common.plist,FinishTaskUninterruptable/AttributeGroups[0]/Attributes[0]
com.apple.common,FinishTaskUninterruptable,RBSDurationAttribute,StartPolicy,RBSDurationStartPolicyDelayedRelative,/System/Library/LifecyclePolicy/DomainAttributes/com.apple.common.plist,FinishTaskUninterruptable/AttributeGroups[0]/Attributes[0]
com.apple.common,FinishTaskUninterruptable,RBSDurationAttribute,WarningDuration,5,/System/Library/LifecyclePolicy/DomainAttributes/com.apple.common.plist,FinishTaskUninterruptable/AttributeGroups[0]/Attributes[0]
com.apple.common,FinishTaskUninterruptable,RBSJetsamPriorityGrant,Band,40,/System/Library/LifecyclePolicy/DomainAttributes/com.apple.common.plist,FinishTaskUninterruptable/AttributeGroups[0]/Attributes[2]
com.apple.common,FinishTaskUninterruptable,RBSPreserveBaseMemoryGrant,,,/System/Library/LifecyclePolicy/DomainAttributes/com.apple.common.plist,FinishTaskUninterruptable/AttributeGroups[0]/Attributes[3]
com.apple.common,FinishTaskUninterruptable,RBSPreventIdleSleepGrant,,,/System/Library/LifecyclePolicy/DomainAttributes/com.apple.common.plist,FinishTaskUninterruptable/AttributeGroups[0]/Attributes[4]
com.apple.common,FinishTaskUninterruptable,RBSRunningReasonAttribute,RunningReason,4,/System/Library/LifecyclePolicy/DomainAttributes/com.apple.common.plist,FinishTaskUninterruptable/AttributeGroups[0]/Attributes[6]
com.apple.common,FinishTaskUninterruptable,RBSTagAttribute,Tag,SupportsBackgroundAudio,/System/Library/LifecyclePolicy/DomainAttributes/com.apple.common.plist,FinishTaskUninterruptable/AttributeGroups[0]/Attributes[5]
com.apple.common,FinishTaskUninterruptable,TargetsSelf,,,/System/Library/LifecyclePolicy/DomainAttributes/com.apple.common.plist,FinishTaskUninterruptable/Restriction
com.apple.common,NonLaunchingAngelIPC,RBSCPUAccessGrant,Role,RBSRoleNonUserInteractive,/System/Library/LifecyclePolicy/DomainAttributes/com.apple.common.plist,NonLaunchingAngelIPC/AttributeGroups[0]/Attributes[0]
com.apple.common,NonLaunchingAngelIPC,RBSDefineRelativeStartTimeGrant,,,/System/Library/LifecyclePolicy/DomainAttributes/com.apple.common.plist,NonLaunchingAngelIPC/AttributeGroups[0]/Attributes[4]
com.apple.common,NonLaunchingAngelIPC,RBSJetsamPriorityGrant,Band,40,/System/Library/LifecyclePolicy/DomainAttributes/com.apple.common.plist,NonLaunchingAngelIPC/AttributeGroups[0]/Attributes[1]
com.apple.common,NonLaunchingAngelIPC,RBSMimicTaskSuspensionAttribute,,,/System/Library/LifecyclePolicy/DomainAttributes/com.apple.common.plist,NonLaunchingAngelIPC/AttributeGroups[0]/Attributes[5]
com.apple.common,NonLaunchingAngelIPC,RBSPreserveBaseMemoryGrant,,,/System/Library/LifecyclePolicy/DomainAttributes/com.apple.common.plist,NonLaunchingAngelIPC/AttributeGroups[0]/Attributes[2]
com.apple.common,NonLaunchingAngelIPC,RBSResistTerminationGrant,Resistance,RBSTerminationResistanceNonInteractive,/System/Library/LifecyclePolicy/DomainAttributes/com.apple.common.plist,NonLaunchingAngelIPC/AttributeGroups[0]/Attributes[3]
com.apple.common,NonLaunchingAngelIPC,RBSRunningReasonAttribute,RunningReason,20201,/System/Library/LifecyclePolicy/DomainAttributes/com.apple.common.plist,NonLaunchingAngelIPC/AttributeGroups[0]/Attributes[6]
com.apple.common,NonLaunchingAngelIPC,TargetEntitlement,Entitlement,com.apple.runningboard.assertions.angeltarget,/System/Library/LifecyclePolicy/DomainAttributes/com.apple.common.plist,NonLaunchingAngelIPC/Restriction
com.apple.compass,Location,OriginatorEntitlement,Entitlement,com.apple.runningboard.assertions.compass,/System/Library/LifecyclePolicy/DomainAttributes/com.apple.compass.plist,Location/Restriction
com.apple.compass,Location,RBSBaseMemoryGrant,Category,Active,/System/Library/LifecyclePolicy/DomainAttributes/com.apple.compass.plist,Location/AttributeGroups[0]/Attributes[3]
com.apple.compass,Location,RBSBaseMemoryGrant,Strength,RBSMemoryLimitStrengthSoft,/System/Library/LifecyclePolicy/DomainAttributes/com.apple.compass.plist,Location/AttributeGroups[0]/Attributes[3]
com.apple.compass,Location,RBSCPUAccessGrant,Role,RBSRoleUserInteractiveNonFocal,/System/Library/LifecyclePolicy/DomainAttributes/com.apple.compass.plist,Location/AttributeGroups[0]/Attributes[0]
com.apple.compass,Location,RBSCoalitionLevelGrant,CoalitionLevel,RBSCoalitionLevelHigh,/System/Library/LifecyclePolicy/DomainAttributes/com.apple.compass.plist,Location/AttributeGroups[0]/Attributes[1]
com.apple.compass,Location,RBSGPUAccessGrant,Role,RBSGPURoleBackground,/System/Library/LifecyclePolicy/DomainAttributes/com.apple.compass.plist,Location/AttributeGroups[0]/Attributes[4]
com.apple.compass,Location,RBSJetsamPriorityGrant,Band,100,/System/Library/LifecyclePolicy/DomainAttributes/com.apple.compass.plist,Location/AttributeGroups[0]/Attributes[2]
com.apple.compass,Location,RBSPreventIdleSleepGrant,,,/System/Library/LifecyclePolicy/DomainAttributes/com.apple.compass.plist,Location/AttributeGroups[0]/Attributes[5]
com.apple.compass,Location,RBSRunningReasonAttribute,RunningReason,20211,/System/Library/LifecyclePolicy/DomainAttributes/com.apple.compass.plist,Location/AttributeGroups[0]/Attributes[6]
com.apple.coredata.filelocks,DatabaseSchemaMigration,OriginatorEntitlement,Entitlement,com.apple.runningboard.assertions.coredata,/System/Library/LifecyclePolicy/DomainAttributes/com.apple.coredata.filelocks.plist,DatabaseSchemaMigration/Restriction
com.apple.coredata.filelocks,DatabaseSchemaMigration,RBSCPUAccessGrant,Role,RBSRoleNonUserInteractive,/System/Library/LifecyclePolicy/DomainAttributes/com.apple.coredata.filelocks.plist,DatabaseSchemaMigration/AttributeGroups[0]/Attributes[1]
com.apple.coredata.filelocks,DatabaseSchemaMigration,RBSDurationAttribute,EndPolicy,RBSDurationEndPolicyTerminate,/System/Library/LifecyclePolicy/DomainAttributes/com.apple.coredata.filelocks.plist,DatabaseSchemaMigration/AttributeGroups[0]/Attributes[0]
com.apple.coredata.filelocks,DatabaseSchemaMigration,RBSDurationAttribute,InvalidationDuration,600,/System/Library/LifecyclePolicy/DomainAttributes/com.apple.coredata.filelocks.plist,DatabaseSchemaMigration/AttributeGroups[0]/Attributes[0]
com.apple.coredata.filelocks,DatabaseSchemaMigration,RBSDurationAttribute,StartPolicy,RBSDurationStartPolicyFixed,/System/Library/LifecyclePolicy/DomainAttributes/com.apple.coredata.filelocks.plist,DatabaseSchemaMigration/AttributeGroups[0]/Attributes[0]
com.apple.coredata.filelocks,DatabaseSchemaMigration,RBSDurationAttribute,WarningDuration,10,/System/Library/LifecyclePolicy/DomainAttributes/com.apple.coredata.filelocks.plist,DatabaseSchemaMigration/AttributeGroups[0]/Attributes[0]
com.apple.coredata.filelocks,DatabaseSchemaMigration,RBSJetsamPriorityGrant,Band,40,/System/Library/LifecyclePolicy/DomainAttributes/com.apple.coredata.filelocks.plist,DatabaseSchemaMigration/AttributeGroups[0]/Attributes[2]
com.apple.coredata.filelocks,DatabaseSchemaMigration,RBSPreserveBaseMemoryGrant,,,/System/Library/LifecyclePolicy/DomainAttributes/com.apple.coredata.filelocks.plist,DatabaseSchemaMigration/AttributeGroups[0]/Attributes[3]
com.apple.coredata.filelocks,DatabaseSchemaMigration,RBSRunningReasonAttribute,RunningReason,20829,/System/Library/LifecyclePolicy/DomainAttributes/com.apple.coredata.filelocks.plist,DatabaseSchemaMigration/AttributeGroups[0]/Attributes[4]
com.apple.coredata.filelocks,SharedDatabaseAccess,CompoundAny,,,/System/Library/LifecyclePolicy/DomainAttributes/com.apple.coredata.filelocks.plist,SharedDatabaseAccess/Restriction
com.apple.coredata.filelocks,SharedDatabaseAccess,OriginatorEntitlement,Entitlement,com.apple.runningboard.assertions.coredata,/System/Library/LifecyclePolicy/DomainAttributes/com.apple.coredata.filelocks.plist,SharedDatabaseAccess/Restriction/Restrictions[0]
com.apple.coredata.filelocks,SharedDatabaseAccess,RBSCPUAccessGrant,Role,RBSRoleBackground,/System/Library/LifecyclePolicy/DomainAttributes/com.apple.coredata.filelocks.plist,SharedDatabaseAccess/AttributeGroups[0]/Attributes[1]
com.apple.coredata.filelocks,SharedDatabaseAccess,RBSDurationAttribute,EndPolicy,RBSDurationEndPolicyTerminate,/System/Library/LifecyclePolicy/DomainAttributes/com.apple.coredata.filelocks.plist,SharedDatabaseAccess/AttributeGroups[0]/Attributes[0]
com.apple.coredata.filelocks,SharedDatabaseAccess,RBSDurationAttribute,InvalidationDuration,300,/System/Library/LifecyclePolicy/DomainAttributes/com.apple.coredata.filelocks.plist,SharedDatabaseAccess/AttributeGroups[0]/Attributes[0]
com.apple.coredata.filelocks,SharedDatabaseAccess,RBSDurationAttribute,StartPolicy,RBSDurationStartPolicyFixed,/System/Library/LifecyclePolicy/DomainAttributes/com.apple.coredata.filelocks.plist,SharedDatabaseAccess/AttributeGroups[0]/Attributes[0]
com.apple.coredata.filelocks,SharedDatabaseAccess,RBSDurationAttribute,WarningDuration,30,/System/Library/LifecyclePolicy/DomainAttributes/com.apple.coredata.filelocks.plist,SharedDatabaseAccess/AttributeGroups[0]/Attributes[0]
com.apple.coredata.filelocks,SharedDatabaseAccess,RBSJetsamPriorityGrant,Band,40,/System/Library/LifecyclePolicy/DomainAttributes/com.apple.coredata.filelocks.plist,SharedDatabaseAccess/AttributeGroups[0]/Attributes[2]
com.apple.coredata.filelocks,SharedDatabaseAccess,RBSPreserveBaseMemoryGrant,,,/System/Library/LifecyclePolicy/DomainAttributes/com.apple.coredata.filelocks.plist,SharedDatabaseAccess/AttributeGroups[0]/Attributes[3]
com.apple.coredata.filelocks,SharedDatabaseAccess,RBSRunningReasonAttribute,RunningReason,20422,/System/Library/LifecyclePolicy/DomainAttributes/com.apple.coredata.filelocks.plist,SharedDatabaseAccess/AttributeGroups[0]/Attributes[4]
com.apple.coredata.filelocks,SharedDatabaseAccess,TargetsSelf,,,/System/Library/LifecyclePolicy/DomainAttributes/com.apple.coredata.filelocks.plist,SharedDatabaseAccess/Restriction/Restrictions[1]
com.apple.coremedia,AssetDownload,OriginatorEntitlement,Entitlement,com.apple.runningboard.assertions.coremedia,/System/Library/LifecyclePolicy/DomainAttributes/com.apple.coremedia.plist,AssetDownload/Restriction
com.apple.coremedia,AssetDownload,RBSCPUAccessGrant,Role,RBSRoleBackground,/System/Library/LifecyclePolicy/DomainAttributes/com.apple.coremedia.plist,AssetDownload/AttributeGroups[0]/Attributes[1]
com.apple.coremedia,AssetDownload,RBSDurationAttribute,EndPolicy,RBSDurationEndPolicyInvalidate,/System/Library/LifecyclePolicy/DomainAttributes/com.apple.coremedia.plist,AssetDownload/AttributeGroups[0]/Attributes[0]
com.apple.coremedia,AssetDownload,RBSDurationAttribute,InvalidationDuration,30,/System/Library/LifecyclePolicy/DomainAttributes/com.apple.coremedia.plist,AssetDownload/AttributeGroups[0]/Attributes[0]
com.apple.coremedia,AssetDownload,RBSDurationAttribute,StartPolicy,RBSDurationStartPolicyDelayedRelative,/System/Library/LifecyclePolicy/DomainAttributes/com.apple.coremedia.plist,AssetDownload/AttributeGroups[0]/Attributes[0]
com.apple.coremedia,AssetDownload,RBSDurationAttribute,WarningDuration,5,/System/Library/LifecyclePolicy/DomainAttributes/com.apple.coremedia.plist,AssetDownload/AttributeGroups[0]/Attributes[0]
com.apple.coremedia,AssetDownload,RBSInvalidateUnderConditionAttribute,Condition,therm,/System/Library/LifecyclePolicy/DomainAttributes/com.apple.coremedia.plist,AssetDownload/AttributeGroups[0]/Attributes[5]
com.apple.coremedia,AssetDownload,RBSInvalidateUnderConditionAttribute,MinValue,810,/System/Library/LifecyclePolicy/DomainAttributes/com.apple.coremedia.plist,AssetDownload/AttributeGroups[0]/Attributes[5]
com.apple.coremedia,AssetDownload,RBSJetsamPriorityGrant,Band,40,/System/Library/LifecyclePolicy/DomainAttributes/com.apple.coremedia.plist,AssetDownload/AttributeGroups[0]/Attributes[2]
com.apple.coremedia,AssetDownload,RBSPreserveBaseMemoryGrant,,,/System/Library/LifecyclePolicy/DomainAttributes/com.apple.coremedia.plist,AssetDownload/AttributeGroups[0]/Attributes[3]
com.apple.coremedia,AssetDownload,RBSPreventIdleSleepGrant,,,/System/Library/LifecyclePolicy/DomainAttributes/com.apple.coremedia.plist,AssetDownload/AttributeGroups[0]/Attributes[4]
com.apple.coremedia,AssetDownload,RBSRunningReasonAttribute,RunningReason,4,/System/Library/LifecyclePolicy/DomainAttributes/com.apple.coremedia.plist,AssetDownload/AttributeGroups[0]/Attributes[7]
com.apple.coremedia,AssetDownload,RBSTagAttribute,Tag,SupportsBackgroundAudio,/System/Library/LifecyclePolicy/DomainAttributes/com.apple.coremedia.plist,AssetDownload/AttributeGroups[0]/Attributes[6]
com.apple.coremedia,MediaPlayback,RBSBaseMemoryGrant,Category,Active,/System/Library/LifecyclePolicy/DomainAttributes/com.apple.coremedia.plist,MediaPlayback/AttributeGroups[0]/Attributes[3]
com.apple.coremedia,MediaPlayback,RBSBaseMemoryGrant,Strength,RBSMemoryLimitStrengthSoft,/System/Library/LifecyclePolicy/DomainAttributes/com.apple.coremedia.plist,MediaPlayback/AttributeGroups[0]/Attributes[3]
com.apple.coremedia,MediaPlayback,RBSCPUAccessGrant,Role,RBSRoleNonUserInteractive,/System/Library/LifecyclePolicy/DomainAttributes/com.apple.coremedia.plist,MediaPlayback/AttributeGroups[0]/Attributes[0]
com.apple.coremedia,MediaPlayback,RBSCPUMaximumUsageLimitation,Duration,60,/System/Library/LifecyclePolicy/DomainAttributes/com.apple.coremedia.plist,MediaPlayback/AttributeGroups[0]/Attributes[7]
com.apple.coremedia,MediaPlayback,RBSCPUMaximumUsageLimitation,Percentage,80,/System/Library/LifecyclePolicy/DomainAttributes/com.apple.coremedia.plist,MediaPlayback/AttributeGroups[0]/Attributes[7]
com.apple.coremedia,MediaPlayback,RBSCPUMaximumUsageLimitation,Role,RBSRoleBackground,/System/Library/LifecyclePolicy/DomainAttributes/com.apple.coremedia.plist,MediaPlayback/AttributeGroups[0]/Attributes[7]
com.apple.coremedia,MediaPlayback,RBSCPUMaximumUsageLimitation,ViolationPolicy,RBSCPUMaximumUsageViolationPolicyInvalidateAndTerminateProcess,/System/Library/LifecyclePolicy/DomainAttributes/com.apple.coremedia.plist,MediaPlayback/AttributeGroups[0]/Attributes[7]
com.apple.coremedia,MediaPlayback,RBSCoalitionLevelGrant,CoalitionLevel,RBSCoalitionLevelHigh,/System/Library/LifecyclePolicy/DomainAttributes/com.apple.coremedia.plist,MediaPlayback/AttributeGroups[0]/Attributes[1]
com.apple.coremedia,MediaPlayback,RBSDefineRelativeStartTimeGrant,,,/System/Library/LifecyclePolicy/DomainAttributes/com.apple.coremedia.plist,MediaPlayback/AttributeGroups[0]/Attributes[6]
com.apple.coremedia,MediaPlayback,RBSInvalidateUnderConditionAttribute,Condition,therm,/System/Library/LifecyclePolicy/DomainAttributes/com.apple.coremedia.plist,MediaPlayback/AttributeGroups[0]/Attributes[8]
com.apple.coremedia,MediaPlayback,RBSInvalidateUnderConditionAttribute,MinValue,840,/System/Library/LifecyclePolicy/DomainAttributes/com.apple.coremedia.plist,MediaPlayback/AttributeGroups[0]/Attributes[8]
com.apple.coremedia,MediaPlayback,RBSJetsamPriorityGrant,Band,100,/System/Library/LifecyclePolicy/DomainAttributes/com.apple.coremedia.plist,MediaPlayback/AttributeGroups[0]/Attributes[2]
com.apple.coremedia,MediaPlayback,RBSPreventIdleSleepGrant,,,/System/Library/LifecyclePolicy/DomainAttributes/com.apple.coremedia.plist,MediaPlayback/AttributeGroups[0]/Attributes[5]
com.apple.coremedia,MediaPlayback,RBSResistTerminationGrant,Resistance,RBSTerminationResistanceInteractive,/System/Library/LifecyclePolicy/DomainAttributes/com.apple.coremedia.plist,MediaPlayback/AttributeGroups[0]/Attributes[4]
com.apple.coremedia,MediaPlayback,RBSRunningReasonAttribute,RunningReason,1,/System/Library/LifecyclePolicy/DomainAttributes/com.apple.coremedia.plist,MediaPlayback/AttributeGroups[0]/Attributes[10]
com.apple.coremedia,MediaPlayback,RBSTagAttribute,Tag,SupportsBackgroundAudio,/System/Library/LifecyclePolicy/DomainAttributes/com.apple.coremedia.plist,MediaPlayback/AttributeGroups[0]/Attributes[9]
com.apple.coreos,reconnect,OriginatorEntitlement,Entitlement,com.apple.private.runningboard.reconnect,/System/Library/LifecyclePolicy/DomainAttributes/com.apple.coreos.plist,reconnect/Restriction
com.apple.coreos,reconnect,RBSCPUAccessGrant,Role,RBSRoleUserInteractiveNonFocal,/System/Library/LifecyclePolicy/DomainAttributes/com.apple.coreos.plist,reconnect/AttributeGroups[0]/Attributes[1]
com.apple.coreos,reconnect,RBSCoalitionLevelGrant,CoalitionLevel,RBSCoalitionLevelHigh,/System/Library/LifecyclePolicy/DomainAttributes/com.apple.coreos.plist,reconnect/AttributeGroups[0]/Attributes[2]
com.apple.coreos,reconnect,RBSDurationAttribute,EndPolicy,RBSDurationEndPolicyInvalidate,/System/Library/LifecyclePolicy/DomainAttributes/com.apple.coreos.plist,reconnect/AttributeGroups[0]/Attributes[0]
com.apple.coreos,reconnect,RBSDurationAttribute,InvalidationDuration,2,/System/Library/LifecyclePolicy/DomainAttributes/com.apple.coreos.plist,reconnect/AttributeGroups[0]/Attributes[0]
com.apple.coreos,reconnect,RBSDurationAttribute,StartPolicy,RBSDurationStartPolicyFixed,/System/Library/LifecyclePolicy/DomainAttributes/com.apple.coreos.plist,reconnect/AttributeGroups[0]/Attributes[0]
com.apple.coreos,reconnect,RBSDurationAttribute,WarningDuration,0,/System/Library/LifecyclePolicy/DomainAttributes/com.apple.coreos.plist,reconnect/AttributeGroups[0]/Attributes[0]
com.apple.coreos,reconnect,RBSJetsamPriorityGrant,Band,40,/System/Library/LifecyclePolicy/DomainAttributes/com.apple.coreos.plist,reconnect/AttributeGroups[0]/Attributes[3]
com.apple.coreos,reconnect,RBSPreserveBaseMemoryGrant,,,/System/Library/LifecyclePolicy/DomainAttributes/com.apple.coreos.plist,reconnect/AttributeGroups[0]/Attributes[4]
com.apple.coreos,reconnect,RBSRunningReasonAttribute,RunningReason,20212,/System/Library/LifecyclePolicy/DomainAttributes/com.apple.coreos.plist,reconnect/AttributeGroups[0]/Attributes[5]
com.apple.coreservices.useractivityd,ActivityAdvertising,OriginatorEntitlement,Entitlement,com.apple.runningboard.assertions.useractivityd,/System/Library/LifecyclePolicy/DomainAttributes/com.apple.coreservices.useractivityd.plist,ActivityAdvertising/Restriction
com.apple.coreservices.useractivityd,ActivityAdvertising,RBSCPUAccessGrant,Role,RBSRoleNonUserInteractive,/System/Library/LifecyclePolicy/DomainAttributes/com.apple.coreservices.useractivityd.plist,ActivityAdvertising/AttributeGroups[0]/Attributes[0]
com.apple.coreservices.useractivityd,ActivityAdvertising,RBSCoalitionLevelGrant,CoalitionLevel,RBSCoalitionLevelHigh,/System/Library/LifecyclePolicy/DomainAttributes/com.apple.coreservices.useractivityd.plist,ActivityAdvertising/AttributeGroups[0]/Attributes[1]
com.apple.coreservices.useractivityd,ActivityAdvertising,RBSJetsamPriorityGrant,Band,40,/System/Library/LifecyclePolicy/DomainAttributes/com.apple.coreservices.useractivityd.plist,ActivityAdvertising/AttributeGroups[0]/Attributes[2]
com.apple.coreservices.useractivityd,ActivityAdvertising,RBSPreserveBaseMemoryGrant,,,/System/Library/LifecyclePolicy/DomainAttributes/com.apple.coreservices.useractivityd.plist,ActivityAdvertising/AttributeGroups[0]/Attributes[3]
com.apple.coreservices.useractivityd,ActivityAdvertising,RBSRunningReasonAttribute,RunningReason,20213,/System/Library/LifecyclePolicy/DomainAttributes/com.apple.coreservices.useractivityd.plist,ActivityAdvertising/AttributeGroups[0]/Attributes[4]
com.apple.dasd,BGAppRefreshTask,OriginatorEntitlement,Entitlement,com.apple.das.bgassertions,/System/Library/LifecyclePolicy/DomainAttributes/com.apple.dasd.plist,BGAppRefreshTask/Restriction
com.apple.dasd,BGAppRefreshTask,RBSCPUAccessGrant,Role,RBSRoleBackground,/System/Library/LifecyclePolicy/DomainAttributes/com.apple.dasd.plist,BGAppRefreshTask/AttributeGroups[0]/Attributes[1]
com.apple.dasd,BGAppRefreshTask,RBSCPUMaximumUsageLimitation,Duration,60,/System/Library/LifecyclePolicy/DomainAttributes/com.apple.dasd.plist,BGAppRefreshTask/AttributeGroups[0]/Attributes[5]
com.apple.dasd,BGAppRefreshTask,RBSCPUMaximumUsageLimitation,Percentage,80,/System/Library/LifecyclePolicy/DomainAttributes/com.apple.dasd.plist,BGAppRefreshTask/AttributeGroups[0]/Attributes[5]
com.apple.dasd,BGAppRefreshTask,RBSCPUMaximumUsageLimitation,Role,RBSRoleBackground,/System/Library/LifecyclePolicy/DomainAttributes/com.apple.dasd.plist,BGAppRefreshTask/AttributeGroups[0]/Attributes[5]
com.apple.dasd,BGAppRefreshTask,RBSCPUMaximumUsageLimitation,ViolationPolicy,RBSCPUMaximumUsageViolationPolicyInvalidateAndTerminateProcess,/System/Library/LifecyclePolicy/DomainAttributes/com.apple.dasd.plist,BGAppRefreshTask/AttributeGroups[0]/Attributes[5]
com.apple.dasd,BGAppRefreshTask,RBSDurationAttribute,EndPolicy,RBSDurationEndPolicyInvalidate,/System/Library/LifecyclePolicy/DomainAttributes/com.apple.dasd.plist,BGAppRefreshTask/AttributeGroups[0]/Attributes[0]
com.apple.dasd,BGAppRefreshTask,RBSDurationAttribute,InvalidationDuration,30,/System/Library/LifecyclePolicy/DomainAttributes/com.apple.dasd.plist,BGAppRefreshTask/AttributeGroups[0]/Attributes[0]
com.apple.dasd,BGAppRefreshTask,RBSDurationAttribute,StartPolicy,RBSDurationStartPolicyFixed,/System/Library/LifecyclePolicy/DomainAttributes/com.apple.dasd.plist,BGAppRefreshTask/AttributeGroups[0]/Attributes[0]
com.apple.dasd,BGAppRefreshTask,RBSDurationAttribute,WarningDuration,5,/System/Library/LifecyclePolicy/DomainAttributes/com.apple.dasd.plist,BGAppRefreshTask/AttributeGroups[0]/Attributes[0]
com.apple.dasd,BGAppRefreshTask,RBSJetsamPriorityGrant,Band,40,/System/Library/LifecyclePolicy/DomainAttributes/com.apple.dasd.plist,BGAppRefreshTask/AttributeGroups[0]/Attributes[2]
com.apple.dasd,BGAppRefreshTask,RBSPreserveBaseMemoryGrant,,,/System/Library/LifecyclePolicy/DomainAttributes/com.apple.dasd.plist,BGAppRefreshTask/AttributeGroups[0]/Attributes[3]
com.apple.dasd,BGAppRefreshTask,RBSPreventIdleSleepGrant,,,/System/Library/LifecyclePolicy/DomainAttributes/com.apple.dasd.plist,BGAppRefreshTask/AttributeGroups[0]/Attributes[4]
com.apple.dasd,BGAppRefreshTask,RBSRunningReasonAttribute,RunningReason,100,/System/Library/LifecyclePolicy/DomainAttributes/com.apple.dasd.plist,BGAppRefreshTask/AttributeGroups[0]/Attributes[6]
com.apple.dasd,BGContinuedProcessingTask,OriginatorEntitlement,Entitlement,com.apple.das.bgassertions,/System/Library/LifecyclePolicy/DomainAttributes/com.apple.dasd.plist,BGContinuedProcessingTask/Restriction
com.apple.dasd,BGContinuedProcessingTask,RBSCPUAccessGrant,Role,RBSRoleBackground,/System/Library/LifecyclePolicy/DomainAttributes/com.apple.dasd.plist,BGContinuedProcessingTask/AttributeGroups[0]/Attributes[0]
com.apple.dasd,BGContinuedProcessingTask,RBSJetsamPriorityGrant,Band,89,/System/Library/LifecyclePolicy/DomainAttributes/com.apple.dasd.plist,BGContinuedProcessingTask/AttributeGroups[0]/Attributes[1]
com.apple.dasd,BGContinuedProcessingTask,RBSPreserveBaseMemoryGrant,,,/System/Library/LifecyclePolicy/DomainAttributes/com.apple.dasd.plist,BGContinuedProcessingTask/AttributeGroups[0]/Attributes[2]
com.apple.dasd,BGContinuedProcessingTask,RBSPreventIdleSleepGrant,,,/System/Library/LifecyclePolicy/DomainAttributes/com.apple.dasd.plist,BGContinuedProcessingTask/AttributeGroups[0]/Attributes[4]
com.apple.dasd,BGContinuedProcessingTask,RBSResistTerminationGrant,Resistance,RBSTerminationResistanceInteractive,/System/Library/LifecyclePolicy/DomainAttributes/com.apple.dasd.plist,BGContinuedProcessingTask/AttributeGroups[0]/Attributes[3]
com.apple.dasd,BGContinuedProcessingTask,RBSRunningReasonAttribute,RunningReason,20802,/System/Library/LifecyclePolicy/DomainAttributes/com.apple.dasd.plist,BGContinuedProcessingTask/AttributeGroups[0]/Attributes[6]
com.apple.dasd,BGContinuedProcessingTask,RBSTagAttribute,Tag,SupportsContinuedBackgroundProcessing,/System/Library/LifecyclePolicy/DomainAttributes/com.apple.dasd.plist,BGContinuedProcessingTask/AttributeGroups[0]/Attributes[5]
com.apple.dasd,BGContinuedProcessingTask-GPU,OriginatorEntitlement,Entitlement,com.apple.das.bgassertions,/System/Library/LifecyclePolicy/DomainAttributes/com.apple.dasd.plist,BGContinuedProcessingTask-GPU/Restriction
com.apple.dasd,BGContinuedProcessingTask-GPU,RBSGPUAccessGrant,Role,RBSGPURoleBackground,/System/Library/LifecyclePolicy/DomainAttributes/com.apple.dasd.plist,BGContinuedProcessingTask-GPU/AttributeGroups[0]/Attributes[0]
com.apple.dasd,BGContinuedProcessingTask-GPU,RBSRunningReasonAttribute,RunningReason,20804,/System/Library/LifecyclePolicy/DomainAttributes/com.apple.dasd.plist,BGContinuedProcessingTask-GPU/AttributeGroups[0]/Attributes[1]
com.apple.dasd,BGProcessingTask-ExposureNotification,OriginatorEntitlement,Entitlement,com.apple.das.bgassertions,/System/Library/LifecyclePolicy/DomainAttributes/com.apple.dasd.plist,BGProcessingTask-ExposureNotification/Restriction
com.apple.dasd,BGProcessingTask-ExposureNotification,RBSCPUAccessGrant,Role,RBSRoleBackground,/System/Library/LifecyclePolicy/DomainAttributes/com.apple.dasd.plist,BGProcessingTask-ExposureNotification/AttributeGroups[0]/Attributes[1]
com.apple.dasd,BGProcessingTask-ExposureNotification,RBSCPUMaximumUsageLimitation,Duration,60,/System/Library/LifecyclePolicy/DomainAttributes/com.apple.dasd.plist,BGProcessingTask-ExposureNotification/AttributeGroups[0]/Attributes[6]
com.apple.dasd,BGProcessingTask-ExposureNotification,RBSCPUMaximumUsageLimitation,Percentage,80,/System/Library/LifecyclePolicy/DomainAttributes/com.apple.dasd.plist,BGProcessingTask-ExposureNotification/AttributeGroups[0]/Attributes[6]
com.apple.dasd,BGProcessingTask-ExposureNotification,RBSCPUMaximumUsageLimitation,Role,RBSRoleBackground,/System/Library/LifecyclePolicy/DomainAttributes/com.apple.dasd.plist,BGProcessingTask-ExposureNotification/AttributeGroups[0]/Attributes[6]
com.apple.dasd,BGProcessingTask-ExposureNotification,RBSCPUMaximumUsageLimitation,ViolationPolicy,RBSCPUMaximumUsageViolationPolicyInvalidateAndTerminateProcess,/System/Library/LifecyclePolicy/DomainAttributes/com.apple.dasd.plist,BGProcessingTask-ExposureNotification/AttributeGroups[0]/Attributes[6]
com.apple.dasd,BGProcessingTask-ExposureNotification,RBSDefineRelativeStartTimeGrant,,,/System/Library/LifecyclePolicy/DomainAttributes/com.apple.dasd.plist,BGProcessingTask-ExposureNotification/AttributeGroups[0]/Attributes[5]
com.apple.dasd,BGProcessingTask-ExposureNotification,RBSDurationAttribute,EndPolicy,RBSDurationEndPolicyInvalidate,/System/Library/LifecyclePolicy/DomainAttributes/com.apple.dasd.plist,BGProcessingTask-ExposureNotification/AttributeGroups[0]/Attributes[0]
com.apple.dasd,BGProcessingTask-ExposureNotification,RBSDurationAttribute,InvalidationDuration,300,/System/Library/LifecyclePolicy/DomainAttributes/com.apple.dasd.plist,BGProcessingTask-ExposureNotification/AttributeGroups[0]/Attributes[0]
com.apple.dasd,BGProcessingTask-ExposureNotification,RBSDurationAttribute,StartPolicy,RBSDurationStartPolicyFixed,/System/Library/LifecyclePolicy/DomainAttributes/com.apple.dasd.plist,BGProcessingTask-ExposureNotification/AttributeGroups[0]/Attributes[0]
com.apple.dasd,BGProcessingTask-ExposureNotification,RBSDurationAttribute,WarningDuration,5,/System/Library/LifecyclePolicy/DomainAttributes/com.apple.dasd.plist,BGProcessingTask-ExposureNotification/AttributeGroups[0]/Attributes[0]
com.apple.dasd,BGProcessingTask-ExposureNotification,RBSJetsamPriorityGrant,Band,40,/System/Library/LifecyclePolicy/DomainAttributes/com.apple.dasd.plist,BGProcessingTask-ExposureNotification/AttributeGroups[0]/Attributes[2]
com.apple.dasd,BGProcessingTask-ExposureNotification,RBSPreserveBaseMemoryGrant,,,/System/Library/LifecyclePolicy/DomainAttributes/com.apple.dasd.plist,BGProcessingTask-ExposureNotification/AttributeGroups[0]/Attributes[3]
com.apple.dasd,BGProcessingTask-ExposureNotification,RBSPreventIdleSleepGrant,,,/System/Library/LifecyclePolicy/DomainAttributes/com.apple.dasd.plist,BGProcessingTask-ExposureNotification/AttributeGroups[0]/Attributes[4]
com.apple.dasd,BGProcessingTask-ExposureNotification,RBSRunningReasonAttribute,RunningReason,103,/System/Library/LifecyclePolicy/DomainAttributes/com.apple.dasd.plist,BGProcessingTask-ExposureNotification/AttributeGroups[0]/Attributes[7]
com.apple.dasd,BGProcessingTask-HealthResearch,OriginatorEntitlement,Entitlement,com.apple.das.bgassertions,/System/Library/LifecyclePolicy/DomainAttributes/com.apple.dasd.plist,BGProcessingTask-HealthResearch/Restriction
com.apple.dasd,BGProcessingTask-HealthResearch,RBSCPUAccessGrant,Role,RBSRoleBackground,/System/Library/LifecyclePolicy/DomainAttributes/com.apple.dasd.plist,BGProcessingTask-HealthResearch/AttributeGroups[0]/Attributes[1]
com.apple.dasd,BGProcessingTask-HealthResearch,RBSCPUMaximumUsageLimitation,Duration,60,/System/Library/LifecyclePolicy/DomainAttributes/com.apple.dasd.plist,BGProcessingTask-HealthResearch/AttributeGroups[0]/Attributes[6]
com.apple.dasd,BGProcessingTask-HealthResearch,RBSCPUMaximumUsageLimitation,Percentage,80,/System/Library/LifecyclePolicy/DomainAttributes/com.apple.dasd.plist,BGProcessingTask-HealthResearch/AttributeGroups[0]/Attributes[6]
com.apple.dasd,BGProcessingTask-HealthResearch,RBSCPUMaximumUsageLimitation,Role,RBSRoleBackground,/System/Library/LifecyclePolicy/DomainAttributes/com.apple.dasd.plist,BGProcessingTask-HealthResearch/AttributeGroups[0]/Attributes[6]
com.apple.dasd,BGProcessingTask-HealthResearch,RBSCPUMaximumUsageLimitation,ViolationPolicy,RBSCPUMaximumUsageViolationPolicyInvalidateAndTerminateProcess,/System/Library/LifecyclePolicy/DomainAttributes/com.apple.dasd.plist,BGProcessingTask-HealthResearch/AttributeGroups[0]/Attributes[6]
com.apple.dasd,BGProcessingTask-HealthResearch,RBSDefineRelativeStartTimeGrant,,,/System/Library/LifecyclePolicy/DomainAttributes/com.apple.dasd.plist,BGProcessingTask-HealthResearch/AttributeGroups[0]/Attributes[5]
com.apple.dasd,BGProcessingTask-HealthResearch,RBSDurationAttribute,EndPolicy,RBSDurationEndPolicyInvalidate,/System/Library/LifecyclePolicy/DomainAttributes/com.apple.dasd.plist,BGProcessingTask-HealthResearch/AttributeGroups[0]/Attributes[0]
com.apple.dasd,BGProcessingTask-HealthResearch,RBSDurationAttribute,InvalidationDuration,300,/System/Library/LifecyclePolicy/DomainAttributes/com.apple.dasd.plist,BGProcessingTask-HealthResearch/AttributeGroups[0]/Attributes[0]
com.apple.dasd,BGProcessingTask-HealthResearch,RBSDurationAttribute,StartPolicy,RBSDurationStartPolicyFixed,/System/Library/LifecyclePolicy/DomainAttributes/com.apple.dasd.plist,BGProcessingTask-HealthResearch/AttributeGroups[0]/Attributes[0]
com.apple.dasd,BGProcessingTask-HealthResearch,RBSDurationAttribute,WarningDuration,5,/System/Library/LifecyclePolicy/DomainAttributes/com.apple.dasd.plist,BGProcessingTask-HealthResearch/AttributeGroups[0]/Attributes[0]
com.apple.dasd,BGProcessingTask-HealthResearch,RBSJetsamPriorityGrant,Band,40,/System/Library/LifecyclePolicy/DomainAttributes/com.apple.dasd.plist,BGProcessingTask-HealthResearch/AttributeGroups[0]/Attributes[2]
com.apple.dasd,BGProcessingTask-HealthResearch,RBSPreserveBaseMemoryGrant,,,/System/Library/LifecyclePolicy/DomainAttributes/com.apple.dasd.plist,BGProcessingTask-HealthResearch/AttributeGroups[0]/Attributes[3]
com.apple.dasd,BGProcessingTask-HealthResearch,RBSPreventIdleSleepGrant,,,/System/Library/LifecyclePolicy/DomainAttributes/com.apple.dasd.plist,BGProcessingTask-HealthResearch/AttributeGroups[0]/Attributes[4]
com.apple.dasd,BGProcessingTask-HealthResearch,RBSRunningReasonAttribute,RunningReason,103,/System/Library/LifecyclePolicy/DomainAttributes/com.apple.dasd.plist,BGProcessingTask-HealthResearch/AttributeGroups[0]/Attributes[7]
com.apple.dasd,BGProcessingTask-Restricted,OriginatorEntitlement,Entitlement,com.apple.das.bgassertions,/System/Library/LifecyclePolicy/DomainAttributes/com.apple.dasd.plist,BGProcessingTask-Restricted/Restriction
com.apple.dasd,BGProcessingTask-Restricted,RBSCPUAccessGrant,Role,RBSRoleBackground,/System/Library/LifecyclePolicy/DomainAttributes/com.apple.dasd.plist,BGProcessingTask-Restricted/AttributeGroups[0]/Attributes[1]
com.apple.dasd,BGProcessingTask-Restricted,RBSCPUMaximumUsageLimitation,Duration,60,/System/Library/LifecyclePolicy/DomainAttributes/com.apple.dasd.plist,BGProcessingTask-Restricted/AttributeGroups[0]/Attributes[6]
com.apple.dasd,BGProcessingTask-Restricted,RBSCPUMaximumUsageLimitation,Percentage,80,/System/Library/LifecyclePolicy/DomainAttributes/com.apple.dasd.plist,BGProcessingTask-Restricted/AttributeGroups[0]/Attributes[6]
com.apple.dasd,BGProcessingTask-Restricted,RBSCPUMaximumUsageLimitation,Role,RBSRoleBackground,/System/Library/LifecyclePolicy/DomainAttributes/com.apple.dasd.plist,BGProcessingTask-Restricted/AttributeGroups[0]/Attributes[6]
com.apple.dasd,BGProcessingTask-Restricted,RBSCPUMaximumUsageLimitation,ViolationPolicy,RBSCPUMaximumUsageViolationPolicyInvalidateAndTerminateProcess,/System/Library/LifecyclePolicy/DomainAttributes/com.apple.dasd.plist,BGProcessingTask-Restricted/AttributeGroups[0]/Attributes[6]
com.apple.dasd,BGProcessingTask-Restricted,RBSDefineRelativeStartTimeGrant,,,/System/Library/LifecyclePolicy/DomainAttributes/com.apple.dasd.plist,BGProcessingTask-Restricted/AttributeGroups[0]/Attributes[5]
com.apple.dasd,BGProcessingTask-Restricted,RBSDurationAttribute,EndPolicy,RBSDurationEndPolicyInvalidate,/System/Library/LifecyclePolicy/DomainAttributes/com.apple.dasd.plist,BGProcessingTask-Restricted/AttributeGroups[0]/Attributes[0]
com.apple.dasd,BGProcessingTask-Restricted,RBSDurationAttribute,InvalidationDuration,300,/System/Library/LifecyclePolicy/DomainAttributes/com.apple.dasd.plist,BGProcessingTask-Restricted/AttributeGroups[0]/Attributes[0]
com.apple.dasd,BGProcessingTask-Restricted,RBSDurationAttribute,StartPolicy,RBSDurationStartPolicyFixed,/System/Library/LifecyclePolicy/DomainAttributes/com.apple.dasd.plist,BGProcessingTask-Restricted/AttributeGroups[0]/Attributes[0]
com.apple.dasd,BGProcessingTask-Restricted,RBSDurationAttribute,WarningDuration,5,/System/Library/LifecyclePolicy/DomainAttributes/com.apple.dasd.plist,BGProcessingTask-Restricted/AttributeGroups[0]/Attributes[0]
com.apple.dasd,BGProcessingTask-Restricted,RBSJetsamPriorityGrant,Band,40,/System/Library/LifecyclePolicy/DomainAttributes/com.apple.dasd.plist,BGProcessingTask-Restricted/AttributeGroups[0]/Attributes[2]
com.apple.dasd,BGProcessingTask-Restricted,RBSPreserveBaseMemoryGrant,,,/System/Library/LifecyclePolicy/DomainAttributes/com.apple.dasd.plist,BGProcessingTask-Restricted/AttributeGroups[0]/Attributes[3]
com.apple.dasd,BGProcessingTask-Restricted,RBSPreventIdleSleepGrant,,,/System/Library/LifecyclePolicy/DomainAttributes/com.apple.dasd.plist,BGProcessingTask-Restricted/AttributeGroups[0]/Attributes[4]
com.apple.dasd,BGProcessingTask-Restricted,RBSRunningReasonAttribute,RunningReason,102,/System/Library/LifecyclePolicy/DomainAttributes/com.apple.dasd.plist,BGProcessingTask-Restricted/AttributeGroups[0]/Attributes[7]
com.apple.dasd,BGProcessingTask-Unrestricted,OriginatorEntitlement,Entitlement,com.apple.das.bgassertions,/System/Library/LifecyclePolicy/DomainAttributes/com.apple.dasd.plist,BGProcessingTask-Unrestricted/Restriction
com.apple.dasd,BGProcessingTask-Unrestricted,RBSCPUAccessGrant,Role,RBSRoleNonUserInteractive,/System/Library/LifecyclePolicy/DomainAttributes/com.apple.dasd.plist,BGProcessingTask-Unrestricted/AttributeGroups[0]/Attributes[1]
com.apple.dasd,BGProcessingTask-Unrestricted,RBSCPUMinimumUsageGrant,Duration,4294967295,/System/Library/LifecyclePolicy/DomainAttributes/com.apple.dasd.plist,BGProcessingTask-Unrestricted/AttributeGroups[0]/Attributes[7]
com.apple.dasd,BGProcessingTask-Unrestricted,RBSCPUMinimumUsageGrant,Percentage,100,/System/Library/LifecyclePolicy/DomainAttributes/com.apple.dasd.plist,BGProcessingTask-Unrestricted/AttributeGroups[0]/Attributes[7]
com.apple.dasd,BGProcessingTask-Unrestricted,RBSCPUMinimumUsageGrant,Role,RBSRoleNonUserInteractive,/System/Library/LifecyclePolicy/DomainAttributes/com.apple.dasd.plist,BGProcessingTask-Unrestricted/AttributeGroups[0]/Attributes[7]
com.apple.dasd,BGProcessingTask-Unrestricted,RBSCoalitionLevelGrant,CoalitionLevel,RBSCoalitionLevelHigh,/System/Library/LifecyclePolicy/DomainAttributes/com.apple.dasd.plist,BGProcessingTask-Unrestricted/AttributeGroups[0]/Attributes[2]
com.apple.dasd,BGProcessingTask-Unrestricted,RBSDefineRelativeStartTimeGrant,,,/System/Library/LifecyclePolicy/DomainAttributes/com.apple.dasd.plist,BGProcessingTask-Unrestricted/AttributeGroups[0]/Attributes[6]
com.apple.dasd,BGProcessingTask-Unrestricted,RBSDurationAttribute,EndPolicy,RBSDurationEndPolicyInvalidate,/System/Library/LifecyclePolicy/DomainAttributes/com.apple.dasd.plist,BGProcessingTask-Unrestricted/AttributeGroups[0]/Attributes[0]
com.apple.dasd,BGProcessingTask-Unrestricted,RBSDurationAttribute,InvalidationDuration,300,/System/Library/LifecyclePolicy/DomainAttributes/com.apple.dasd.plist,BGProcessingTask-Unrestricted/AttributeGroups[0]/Attributes[0]
com.apple.dasd,BGProcessingTask-Unrestricted,RBSDurationAttribute,StartPolicy,RBSDurationStartPolicyFixed,/System/Library/LifecyclePolicy/DomainAttributes/com.apple.dasd.plist,BGProcessingTask-Unrestricted/AttributeGroups[0]/Attributes[0]
com.apple.dasd,BGProcessingTask-Unrestricted,RBSDurationAttribute,WarningDuration,5,/System/Library/LifecyclePolicy/DomainAttributes/com.apple.dasd.plist,BGProcessingTask-Unrestricted/AttributeGroups[0]/Attributes[0]
com.apple.dasd,BGProcessingTask-Unrestricted,RBSJetsamPriorityGrant,Band,40,/System/Library/LifecyclePolicy/DomainAttributes/com.apple.dasd.plist,BGProcessingTask-Unrestricted/AttributeGroups[0]/Attributes[3]
com.apple.dasd,BGProcessingTask-Unrestricted,RBSPreserveBaseMemoryGrant,,,/System/Library/LifecyclePolicy/DomainAttributes/com.apple.dasd.plist,BGProcessingTask-Unrestricted/AttributeGroups[0]/Attributes[4]
com.apple.dasd,BGProcessingTask-Unrestricted,RBSPreventIdleSleepGrant,,,/System/Library/LifecyclePolicy/DomainAttributes/com.apple.dasd.plist,BGProcessingTask-Unrestricted/AttributeGroups[0]/Attributes[5]
com.apple.dasd,BGProcessingTask-Unrestricted,RBSRunningReasonAttribute,RunningReason,101,/System/Library/LifecyclePolicy/DomainAttributes/com.apple.dasd.plist,BGProcessingTask-Unrestricted/AttributeGroups[0]/Attributes[8]
com.apple.dasd,BackgroundDownload,OriginatorEntitlement,Entitlement,com.apple.das.bgassertions,/System/Library/LifecyclePolicy/DomainAttributes/com.apple.dasd.plist,BackgroundDownload/Restriction
com.apple.dasd,BackgroundDownload,RBSCPUAccessGrant,Role,RBSRoleBackground,/System/Library/LifecyclePolicy/DomainAttributes/com.apple.dasd.plist,BackgroundDownload/AttributeGroups[0]/Attributes[1]
com.apple.dasd,BackgroundDownload,RBSDefineRelativeStartTimeGrant,,,/System/Library/LifecyclePolicy/DomainAttributes/com.apple.dasd.plist,BackgroundDownload/AttributeGroups[0]/Attributes[4]
com.apple.dasd,BackgroundDownload,RBSDurationAttribute,EndPolicy,RBSDurationEndPolicyInvalidate,/System/Library/LifecyclePolicy/DomainAttributes/com.apple.dasd.plist,BackgroundDownload/AttributeGroups[0]/Attributes[0]
com.apple.dasd,BackgroundDownload,RBSDurationAttribute,InvalidationDuration,30,/System/Library/LifecyclePolicy/DomainAttributes/com.apple.dasd.plist,BackgroundDownload/AttributeGroups[0]/Attributes[0]
com.apple.dasd,BackgroundDownload,RBSDurationAttribute,StartPolicy,RBSDurationStartPolicyFixed,/System/Library/LifecyclePolicy/DomainAttributes/com.apple.dasd.plist,BackgroundDownload/AttributeGroups[0]/Attributes[0]
com.apple.dasd,BackgroundDownload,RBSDurationAttribute,WarningDuration,5,/System/Library/LifecyclePolicy/DomainAttributes/com.apple.dasd.plist,BackgroundDownload/AttributeGroups[0]/Attributes[0]
com.apple.dasd,BackgroundDownload,RBSJetsamPriorityGrant,Band,40,/System/Library/LifecyclePolicy/DomainAttributes/com.apple.dasd.plist,BackgroundDownload/AttributeGroups[0]/Attributes[2]
com.apple.dasd,BackgroundDownload,RBSPreserveBaseMemoryGrant,,,/System/Library/LifecyclePolicy/DomainAttributes/com.apple.dasd.plist,BackgroundDownload/AttributeGroups[0]/Attributes[3]
com.apple.dasd,BackgroundDownload,RBSRunningReasonAttribute,RunningReason,11,/System/Library/LifecyclePolicy/DomainAttributes/com.apple.dasd.plist,BackgroundDownload/AttributeGroups[0]/Attributes[5]
com.apple.dasd,BackgroundDownloadHostJetsamBand,OriginatorEntitlement,Entitlement,com.apple.das.bgassertions,/System/Library/LifecyclePolicy/DomainAttributes/com.apple.dasd.plist,BackgroundDownloadHostJetsamBand/Restriction
com.apple.dasd,BackgroundDownloadHostJetsamBand,RBSJetsamPriorityGrant,Band,40,/System/Library/LifecyclePolicy/DomainAttributes/com.apple.dasd.plist,BackgroundDownloadHostJetsamBand/AttributeGroups[0]/Attributes[0]
com.apple.dasd,ContinuousDownload,OriginatorEntitlement,Entitlement,com.apple.das.bgassertions,/System/Library/LifecyclePolicy/DomainAttributes/com.apple.dasd.plist,ContinuousDownload/Restriction
com.apple.dasd,ContinuousDownload,RBSCPUAccessGrant,Role,RBSRoleBackground,/System/Library/LifecyclePolicy/DomainAttributes/com.apple.dasd.plist,ContinuousDownload/AttributeGroups[0]/Attributes[0]
com.apple.dasd,ContinuousDownload,RBSDefineRelativeStartTimeGrant,,,/System/Library/LifecyclePolicy/DomainAttributes/com.apple.dasd.plist,ContinuousDownload/AttributeGroups[0]/Attributes[4]
com.apple.dasd,ContinuousDownload,RBSJetsamPriorityGrant,Band,40,/System/Library/LifecyclePolicy/DomainAttributes/com.apple.dasd.plist,ContinuousDownload/AttributeGroups[0]/Attributes[1]
com.apple.dasd,ContinuousDownload,RBSPreserveBaseMemoryGrant,,,/System/Library/LifecyclePolicy/DomainAttributes/com.apple.dasd.plist,ContinuousDownload/AttributeGroups[0]/Attributes[2]
com.apple.dasd,ContinuousDownload,RBSPreventIdleSleepGrant,,,/System/Library/LifecyclePolicy/DomainAttributes/com.apple.dasd.plist,ContinuousDownload/AttributeGroups[0]/Attributes[3]
com.apple.dasd,ContinuousDownload,RBSRunningReasonAttribute,RunningReason,20615,/System/Library/LifecyclePolicy/DomainAttributes/com.apple.dasd.plist,ContinuousDownload/AttributeGroups[0]/Attributes[5]
com.apple.dasd,DYLDLaunch,OriginatorEntitlement,Entitlement,com.apple.das.bgassertions,/System/Library/LifecyclePolicy/DomainAttributes/com.apple.dasd.plist,DYLDLaunch/Restriction
com.apple.dasd,DYLDLaunch,RBSCPUAccessGrant,Role,RBSRoleBackground,/System/Library/LifecyclePolicy/DomainAttributes/com.apple.dasd.plist,DYLDLaunch/AttributeGroups[0]/Attributes[1]
com.apple.dasd,DYLDLaunch,RBSDefineRelativeStartTimeGrant,,,/System/Library/LifecyclePolicy/DomainAttributes/com.apple.dasd.plist,DYLDLaunch/AttributeGroups[0]/Attributes[2]
com.apple.dasd,DYLDLaunch,RBSDurationAttribute,EndPolicy,RBSDurationEndPolicyInvalidate,/System/Library/LifecyclePolicy/DomainAttributes/com.apple.dasd.plist,DYLDLaunch/AttributeGroups[0]/Attributes[0]
com.apple.dasd,DYLDLaunch,RBSDurationAttribute,InvalidationDuration,30,/System/Library/LifecyclePolicy/DomainAttributes/com.apple.dasd.plist,DYLDLaunch/AttributeGroups[0]/Attributes[0]
com.apple.dasd,DYLDLaunch,RBSDurationAttribute,StartPolicy,RBSDurationStartPolicyFixed,/System/Library/LifecyclePolicy/DomainAttributes/com.apple.dasd.plist,DYLDLaunch/AttributeGroups[0]/Attributes[0]
com.apple.dasd,DYLDLaunch,RBSDurationAttribute,WarningDuration,5,/System/Library/LifecyclePolicy/DomainAttributes/com.apple.dasd.plist,DYLDLaunch/AttributeGroups[0]/Attributes[0]
com.apple.dasd,DYLDLaunch,RBSRunningReasonAttribute,RunningReason,20003,/System/Library/LifecyclePolicy/DomainAttributes/com.apple.dasd.plist,DYLDLaunch/AttributeGroups[0]/Attributes[3]
com.apple.dasd,DockApp,OriginatorEntitlement,Entitlement,com.apple.das.bgassertions,/System/Library/LifecyclePolicy/DomainAttributes/com.apple.dasd.plist,DockApp/Restriction
com.apple.dasd,DockApp,RBSJetsamPriorityGrant,Band,30,/System/Library/LifecyclePolicy/DomainAttributes/com.apple.dasd.plist,DockApp/AttributeGroups[0]/Attributes[0]
com.apple.dasd,HealthLaunch,OriginatorEntitlement,Entitlement,com.apple.das.bgassertions,/System/Library/LifecyclePolicy/DomainAttributes/com.apple.dasd.plist,HealthLaunch/Restriction
com.apple.dasd,HealthLaunch,RBSCPUAccessGrant,Role,RBSRoleBackground,/System/Library/LifecyclePolicy/DomainAttributes/com.apple.dasd.plist,HealthLaunch/AttributeGroups[0]/Attributes[1]
com.apple.dasd,HealthLaunch,RBSDurationAttribute,EndPolicy,RBSDurationEndPolicyInvalidate,/System/Library/LifecyclePolicy/DomainAttributes/com.apple.dasd.plist,HealthLaunch/AttributeGroups[0]/Attributes[0]
com.apple.dasd,HealthLaunch,RBSDurationAttribute,InvalidationDuration,30,/System/Library/LifecyclePolicy/DomainAttributes/com.apple.dasd.plist,HealthLaunch/AttributeGroups[0]/Attributes[0]
com.apple.dasd,HealthLaunch,RBSDurationAttribute,StartPolicy,RBSDurationStartPolicyDelayedRelative,/System/Library/LifecyclePolicy/DomainAttributes/com.apple.dasd.plist,HealthLaunch/AttributeGroups[0]/Attributes[0]
com.apple.dasd,HealthLaunch,RBSDurationAttribute,WarningDuration,5,/System/Library/LifecyclePolicy/DomainAttributes/com.apple.dasd.plist,HealthLaunch/AttributeGroups[0]/Attributes[0]
com.apple.dasd,HealthLaunch,RBSJetsamPriorityGrant,Band,40,/System/Library/LifecyclePolicy/DomainAttributes/com.apple.dasd.plist,HealthLaunch/AttributeGroups[0]/Attributes[2]
com.apple.dasd,HealthLaunch,RBSPreserveBaseMemoryGrant,,,/System/Library/LifecyclePolicy/DomainAttributes/com.apple.dasd.plist,HealthLaunch/AttributeGroups[0]/Attributes[3]
com.apple.dasd,HealthLaunch,RBSRunningReasonAttribute,RunningReason,15,/System/Library/LifecyclePolicy/DomainAttributes/com.apple.dasd.plist,HealthLaunch/AttributeGroups[0]/Attributes[4]
com.apple.displayarchive,RenderClientProcessing,OriginatorEntitlement,Entitlement,com.apple.runningboard.assertions.displayarchive,/System/Library/LifecyclePolicy/DomainAttributes/com.apple.displayarchive.plist,RenderClientProcessing/Restriction
com.apple.displayarchive,RenderClientProcessing,RBSCPUAccessGrant,Role,RBSRoleUserInteractiveNonFocal,/System/Library/LifecyclePolicy/DomainAttributes/com.apple.displayarchive.plist,RenderClientProcessing/AttributeGroups[0]/Attributes[0]
com.apple.displayarchive,RenderClientProcessing,RBSCoalitionLevelGrant,CoalitionLevel,RBSCoalitionLevelHigh,/System/Library/LifecyclePolicy/DomainAttributes/com.apple.displayarchive.plist,RenderClientProcessing/AttributeGroups[0]/Attributes[1]
com.apple.displayarchive,RenderClientProcessing,RBSRunningReasonAttribute,RunningReason,20214,/System/Library/LifecyclePolicy/DomainAttributes/com.apple.displayarchive.plist,RenderClientProcessing/AttributeGroups[0]/Attributes[2]
com.apple.dock,CopyMenu,OriginatorEntitlement,Entitlement,com.apple.runningboard.assertions.dock,/System/Library/LifecyclePolicy/DomainAttributes/com.apple.dock.plist,CopyMenu/Restriction
com.apple.dock,CopyMenu,RBSCPUAccessGrant,Role,RBSRoleUserInteractiveNonFocal,/System/Library/LifecyclePolicy/DomainAttributes/com.apple.dock.plist,CopyMenu/AttributeGroups[0]/Attributes[0]
com.apple.dock,CopyMenu,RBSCoalitionLevelGrant,CoalitionLevel,RBSCoalitionLevelHigh,/System/Library/LifecyclePolicy/DomainAttributes/com.apple.dock.plist,CopyMenu/AttributeGroups[0]/Attributes[1]
com.apple.dock,CopyMenu,RBSRunningReasonAttribute,RunningReason,20204,/System/Library/LifecyclePolicy/DomainAttributes/com.apple.dock.plist,CopyMenu/AttributeGroups[0]/Attributes[2]
com.apple.dt.xctest,AppHostedUnitTests,OriginatorEntitlement,Entitlement,com.apple.runningboard.assertions.xctest ,/System/Library/LifecyclePolicy/DomainAttributes/com.apple.dt.xctest.plist,AppHostedUnitTests/Restriction
com.apple.dt.xctest,AppHostedUnitTests,RBSBaseMemoryGrant,Category,Active,/System/Library/LifecyclePolicy/DomainAttributes/com.apple.dt.xctest.plist,AppHostedUnitTests/AttributeGroups[0]/Attributes[4]
com.apple.dt.xctest,AppHostedUnitTests,RBSBaseMemoryGrant,Strength,RBSMemoryLimitStrengthSoft,/System/Library/LifecyclePolicy/DomainAttributes/com.apple.dt.xctest.plist,AppHostedUnitTests/AttributeGroups[0]/Attributes[4]
com.apple.dt.xctest,AppHostedUnitTests,RBSCPUAccessGrant,Role,RBSRoleNonUserInteractive,/System/Library/LifecyclePolicy/DomainAttributes/com.apple.dt.xctest.plist,AppHostedUnitTests/AttributeGroups[0]/Attributes[0]
com.apple.dt.xctest,AppHostedUnitTests,RBSCoalitionLevelGrant,CoalitionLevel,RBSCoalitionLevelHigh,/System/Library/LifecyclePolicy/DomainAttributes/com.apple.dt.xctest.plist,AppHostedUnitTests/AttributeGroups[0]/Attributes[1]
com.apple.dt.xctest,AppHostedUnitTests,RBSDefineRelativeStartTimeGrant,,,/System/Library/LifecyclePolicy/DomainAttributes/com.apple.dt.xctest.plist,AppHostedUnitTests/AttributeGroups[0]/Attributes[6]
com.apple.dt.xctest,AppHostedUnitTests,RBSJetsamPriorityGrant,Band,100,/System/Library/LifecyclePolicy/DomainAttributes/com.apple.dt.xctest.plist,AppHostedUnitTests/AttributeGroups[0]/Attributes[3]
com.apple.dt.xctest,AppHostedUnitTests,RBSPreventIdleSleepGrant,,,/System/Library/LifecyclePolicy/DomainAttributes/com.apple.dt.xctest.plist,AppHostedUnitTests/AttributeGroups[0]/Attributes[2]
com.apple.dt.xctest,AppHostedUnitTests,RBSResistTerminationGrant,Resistance,RBSTerminationResistanceInteractive,/System/Library/LifecyclePolicy/DomainAttributes/com.apple.dt.xctest.plist,AppHostedUnitTests/AttributeGroups[0]/Attributes[5]
com.apple.dt.xctest,AppHostedUnitTests,RBSRunningReasonAttribute,RunningReason,7,/System/Library/LifecyclePolicy/DomainAttributes/com.apple.dt.xctest.plist,AppHostedUnitTests/AttributeGroups[0]/Attributes[8]
com.apple.dt.xctest,AppHostedUnitTests,RBSTagAttribute,Tag,SupportsBackgroundAudio,/System/Library/LifecyclePolicy/DomainAttributes/com.apple.dt.xctest.plist,AppHostedUnitTests/AttributeGroups[0]/Attributes[7]
com.apple.dt.xctest,UIAutomationTargetApp,OriginatorEntitlement,Entitlement,com.apple.runningboard.assertions.xctest ,/System/Library/LifecyclePolicy/DomainAttributes/com.apple.dt.xctest.plist,UIAutomationTargetApp/Restriction
com.apple.dt.xctest,UIAutomationTargetApp,RBSBaseMemoryGrant,Category,Active,/System/Library/LifecyclePolicy/DomainAttributes/com.apple.dt.xctest.plist,UIAutomationTargetApp/AttributeGroups[0]/Attributes[3]
com.apple.dt.xctest,UIAutomationTargetApp,RBSBaseMemoryGrant,Strength,RBSMemoryLimitStrengthSoft,/System/Library/LifecyclePolicy/DomainAttributes/com.apple.dt.xctest.plist,UIAutomationTargetApp/AttributeGroups[0]/Attributes[3]
com.apple.dt.xctest,UIAutomationTargetApp,RBSCPUAccessGrant,Role,RBSRoleNonUserInteractive,/System/Library/LifecyclePolicy/DomainAttributes/com.apple.dt.xctest.plist,UIAutomationTargetApp/AttributeGroups[0]/Attributes[0]
com.apple.dt.xctest,UIAutomationTargetApp,RBSCoalitionLevelGrant,CoalitionLevel,RBSCoalitionLevelHigh,/System/Library/LifecyclePolicy/DomainAttributes/com.apple.dt.xctest.plist,UIAutomationTargetApp/AttributeGroups[0]/Attributes[1]
com.apple.dt.xctest,UIAutomationTargetApp,RBSDefineRelativeStartTimeGrant,,,/System/Library/LifecyclePolicy/DomainAttributes/com.apple.dt.xctest.plist,UIAutomationTargetApp/AttributeGroups[0]/Attributes[6]
com.apple.dt.xctest,UIAutomationTargetApp,RBSJetsamPriorityGrant,Band,100,/System/Library/LifecyclePolicy/DomainAttributes/com.apple.dt.xctest.plist,UIAutomationTargetApp/AttributeGroups[0]/Attributes[2]
com.apple.dt.xctest,UIAutomationTargetApp,RBSPreventIdleSleepGrant,,,/System/Library/LifecyclePolicy/DomainAttributes/com.apple.dt.xctest.plist,UIAutomationTargetApp/AttributeGroups[0]/Attributes[4]
com.apple.dt.xctest,UIAutomationTargetApp,RBSResistTerminationGrant,Resistance,RBSTerminationResistanceInteractive,/System/Library/LifecyclePolicy/DomainAttributes/com.apple.dt.xctest.plist,UIAutomationTargetApp/AttributeGroups[0]/Attributes[5]
com.apple.dt.xctest,UIAutomationTargetApp,RBSRunningReasonAttribute,RunningReason,7,/System/Library/LifecyclePolicy/DomainAttributes/com.apple.dt.xctest.plist,UIAutomationTargetApp/AttributeGroups[0]/Attributes[8]
com.apple.dt.xctest,UIAutomationTargetApp,RBSTagAttribute,Tag,SupportsBackgroundAudio,/System/Library/LifecyclePolicy/DomainAttributes/com.apple.dt.xctest.plist,UIAutomationTargetApp/AttributeGroups[0]/Attributes[7]
com.apple.dt.xctest,XCUIAutomationTestRunner,OriginatorEntitlement,Entitlement,com.apple.runningboard.assertions.xctest ,/System/Library/LifecyclePolicy/DomainAttributes/com.apple.dt.xctest.plist,XCUIAutomationTestRunner/Restriction
com.apple.dt.xctest,XCUIAutomationTestRunner,RBSBaseMemoryGrant,Category,Active,/System/Library/LifecyclePolicy/DomainAttributes/com.apple.dt.xctest.plist,XCUIAutomationTestRunner/AttributeGroups[0]/Attributes[3]
com.apple.dt.xctest,XCUIAutomationTestRunner,RBSBaseMemoryGrant,Strength,RBSMemoryLimitStrengthSoft,/System/Library/LifecyclePolicy/DomainAttributes/com.apple.dt.xctest.plist,XCUIAutomationTestRunner/AttributeGroups[0]/Attributes[3]
com.apple.dt.xctest,XCUIAutomationTestRunner,RBSCPUAccessGrant,Role,RBSRoleNonUserInteractive,/System/Library/LifecyclePolicy/DomainAttributes/com.apple.dt.xctest.plist,XCUIAutomationTestRunner/AttributeGroups[0]/Attributes[0]
com.apple.dt.xctest,XCUIAutomationTestRunner,RBSCoalitionLevelGrant,CoalitionLevel,RBSCoalitionLevelHigh,/System/Library/LifecyclePolicy/DomainAttributes/com.apple.dt.xctest.plist,XCUIAutomationTestRunner/AttributeGroups[0]/Attributes[1]
com.apple.dt.xctest,XCUIAutomationTestRunner,RBSDefineRelativeStartTimeGrant,,,/System/Library/LifecyclePolicy/DomainAttributes/com.apple.dt.xctest.plist,XCUIAutomationTestRunner/AttributeGroups[0]/Attributes[6]
com.apple.dt.xctest,XCUIAutomationTestRunner,RBSJetsamPriorityGrant,Band,100,/System/Library/LifecyclePolicy/DomainAttributes/com.apple.dt.xctest.plist,XCUIAutomationTestRunner/AttributeGroups[0]/Attributes[2]
com.apple.dt.xctest,XCUIAutomationTestRunner,RBSPreventIdleSleepGrant,,,/System/Library/LifecyclePolicy/DomainAttributes/com.apple.dt.xctest.plist,XCUIAutomationTestRunner/AttributeGroups[0]/Attributes[4]
com.apple.dt.xctest,XCUIAutomationTestRunner,RBSResistTerminationGrant,Resistance,RBSTerminationResistanceInteractive,/System/Library/LifecyclePolicy/DomainAttributes/com.apple.dt.xctest.plist,XCUIAutomationTestRunner/AttributeGroups[0]/Attributes[5]
com.apple.dt.xctest,XCUIAutomationTestRunner,RBSRunningReasonAttribute,RunningReason,7,/System/Library/LifecyclePolicy/DomainAttributes/com.apple.dt.xctest.plist,XCUIAutomationTestRunner/AttributeGroups[0]/Attributes[8]
com.apple.dt.xctest,XCUIAutomationTestRunner,RBSTagAttribute,Tag,SupportsBackgroundAudio,/System/Library/LifecyclePolicy/DomainAttributes/com.apple.dt.xctest.plist,XCUIAutomationTestRunner/AttributeGroups[0]/Attributes[7]
com.apple.email,WakeClient,OriginatorEntitlement,Entitlement,com.apple.runningboard.email,/System/Library/LifecyclePolicy/DomainAttributes/com.apple.email.plist,WakeClient/Restriction
com.apple.email,WakeClient,RBSCPUAccessGrant,Role,RBSRoleNonUserInteractive,/System/Library/LifecyclePolicy/DomainAttributes/com.apple.email.plist,WakeClient/AttributeGroups[0]/Attributes[1]
com.apple.email,WakeClient,RBSCoalitionLevelGrant,CoalitionLevel,RBSCoalitionLevelHigh,/System/Library/LifecyclePolicy/DomainAttributes/com.apple.email.plist,WakeClient/AttributeGroups[0]/Attributes[2]
com.apple.email,WakeClient,RBSDurationAttribute,EndPolicy,RBSDurationEndPolicyInvalidate,/System/Library/LifecyclePolicy/DomainAttributes/com.apple.email.plist,WakeClient/AttributeGroups[0]/Attributes[0]
com.apple.email,WakeClient,RBSDurationAttribute,InvalidationDuration,10,/System/Library/LifecyclePolicy/DomainAttributes/com.apple.email.plist,WakeClient/AttributeGroups[0]/Attributes[0]
com.apple.email,WakeClient,RBSDurationAttribute,StartPolicy,RBSDurationStartPolicyFixed,/System/Library/LifecyclePolicy/DomainAttributes/com.apple.email.plist,WakeClient/AttributeGroups[0]/Attributes[0]
com.apple.email,WakeClient,RBSDurationAttribute,WarningDuration,2,/System/Library/LifecyclePolicy/DomainAttributes/com.apple.email.plist,WakeClient/AttributeGroups[0]/Attributes[0]
com.apple.email,WakeClient,RBSJetsamPriorityGrant,Band,40,/System/Library/LifecyclePolicy/DomainAttributes/com.apple.email.plist,WakeClient/AttributeGroups[0]/Attributes[3]
com.apple.email,WakeClient,RBSPreserveBaseMemoryGrant,,,/System/Library/LifecyclePolicy/DomainAttributes/com.apple.email.plist,WakeClient/AttributeGroups[0]/Attributes[4]
com.apple.email,WakeClient,RBSRunningReasonAttribute,RunningReason,20026,/System/Library/LifecyclePolicy/DomainAttributes/com.apple.email.plist,WakeClient/AttributeGroups[0]/Attributes[5]
com.apple.extensionkit,BackgroundAppExtension,CompoundAny,,,/System/Library/LifecyclePolicy/DomainAttributes/com.apple.extensionkit.plist,BackgroundAppExtension/Restriction
com.apple.extensionkit,BackgroundAppExtension,OriginatorEntitlement,Entitlement,com.apple.runningboard.extensionkit,/System/Library/LifecyclePolicy/DomainAttributes/com.apple.extensionkit.plist,BackgroundAppExtension/Restriction/Restrictions[0]
com.apple.extensionkit,BackgroundAppExtension,RBSAcquisitionCompletionAttribute,CompletionPolicy,RBSAcquisitionCompletionPolicyAfterApplication,/System/Library/LifecyclePolicy/DomainAttributes/com.apple.extensionkit.plist,BackgroundAppExtension/AttributeGroups[0]/Attributes[5]
com.apple.extensionkit,BackgroundAppExtension,RBSCPUAccessGrant,Role,RBSRoleBackground,/System/Library/LifecyclePolicy/DomainAttributes/com.apple.extensionkit.plist,BackgroundAppExtension/AttributeGroups[0]/Attributes[0]
com.apple.extensionkit,BackgroundAppExtension,RBSDefineRelativeStartTimeGrant,,,/System/Library/LifecyclePolicy/DomainAttributes/com.apple.extensionkit.plist,BackgroundAppExtension/AttributeGroups[0]/Attributes[3]
com.apple.extensionkit,BackgroundAppExtension,RBSJetsamPriorityGrant,Band,40,/System/Library/LifecyclePolicy/DomainAttributes/com.apple.extensionkit.plist,BackgroundAppExtension/AttributeGroups[0]/Attributes[1]
com.apple.extensionkit,BackgroundAppExtension,RBSMimicTaskSuspensionAttribute,,,/System/Library/LifecyclePolicy/DomainAttributes/com.apple.extensionkit.plist,BackgroundAppExtension/AttributeGroups[0]/Attributes[4]
com.apple.extensionkit,BackgroundAppExtension,RBSPreserveBaseMemoryGrant,,,/System/Library/LifecyclePolicy/DomainAttributes/com.apple.extensionkit.plist,BackgroundAppExtension/AttributeGroups[0]/Attributes[2]
com.apple.extensionkit,BackgroundAppExtension,RBSRunningReasonAttribute,RunningReason,13,/System/Library/LifecyclePolicy/DomainAttributes/com.apple.extensionkit.plist,BackgroundAppExtension/AttributeGroups[0]/Attributes[7]
com.apple.extensionkit,BackgroundAppExtension,RBSTagAttribute,Tag,SupportsBackgroundAudio,/System/Library/LifecyclePolicy/DomainAttributes/com.apple.extensionkit.plist,BackgroundAppExtension/AttributeGroups[0]/Attributes[6]
com.apple.extensionkit,BackgroundAppExtension,TargetsHosted,,,/System/Library/LifecyclePolicy/DomainAttributes/com.apple.extensionkit.plist,BackgroundAppExtension/Restriction/Restrictions[1]
com.apple.extensionkit,HandleMessage,CompoundAny,,,/System/Library/LifecyclePolicy/DomainAttributes/com.apple.extensionkit.plist,HandleMessage/Restriction
com.apple.extensionkit,HandleMessage,OriginatorEntitlement,Entitlement,com.apple.runningboard.extensionkit,/System/Library/LifecyclePolicy/DomainAttributes/com.apple.extensionkit.plist,HandleMessage/Restriction/Restrictions[0]
com.apple.extensionkit,HandleMessage,RBSCPUAccessGrant,Role,RBSRoleUserInteractiveNonFocal,/System/Library/LifecyclePolicy/DomainAttributes/com.apple.extensionkit.plist,HandleMessage/AttributeGroups[0]/Attributes[0]
com.apple.extensionkit,HandleMessage,RBSCoalitionLevelGrant,CoalitionLevel,RBSCoalitionLevelHigh,/System/Library/LifecyclePolicy/DomainAttributes/com.apple.extensionkit.plist,HandleMessage/AttributeGroups[0]/Attributes[1]
com.apple.extensionkit,HandleMessage,RBSRunningReasonAttribute,RunningReason,13,/System/Library/LifecyclePolicy/DomainAttributes/com.apple.extensionkit.plist,HandleMessage/AttributeGroups[0]/Attributes[2]
com.apple.extensionkit,HandleMessage,TargetsHosted,,,/System/Library/LifecyclePolicy/DomainAttributes/com.apple.extensionkit.plist,HandleMessage/Restriction/Restrictions[1]
com.apple.extensionkit,NonUIExExtension,CompoundAny,,,/System/Library/LifecyclePolicy/DomainAttributes/com.apple.extensionkit.plist,NonUIExExtension/Restriction
com.apple.extensionkit,NonUIExExtension,OriginatorEntitlement,Entitlement,com.apple.runningboard.extensionkit,/System/Library/LifecyclePolicy/DomainAttributes/com.apple.extensionkit.plist,NonUIExExtension/Restriction/Restrictions[0]
com.apple.extensionkit,NonUIExExtension,RBSBaseMemoryGrant,Category,ExternalExtension_NonUI,/System/Library/LifecyclePolicy/DomainAttributes/com.apple.extensionkit.plist,NonUIExExtension/AttributeGroups[0]/Attributes[0]
com.apple.extensionkit,NonUIExExtension,RBSBaseMemoryGrant,Strength,RBSMemoryLimitStrengthHard,/System/Library/LifecyclePolicy/DomainAttributes/com.apple.extensionkit.plist,NonUIExExtension/AttributeGroups[0]/Attributes[0]
com.apple.extensionkit,NonUIExExtension,TargetsHosted,,,/System/Library/LifecyclePolicy/DomainAttributes/com.apple.extensionkit.plist,NonUIExExtension/Restriction/Restrictions[1]
com.apple.extensionkit,ServiceExtensionLaunch,CompoundAll,,,/System/Library/LifecyclePolicy/DomainAttributes/com.apple.extensionkit.plist,ServiceExtensionLaunch/Restriction
com.apple.extensionkit,ServiceExtensionLaunch,CompoundAny,,,/System/Library/LifecyclePolicy/DomainAttributes/com.apple.extensionkit.plist,ServiceExtensionLaunch/Restriction/Restrictions[1]
com.apple.extensionkit,ServiceExtensionLaunch,OriginatorEntitlement,Entitlement,com.apple.private.extensionkit.allowed-service-extension-client,/System/Library/LifecyclePolicy/DomainAttributes/com.apple.extensionkit.plist,ServiceExtensionLaunch/Restriction/Restrictions[0]
com.apple.extensionkit,ServiceExtensionLaunch,OriginatorEntitlement,Entitlement,com.apple.runningboard.extensionkit,/System/Library/LifecyclePolicy/DomainAttributes/com.apple.extensionkit.plist,ServiceExtensionLaunch/Restriction/Restrictions[1]/Restrictions[1]
com.apple.extensionkit,ServiceExtensionLaunch,RBSJetsamPriorityGrant,Band,40,/System/Library/LifecyclePolicy/DomainAttributes/com.apple.extensionkit.plist,ServiceExtensionLaunch/AttributeGroups[0]/Attributes[0]
com.apple.extensionkit,ServiceExtensionLaunch,TargetClientRestriction,,,/System/Library/LifecyclePolicy/DomainAttributes/com.apple.extensionkit.plist,ServiceExtensionLaunch/Restriction/Restrictions[1]/Restrictions[0]
com.apple.extensionkit,ServiceExtensionRun,CompoundAll,,,/System/Library/LifecyclePolicy/DomainAttributes/com.apple.extensionkit.plist,ServiceExtensionRun/Restriction
com.apple.extensionkit,ServiceExtensionRun,CompoundAny,,,/System/Library/LifecyclePolicy/DomainAttributes/com.apple.extensionkit.plist,ServiceExtensionRun/Restriction/Restrictions[1]
com.apple.extensionkit,ServiceExtensionRun,OriginatorEntitlement,Entitlement,com.apple.private.extensionkit.allowed-service-extension-client,/System/Library/LifecyclePolicy/DomainAttributes/com.apple.extensionkit.plist,ServiceExtensionRun/Restriction/Restrictions[0]
com.apple.extensionkit,ServiceExtensionRun,OriginatorEntitlement,Entitlement,com.apple.runningboard.extensionkit,/System/Library/LifecyclePolicy/DomainAttributes/com.apple.extensionkit.plist,ServiceExtensionRun/Restriction/Restrictions[1]/Restrictions[1]
com.apple.extensionkit,ServiceExtensionRun,RBSBaseMemoryGrant,Category,ExternalExtension_NonUI,/System/Library/LifecyclePolicy/DomainAttributes/com.apple.extensionkit.plist,ServiceExtensionRun/AttributeGroups[0]/Attributes[1]
com.apple.extensionkit,ServiceExtensionRun,RBSBaseMemoryGrant,Strength,RBSMemoryLimitStrengthHard,/System/Library/LifecyclePolicy/DomainAttributes/com.apple.extensionkit.plist,ServiceExtensionRun/AttributeGroups[0]/Attributes[1]
com.apple.extensionkit,ServiceExtensionRun,RBSCPUAccessGrant,Role,RBSRoleUserInteractiveNonFocal,/System/Library/LifecyclePolicy/DomainAttributes/com.apple.extensionkit.plist,ServiceExtensionRun/AttributeGroups[0]/Attributes[5]
com.apple.extensionkit,ServiceExtensionRun,RBSCoalitionLevelGrant,CoalitionLevel,RBSCoalitionLevelHigh,/System/Library/LifecyclePolicy/DomainAttributes/com.apple.extensionkit.plist,ServiceExtensionRun/AttributeGroups[0]/Attributes[6]
com.apple.extensionkit,ServiceExtensionRun,RBSDefineRelativeStartTimeGrant,,,/System/Library/LifecyclePolicy/DomainAttributes/com.apple.extensionkit.plist,ServiceExtensionRun/AttributeGroups[0]/Attributes[0]
com.apple.extensionkit,ServiceExtensionRun,RBSMimicTaskSuspensionAttribute,,,/System/Library/LifecyclePolicy/DomainAttributes/com.apple.extensionkit.plist,ServiceExtensionRun/AttributeGroups[0]/Attributes[4]
com.apple.extensionkit,ServiceExtensionRun,RBSPreserveBaseMemoryGrant,,,/System/Library/LifecyclePolicy/DomainAttributes/com.apple.extensionkit.plist,ServiceExtensionRun/AttributeGroups[0]/Attributes[3]
com.apple.extensionkit,ServiceExtensionRun,RBSRunningReasonAttribute,RunningReason,13,/System/Library/LifecyclePolicy/DomainAttributes/com.apple.extensionkit.plist,ServiceExtensionRun/AttributeGroups[0]/Attributes[2]
com.apple.extensionkit,ServiceExtensionRun,TargetClientRestriction,,,/System/Library/LifecyclePolicy/DomainAttributes/com.apple.extensionkit.plist,ServiceExtensionRun/Restriction/Restrictions[1]/Restrictions[0]
com.apple.extensionkit,UIExExtension,CompoundAny,,,/System/Library/LifecyclePolicy/DomainAttributes/com.apple.extensionkit.plist,UIExExtension/Restriction
com.apple.extensionkit,UIExExtension,OriginatorEntitlement,Entitlement,com.apple.runningboard.extensionkit,/System/Library/LifecyclePolicy/DomainAttributes/com.apple.extensionkit.plist,UIExExtension/Restriction/Restrictions[0]
com.apple.extensionkit,UIExExtension,RBSBaseMemoryGrant,Category,ExternalExtension_UI,/System/Library/LifecyclePolicy/DomainAttributes/com.apple.extensionkit.plist,UIExExtension/AttributeGroups[0]/Attributes[0]
com.apple.extensionkit,UIExExtension,RBSBaseMemoryGrant,Strength,RBSMemoryLimitStrengthHard,/System/Library/LifecyclePolicy/DomainAttributes/com.apple.extensionkit.plist,UIExExtension/AttributeGroups[0]/Attributes[0]
com.apple.extensionkit,UIExExtension,TargetsHosted,,,/System/Library/LifecyclePolicy/DomainAttributes/com.apple.extensionkit.plist,UIExExtension/Restriction/Restrictions[1]
com.apple.foundationmodels,CompileDraftModel,OriginatorEntitlement,Entitlement,com.apple.runningboard.assertions.foundationmodels,/System/Library/LifecyclePolicy/DomainAttributes/com.apple.foundationmodels.plist,CompileDraftModel/Restriction
com.apple.foundationmodels,CompileDraftModel,RBSCPUAccessGrant,Role,RBSRoleNonUserInteractive,/System/Library/LifecyclePolicy/DomainAttributes/com.apple.foundationmodels.plist,CompileDraftModel/AttributeGroups[0]/Attributes[1]
com.apple.foundationmodels,CompileDraftModel,RBSDurationAttribute,EndPolicy,RBSDurationEndPolicyInvalidate,/System/Library/LifecyclePolicy/DomainAttributes/com.apple.foundationmodels.plist,CompileDraftModel/AttributeGroups[0]/Attributes[0]
com.apple.foundationmodels,CompileDraftModel,RBSDurationAttribute,InvalidationDuration,180,/System/Library/LifecyclePolicy/DomainAttributes/com.apple.foundationmodels.plist,CompileDraftModel/AttributeGroups[0]/Attributes[0]
com.apple.foundationmodels,CompileDraftModel,RBSDurationAttribute,StartPolicy,RBSDurationStartPolicyFixed,/System/Library/LifecyclePolicy/DomainAttributes/com.apple.foundationmodels.plist,CompileDraftModel/AttributeGroups[0]/Attributes[0]
com.apple.foundationmodels,CompileDraftModel,RBSDurationAttribute,WarningDuration,5,/System/Library/LifecyclePolicy/DomainAttributes/com.apple.foundationmodels.plist,CompileDraftModel/AttributeGroups[0]/Attributes[0]
com.apple.foundationmodels,CompileDraftModel,RBSJetsamPriorityGrant,Band,40,/System/Library/LifecyclePolicy/DomainAttributes/com.apple.foundationmodels.plist,CompileDraftModel/AttributeGroups[0]/Attributes[2]
com.apple.foundationmodels,CompileDraftModel,RBSPreserveBaseMemoryGrant,,,/System/Library/LifecyclePolicy/DomainAttributes/com.apple.foundationmodels.plist,CompileDraftModel/AttributeGroups[0]/Attributes[3]
com.apple.foundationmodels,CompileDraftModel,RBSPreventIdleSleepGrant,,,/System/Library/LifecyclePolicy/DomainAttributes/com.apple.foundationmodels.plist,CompileDraftModel/AttributeGroups[0]/Attributes[4]
com.apple.foundationmodels,CompileDraftModel,RBSRunningReasonAttribute,RunningReason,20821,/System/Library/LifecyclePolicy/DomainAttributes/com.apple.foundationmodels.plist,CompileDraftModel/AttributeGroups[0]/Attributes[5]
com.apple.freeform.USD-renderer-remote-UI,Foreground,OriginatorEntitlement,Entitlement,com.apple.runningboard.freeform.USD-renderer-remote-UI,/System/Library/LifecyclePolicy/DomainAttributes/com.apple.freeform.USD-renderer-remote-UI.plist,Foreground/Restriction
com.apple.freeform.USD-renderer-remote-UI,Foreground,RBSAcquisitionCompletionAttribute,CompletionPolicy,RBSAcquisitionCompletionPolicyAfterApplication,/System/Library/LifecyclePolicy/DomainAttributes/com.apple.freeform.USD-renderer-remote-UI.plist,Foreground/AttributeGroups[0]/Attributes[6]
com.apple.freeform.USD-renderer-remote-UI,Foreground,RBSBaseMemoryGrant,Category,Active,/System/Library/LifecyclePolicy/DomainAttributes/com.apple.freeform.USD-renderer-remote-UI.plist,Foreground/AttributeGroups[0]/Attributes[3]
com.apple.freeform.USD-renderer-remote-UI,Foreground,RBSBaseMemoryGrant,Strength,RBSMemoryLimitStrengthSoft,/System/Library/LifecyclePolicy/DomainAttributes/com.apple.freeform.USD-renderer-remote-UI.plist,Foreground/AttributeGroups[0]/Attributes[3]
com.apple.freeform.USD-renderer-remote-UI,Foreground,RBSCPUAccessGrant,Role,RBSRoleUserInteractiveNonFocal,/System/Library/LifecyclePolicy/DomainAttributes/com.apple.freeform.USD-renderer-remote-UI.plist,Foreground/AttributeGroups[0]/Attributes[0]
com.apple.freeform.USD-renderer-remote-UI,Foreground,RBSCoalitionLevelGrant,CoalitionLevel,RBSCoalitionLevelHigh,/System/Library/LifecyclePolicy/DomainAttributes/com.apple.freeform.USD-renderer-remote-UI.plist,Foreground/AttributeGroups[0]/Attributes[1]
com.apple.freeform.USD-renderer-remote-UI,Foreground,RBSGPUAccessGrant,Role,RBSGPURoleUserInteractive,/System/Library/LifecyclePolicy/DomainAttributes/com.apple.freeform.USD-renderer-remote-UI.plist,Foreground/AttributeGroups[0]/Attributes[4]
com.apple.freeform.USD-renderer-remote-UI,Foreground,RBSInvalidateUnderConditionAttribute,Condition,therm,/System/Library/LifecyclePolicy/DomainAttributes/com.apple.freeform.USD-renderer-remote-UI.plist,Foreground/AttributeGroups[0]/Attributes[5]
com.apple.freeform.USD-renderer-remote-UI,Foreground,RBSInvalidateUnderConditionAttribute,MinValue,850,/System/Library/LifecyclePolicy/DomainAttributes/com.apple.freeform.USD-renderer-remote-UI.plist,Foreground/AttributeGroups[0]/Attributes[5]
com.apple.freeform.USD-renderer-remote-UI,Foreground,RBSJetsamPriorityGrant,Band,100,/System/Library/LifecyclePolicy/DomainAttributes/com.apple.freeform.USD-renderer-remote-UI.plist,Foreground/AttributeGroups[0]/Attributes[2]
com.apple.freeform.USD-renderer-remote-UI,Foreground,RBSRunningReasonAttribute,RunningReason,20418,/System/Library/LifecyclePolicy/DomainAttributes/com.apple.freeform.USD-renderer-remote-UI.plist,Foreground/AttributeGroups[0]/Attributes[7]
com.apple.frontboard,AfterLife-Interrupted,CompoundAny,,,/System/Library/LifecyclePolicy/DomainAttributes/com.apple.frontboard.plist,AfterLife-Interrupted/Restriction
com.apple.frontboard,AfterLife-Interrupted,OriginatorEntitlement,Entitlement,com.apple.runningboard.assertions.frontboard,/System/Library/LifecyclePolicy/DomainAttributes/com.apple.frontboard.plist,AfterLife-Interrupted/Restriction/Restrictions[1]
com.apple.frontboard,AfterLife-Interrupted,OriginatorEntitlement,Entitlement,com.apple.runningboard.primitiveattribute,/System/Library/LifecyclePolicy/DomainAttributes/com.apple.frontboard.plist,AfterLife-Interrupted/Restriction/Restrictions[0]
com.apple.frontboard,AfterLife-Interrupted,RBSCPUAccessGrant,Role,RBSRoleNonUserInteractive,/System/Library/LifecyclePolicy/DomainAttributes/com.apple.frontboard.plist,AfterLife-Interrupted/AttributeGroups[0]/Attributes[0]
com.apple.frontboard,AfterLife-Interrupted,RBSCoalitionLevelGrant,CoalitionLevel,RBSCoalitionLevelHigh,/System/Library/LifecyclePolicy/DomainAttributes/com.apple.frontboard.plist,AfterLife-Interrupted/AttributeGroups[0]/Attributes[1]
com.apple.frontboard,AfterLife-Interrupted,RBSDurationAttribute,EndPolicy,RBSDurationEndPolicyInvalidate,/System/Library/LifecyclePolicy/DomainAttributes/com.apple.frontboard.plist,AfterLife-Interrupted/AttributeGroups[0]/Attributes[8]
com.apple.frontboard,AfterLife-Interrupted,RBSDurationAttribute,InvalidationDuration,30,/System/Library/LifecyclePolicy/DomainAttributes/com.apple.frontboard.plist,AfterLife-Interrupted/AttributeGroups[0]/Attributes[8]
com.apple.frontboard,AfterLife-Interrupted,RBSDurationAttribute,StartPolicy,RBSDurationStartPolicyAfterOriginatorExit,/System/Library/LifecyclePolicy/DomainAttributes/com.apple.frontboard.plist,AfterLife-Interrupted/AttributeGroups[0]/Attributes[8]
com.apple.frontboard,AfterLife-Interrupted,RBSDurationAttribute,WarningDuration,0,/System/Library/LifecyclePolicy/DomainAttributes/com.apple.frontboard.plist,AfterLife-Interrupted/AttributeGroups[0]/Attributes[8]
com.apple.frontboard,AfterLife-Interrupted,RBSGPUAccessGrant,Role,RBSGPURoleBackground,/System/Library/LifecyclePolicy/DomainAttributes/com.apple.frontboard.plist,AfterLife-Interrupted/AttributeGroups[0]/Attributes[2]
com.apple.frontboard,AfterLife-Interrupted,RBSJetsamPriorityGrant,Band,40,/System/Library/LifecyclePolicy/DomainAttributes/com.apple.frontboard.plist,AfterLife-Interrupted/AttributeGroups[0]/Attributes[7]
com.apple.frontboard,AfterLife-Interrupted,RBSPreserveBaseMemoryGrant,,,/System/Library/LifecyclePolicy/DomainAttributes/com.apple.frontboard.plist,AfterLife-Interrupted/AttributeGroups[0]/Attributes[3]
com.apple.frontboard,AfterLife-Interrupted,RBSResistTerminationGrant,Resistance,RBSTerminationResistanceNonInteractive,/System/Library/LifecyclePolicy/DomainAttributes/com.apple.frontboard.plist,AfterLife-Interrupted/AttributeGroups[0]/Attributes[4]
com.apple.frontboard,AfterLife-Interrupted,RBSRunningReasonAttribute,RunningReason,10001,/System/Library/LifecyclePolicy/DomainAttributes/com.apple.frontboard.plist,AfterLife-Interrupted/AttributeGroups[0]/Attributes[6]
com.apple.frontboard,AfterLife-Interrupted,RBSTagAttribute,Tag,SupportsBackgroundAudio,/System/Library/LifecyclePolicy/DomainAttributes/com.apple.frontboard.plist,AfterLife-Interrupted/AttributeGroups[0]/Attributes[5]
com.apple.frontboard,AfterLife-Interrupted,TargetEntitlement,Entitlement,com.apple.UIKit.vends-view-services,/System/Library/LifecyclePolicy/DomainAttributes/com.apple.frontboard.plist,AfterLife-Interrupted/Restriction/Restrictions[3]
com.apple.frontboard,AfterLife-Interrupted,TargetEntitlement,Entitlement,com.apple.runningboard.trustedtarget,/System/Library/LifecyclePolicy/DomainAttributes/com.apple.frontboard.plist,AfterLife-Interrupted/Restriction/Restrictions[2]
com.apple.frontboard,AfterLife-Interrupted,TargetsHosted,,,/System/Library/LifecyclePolicy/DomainAttributes/com.apple.frontboard.plist,AfterLife-Interrupted/Restriction/Restrictions[4]
com.apple.frontboard,AfterLife-Subordinate,CompoundAny,,,/System/Library/LifecyclePolicy/DomainAttributes/com.apple.frontboard.plist,AfterLife-Subordinate/Restriction
com.apple.frontboard,AfterLife-Subordinate,OriginatorEntitlement,Entitlement,com.apple.runningboard.assertions.frontboard,/System/Library/LifecyclePolicy/DomainAttributes/com.apple.frontboard.plist,AfterLife-Subordinate/Restriction/Restrictions[1]
com.apple.frontboard,AfterLife-Subordinate,OriginatorEntitlement,Entitlement,com.apple.runningboard.primitiveattribute,/System/Library/LifecyclePolicy/DomainAttributes/com.apple.frontboard.plist,AfterLife-Subordinate/Restriction/Restrictions[0]
com.apple.frontboard,AfterLife-Subordinate,RBSSubordinateProcessAttribute,,,/System/Library/LifecyclePolicy/DomainAttributes/com.apple.frontboard.plist,AfterLife-Subordinate/AttributeGroups[0]/Attributes[0]
com.apple.frontboard,DisableWatchdog,OriginatorEntitlement,Entitlement,com.apple.frontboard.disable-watchdog,/System/Library/LifecyclePolicy/DomainAttributes/com.apple.frontboard.plist,DisableWatchdog/Restriction
com.apple.frontboard,DisableWatchdog,RBSTagAttribute,Tag,FBDisableWatchdog,/System/Library/LifecyclePolicy/DomainAttributes/com.apple.frontboard.plist,DisableWatchdog/AttributeGroups[0]/Attributes[0]
com.apple.frontboard,Duration-Fixed-60-1-Invalidate,CompoundAny,,,/System/Library/LifecyclePolicy/DomainAttributes/com.apple.frontboard.plist,Duration-Fixed-60-1-Invalidate/Restriction
com.apple.frontboard,Duration-Fixed-60-1-Invalidate,OriginatorEntitlement,Entitlement,com.apple.runningboard.assertions.frontboard,/System/Library/LifecyclePolicy/DomainAttributes/com.apple.frontboard.plist,Duration-Fixed-60-1-Invalidate/Restriction/Restrictions[1]
com.apple.frontboard,Duration-Fixed-60-1-Invalidate,OriginatorEntitlement,Entitlement,com.apple.runningboard.primitiveattribute,/System/Library/LifecyclePolicy/DomainAttributes/com.apple.frontboard.plist,Duration-Fixed-60-1-Invalidate/Restriction/Restrictions[0]
com.apple.frontboard,Duration-Fixed-60-1-Invalidate,RBSDurationAttribute,EndPolicy,RBSDurationEndPolicyInvalidate,/System/Library/LifecyclePolicy/DomainAttributes/com.apple.frontboard.plist,Duration-Fixed-60-1-Invalidate/AttributeGroups[0]/Attributes[0]
com.apple.frontboard,Duration-Fixed-60-1-Invalidate,RBSDurationAttribute,InvalidationDuration,60,/System/Library/LifecyclePolicy/DomainAttributes/com.apple.frontboard.plist,Duration-Fixed-60-1-Invalidate/AttributeGroups[0]/Attributes[0]
com.apple.frontboard,Duration-Fixed-60-1-Invalidate,RBSDurationAttribute,StartPolicy,RBSDurationStartPolicyFixed,/System/Library/LifecyclePolicy/DomainAttributes/com.apple.frontboard.plist,Duration-Fixed-60-1-Invalidate/AttributeGroups[0]/Attributes[0]
com.apple.frontboard,Duration-Fixed-60-1-Invalidate,RBSDurationAttribute,WarningDuration,1,/System/Library/LifecyclePolicy/DomainAttributes/com.apple.frontboard.plist,Duration-Fixed-60-1-Invalidate/AttributeGroups[0]/Attributes[0]
com.apple.frontboard,Duration-Fixed-60-1-Invalidate,TargetEntitlement,Entitlement,com.apple.UIKit.vends-view-services,/System/Library/LifecyclePolicy/DomainAttributes/com.apple.frontboard.plist,Duration-Fixed-60-1-Invalidate/Restriction/Restrictions[3]
com.apple.frontboard,Duration-Fixed-60-1-Invalidate,TargetEntitlement,Entitlement,com.apple.runningboard.trustedtarget,/System/Library/LifecyclePolicy/DomainAttributes/com.apple.frontboard.plist,Duration-Fixed-60-1-Invalidate/Restriction/Restrictions[2]
com.apple.frontboard,Duration-Fixed-60-1-Invalidate,TargetsHosted,,,/System/Library/LifecyclePolicy/DomainAttributes/com.apple.frontboard.plist,Duration-Fixed-60-1-Invalidate/Restriction/Restrictions[4]
com.apple.frontboard,GracefulTermination,CompoundAny,,,/System/Library/LifecyclePolicy/DomainAttributes/com.apple.frontboard.plist,GracefulTermination/Restriction
com.apple.frontboard,GracefulTermination,OriginatorEntitlement,Entitlement,com.apple.runningboard.assertions.frontboard,/System/Library/LifecyclePolicy/DomainAttributes/com.apple.frontboard.plist,GracefulTermination/Restriction/Restrictions[1]
com.apple.frontboard,GracefulTermination,OriginatorEntitlement,Entitlement,com.apple.runningboard.primitiveattribute,/System/Library/LifecyclePolicy/DomainAttributes/com.apple.frontboard.plist,GracefulTermination/Restriction/Restrictions[0]
com.apple.frontboard,GracefulTermination,RBSCPUAccessGrant,Role,RBSRoleNonUserInteractive,/System/Library/LifecyclePolicy/DomainAttributes/com.apple.frontboard.plist,GracefulTermination/AttributeGroups[0]/Attributes[1]
com.apple.frontboard,GracefulTermination,RBSCoalitionLevelGrant,CoalitionLevel,RBSCoalitionLevelHigh,/System/Library/LifecyclePolicy/DomainAttributes/com.apple.frontboard.plist,GracefulTermination/AttributeGroups[0]/Attributes[2]
com.apple.frontboard,GracefulTermination,RBSGPUAccessGrant,Role,RBSGPURoleBackground,/System/Library/LifecyclePolicy/DomainAttributes/com.apple.frontboard.plist,GracefulTermination/AttributeGroups[0]/Attributes[3]
com.apple.frontboard,GracefulTermination,RBSJetsamPriorityGrant,Band,40,/System/Library/LifecyclePolicy/DomainAttributes/com.apple.frontboard.plist,GracefulTermination/AttributeGroups[0]/Attributes[8]
com.apple.frontboard,GracefulTermination,RBSPreserveBaseMemoryGrant,,,/System/Library/LifecyclePolicy/DomainAttributes/com.apple.frontboard.plist,GracefulTermination/AttributeGroups[0]/Attributes[4]
com.apple.frontboard,GracefulTermination,RBSPreventIdleSleepGrant,,,/System/Library/LifecyclePolicy/DomainAttributes/com.apple.frontboard.plist,GracefulTermination/AttributeGroups[0]/Attributes[0]
com.apple.frontboard,GracefulTermination,RBSResistTerminationGrant,Resistance,RBSTerminationResistanceNonInteractive,/System/Library/LifecyclePolicy/DomainAttributes/com.apple.frontboard.plist,GracefulTermination/AttributeGroups[0]/Attributes[5]
com.apple.frontboard,GracefulTermination,RBSRunningReasonAttribute,RunningReason,10001,/System/Library/LifecyclePolicy/DomainAttributes/com.apple.frontboard.plist,GracefulTermination/AttributeGroups[0]/Attributes[7]
com.apple.frontboard,GracefulTermination,RBSTagAttribute,Tag,SupportsBackgroundAudio,/System/Library/LifecyclePolicy/DomainAttributes/com.apple.frontboard.plist,GracefulTermination/AttributeGroups[0]/Attributes[6]
com.apple.frontboard,MaintainSelfForBGHosting,CompoundAll,,,/System/Library/LifecyclePolicy/DomainAttributes/com.apple.frontboard.plist,MaintainSelfForBGHosting/Restriction
com.apple.frontboard,MaintainSelfForBGHosting,CompoundAny,,,/System/Library/LifecyclePolicy/DomainAttributes/com.apple.frontboard.plist,MaintainSelfForBGHosting/Restriction/Restrictions[0]
com.apple.frontboard,MaintainSelfForBGHosting,OriginatorEntitlement,Entitlement,com.apple.runningboard.assertions.frontboard,/System/Library/LifecyclePolicy/DomainAttributes/com.apple.frontboard.plist,MaintainSelfForBGHosting/Restriction/Restrictions[0]/Restrictions[1]
com.apple.frontboard,MaintainSelfForBGHosting,OriginatorEntitlement,Entitlement,com.apple.runningboard.primitiveattribute,/System/Library/LifecyclePolicy/DomainAttributes/com.apple.frontboard.plist,MaintainSelfForBGHosting/Restriction/Restrictions[0]/Restrictions[0]
com.apple.frontboard,MaintainSelfForBGHosting,RBSCPUAccessGrant,Role,RBSRoleNonUserInteractive,/System/Library/LifecyclePolicy/DomainAttributes/com.apple.frontboard.plist,MaintainSelfForBGHosting/AttributeGroups[0]/Attributes[0]
com.apple.frontboard,MaintainSelfForBGHosting,RBSCoalitionLevelGrant,CoalitionLevel,RBSCoalitionLevelHigh,/System/Library/LifecyclePolicy/DomainAttributes/com.apple.frontboard.plist,MaintainSelfForBGHosting/AttributeGroups[0]/Attributes[2]
com.apple.frontboard,MaintainSelfForBGHosting,RBSDefineRelativeStartTimeGrant,,,/System/Library/LifecyclePolicy/DomainAttributes/com.apple.frontboard.plist,MaintainSelfForBGHosting/AttributeGroups[0]/Attributes[1]
com.apple.frontboard,MaintainSelfForBGHosting,RBSGPUAccessGrant,Role,RBSGPURoleBackground,/System/Library/LifecyclePolicy/DomainAttributes/com.apple.frontboard.plist,MaintainSelfForBGHosting/AttributeGroups[0]/Attributes[3]
com.apple.frontboard,MaintainSelfForBGHosting,RBSJetsamPriorityGrant,Band,40,/System/Library/LifecyclePolicy/DomainAttributes/com.apple.frontboard.plist,MaintainSelfForBGHosting/AttributeGroups[0]/Attributes[8]
com.apple.frontboard,MaintainSelfForBGHosting,RBSPreserveBaseMemoryGrant,,,/System/Library/LifecyclePolicy/DomainAttributes/com.apple.frontboard.plist,MaintainSelfForBGHosting/AttributeGroups[0]/Attributes[4]
com.apple.frontboard,MaintainSelfForBGHosting,RBSResistTerminationGrant,Resistance,RBSTerminationResistanceNonInteractive,/System/Library/LifecyclePolicy/DomainAttributes/com.apple.frontboard.plist,MaintainSelfForBGHosting/AttributeGroups[0]/Attributes[5]
com.apple.frontboard,MaintainSelfForBGHosting,RBSRunningReasonAttribute,RunningReason,10001,/System/Library/LifecyclePolicy/DomainAttributes/com.apple.frontboard.plist,MaintainSelfForBGHosting/AttributeGroups[0]/Attributes[7]
com.apple.frontboard,MaintainSelfForBGHosting,RBSTagAttribute,Tag,SupportsBackgroundAudio,/System/Library/LifecyclePolicy/DomainAttributes/com.apple.frontboard.plist,MaintainSelfForBGHosting/AttributeGroups[0]/Attributes[6]
com.apple.frontboard,MaintainSelfForBGHosting,TargetsSelf,,,/System/Library/LifecyclePolicy/DomainAttributes/com.apple.frontboard.plist,MaintainSelfForBGHosting/Restriction/Restrictions[1]
com.apple.frontboard,MaintainSelfForFGHosting,CompoundAll,,,/System/Library/LifecyclePolicy/DomainAttributes/com.apple.frontboard.plist,MaintainSelfForFGHosting/Restriction
com.apple.frontboard,MaintainSelfForFGHosting,CompoundAny,,,/System/Library/LifecyclePolicy/DomainAttributes/com.apple.frontboard.plist,MaintainSelfForFGHosting/Restriction/Restrictions[0]
com.apple.frontboard,MaintainSelfForFGHosting,OriginatorEntitlement,Entitlement,com.apple.runningboard.assertions.frontboard,/System/Library/LifecyclePolicy/DomainAttributes/com.apple.frontboard.plist,MaintainSelfForFGHosting/Restriction/Restrictions[0]/Restrictions[1]
com.apple.frontboard,MaintainSelfForFGHosting,OriginatorEntitlement,Entitlement,com.apple.runningboard.primitiveattribute,/System/Library/LifecyclePolicy/DomainAttributes/com.apple.frontboard.plist,MaintainSelfForFGHosting/Restriction/Restrictions[0]/Restrictions[0]
com.apple.frontboard,MaintainSelfForFGHosting,RBSBaseMemoryGrant,Category,Active,/System/Library/LifecyclePolicy/DomainAttributes/com.apple.frontboard.plist,MaintainSelfForFGHosting/AttributeGroups[0]/Attributes[4]
com.apple.frontboard,MaintainSelfForFGHosting,RBSBaseMemoryGrant,Strength,RBSMemoryLimitStrengthSoft,/System/Library/LifecyclePolicy/DomainAttributes/com.apple.frontboard.plist,MaintainSelfForFGHosting/AttributeGroups[0]/Attributes[4]
com.apple.frontboard,MaintainSelfForFGHosting,RBSCPUAccessGrant,Role,RBSRoleUserInteractiveNonFocal,/System/Library/LifecyclePolicy/DomainAttributes/com.apple.frontboard.plist,MaintainSelfForFGHosting/AttributeGroups[0]/Attributes[0]
com.apple.frontboard,MaintainSelfForFGHosting,RBSCoalitionLevelGrant,CoalitionLevel,RBSCoalitionLevelHigh,/System/Library/LifecyclePolicy/DomainAttributes/com.apple.frontboard.plist,MaintainSelfForFGHosting/AttributeGroups[0]/Attributes[2]
com.apple.frontboard,MaintainSelfForFGHosting,RBSDefineRelativeStartTimeGrant,,,/System/Library/LifecyclePolicy/DomainAttributes/com.apple.frontboard.plist,MaintainSelfForFGHosting/AttributeGroups[0]/Attributes[1]
com.apple.frontboard,MaintainSelfForFGHosting,RBSGPUAccessGrant,Role,RBSGPURoleUserInteractive,/System/Library/LifecyclePolicy/DomainAttributes/com.apple.frontboard.plist,MaintainSelfForFGHosting/AttributeGroups[0]/Attributes[3]
com.apple.frontboard,MaintainSelfForFGHosting,RBSJetsamPriorityGrant,Band,100,/System/Library/LifecyclePolicy/DomainAttributes/com.apple.frontboard.plist,MaintainSelfForFGHosting/AttributeGroups[0]/Attributes[8]
com.apple.frontboard,MaintainSelfForFGHosting,RBSResistTerminationGrant,Resistance,RBSTerminationResistanceInteractive,/System/Library/LifecyclePolicy/DomainAttributes/com.apple.frontboard.plist,MaintainSelfForFGHosting/AttributeGroups[0]/Attributes[5]
com.apple.frontboard,MaintainSelfForFGHosting,RBSRunningReasonAttribute,RunningReason,10000,/System/Library/LifecyclePolicy/DomainAttributes/com.apple.frontboard.plist,MaintainSelfForFGHosting/AttributeGroups[0]/Attributes[7]
com.apple.frontboard,MaintainSelfForFGHosting,RBSTagAttribute,Tag,SupportsBackgroundAudio,/System/Library/LifecyclePolicy/DomainAttributes/com.apple.frontboard.plist,MaintainSelfForFGHosting/AttributeGroups[0]/Attributes[6]
com.apple.frontboard,MaintainSelfForFGHosting,TargetsSelf,,,/System/Library/LifecyclePolicy/DomainAttributes/com.apple.frontboard.plist,MaintainSelfForFGHosting/Restriction/Restrictions[1]
com.apple.frontboard,SceneSnapshotAction,CompoundAny,,,/System/Library/LifecyclePolicy/DomainAttributes/com.apple.frontboard.plist,SceneSnapshotAction/Restriction
com.apple.frontboard,SceneSnapshotAction,OriginatorEntitlement,Entitlement,com.apple.runningboard.assertions.frontboard,/System/Library/LifecyclePolicy/DomainAttributes/com.apple.frontboard.plist,SceneSnapshotAction/Restriction/Restrictions[1]
com.apple.frontboard,SceneSnapshotAction,OriginatorEntitlement,Entitlement,com.apple.runningboard.primitiveattribute,/System/Library/LifecyclePolicy/DomainAttributes/com.apple.frontboard.plist,SceneSnapshotAction/Restriction/Restrictions[0]
com.apple.frontboard,SceneSnapshotAction,RBSCPUAccessGrant,Role,RBSRoleNonUserInteractive,/System/Library/LifecyclePolicy/DomainAttributes/com.apple.frontboard.plist,SceneSnapshotAction/AttributeGroups[0]/Attributes[1]
com.apple.frontboard,SceneSnapshotAction,RBSCoalitionLevelGrant,CoalitionLevel,RBSCoalitionLevelHigh,/System/Library/LifecyclePolicy/DomainAttributes/com.apple.frontboard.plist,SceneSnapshotAction/AttributeGroups[0]/Attributes[2]
com.apple.frontboard,SceneSnapshotAction,RBSGPUAccessGrant,Role,RBSGPURoleBackground,/System/Library/LifecyclePolicy/DomainAttributes/com.apple.frontboard.plist,SceneSnapshotAction/AttributeGroups[0]/Attributes[3]
com.apple.frontboard,SceneSnapshotAction,RBSJetsamPriorityGrant,Band,40,/System/Library/LifecyclePolicy/DomainAttributes/com.apple.frontboard.plist,SceneSnapshotAction/AttributeGroups[0]/Attributes[7]
com.apple.frontboard,SceneSnapshotAction,RBSMimicTaskSuspensionAttribute,,,/System/Library/LifecyclePolicy/DomainAttributes/com.apple.frontboard.plist,SceneSnapshotAction/AttributeGroups[0]/Attributes[4]
com.apple.frontboard,SceneSnapshotAction,RBSPreserveBaseMemoryGrant,,,/System/Library/LifecyclePolicy/DomainAttributes/com.apple.frontboard.plist,SceneSnapshotAction/AttributeGroups[0]/Attributes[5]
com.apple.frontboard,SceneSnapshotAction,RBSPreventIdleSleepGrant,,,/System/Library/LifecyclePolicy/DomainAttributes/com.apple.frontboard.plist,SceneSnapshotAction/AttributeGroups[0]/Attributes[0]
com.apple.frontboard,SceneSnapshotAction,RBSRunningReasonAttribute,RunningReason,17,/System/Library/LifecyclePolicy/DomainAttributes/com.apple.frontboard.plist,SceneSnapshotAction/AttributeGroups[0]/Attributes[6]
com.apple.frontboard,SceneSnapshotAction,TargetEntitlement,Entitlement,com.apple.UIKit.vends-view-services,/System/Library/LifecyclePolicy/DomainAttributes/com.apple.frontboard.plist,SceneSnapshotAction/Restriction/Restrictions[3]
com.apple.frontboard,SceneSnapshotAction,TargetEntitlement,Entitlement,com.apple.runningboard.trustedtarget,/System/Library/LifecyclePolicy/DomainAttributes/com.apple.frontboard.plist,SceneSnapshotAction/Restriction/Restrictions[2]
com.apple.frontboard,SceneSnapshotAction,TargetsHosted,,,/System/Library/LifecyclePolicy/DomainAttributes/com.apple.frontboard.plist,SceneSnapshotAction/Restriction/Restrictions[4]
com.apple.frontboard,SuspendableBootstrapping,CompoundAny,,,/System/Library/LifecyclePolicy/DomainAttributes/com.apple.frontboard.plist,SuspendableBootstrapping/Restriction
com.apple.frontboard,SuspendableBootstrapping,OriginatorEntitlement,Entitlement,com.apple.runningboard.assertions.frontboard,/System/Library/LifecyclePolicy/DomainAttributes/com.apple.frontboard.plist,SuspendableBootstrapping/Restriction/Restrictions[1]
com.apple.frontboard,SuspendableBootstrapping,OriginatorEntitlement,Entitlement,com.apple.runningboard.primitiveattribute,/System/Library/LifecyclePolicy/DomainAttributes/com.apple.frontboard.plist,SuspendableBootstrapping/Restriction/Restrictions[0]
com.apple.frontboard,SuspendableBootstrapping,RBSCPUAccessGrant,Role,RBSRoleBackground,/System/Library/LifecyclePolicy/DomainAttributes/com.apple.frontboard.plist,SuspendableBootstrapping/AttributeGroups[0]/Attributes[1]
com.apple.frontboard,SuspendableBootstrapping,RBSDefineRelativeStartTimeGrant,,,/System/Library/LifecyclePolicy/DomainAttributes/com.apple.frontboard.plist,SuspendableBootstrapping/AttributeGroups[0]/Attributes[2]
com.apple.frontboard,SuspendableBootstrapping,RBSGPUAccessGrant,Role,RBSGPURoleBackground,/System/Library/LifecyclePolicy/DomainAttributes/com.apple.frontboard.plist,SuspendableBootstrapping/AttributeGroups[0]/Attributes[3]
com.apple.frontboard,SuspendableBootstrapping,RBSMimicTaskSuspensionAttribute,,,/System/Library/LifecyclePolicy/DomainAttributes/com.apple.frontboard.plist,SuspendableBootstrapping/AttributeGroups[0]/Attributes[4]
com.apple.frontboard,SuspendableBootstrapping,RBSPreventIdleSleepGrant,,,/System/Library/LifecyclePolicy/DomainAttributes/com.apple.frontboard.plist,SuspendableBootstrapping/AttributeGroups[0]/Attributes[0]
com.apple.frontboard,SuspendableBootstrapping,TargetEntitlement,Entitlement,com.apple.UIKit.vends-view-services,/System/Library/LifecyclePolicy/DomainAttributes/com.apple.frontboard.plist,SuspendableBootstrapping/Restriction/Restrictions[3]
com.apple.frontboard,SuspendableBootstrapping,TargetEntitlement,Entitlement,com.apple.runningboard.trustedtarget,/System/Library/LifecyclePolicy/DomainAttributes/com.apple.frontboard.plist,SuspendableBootstrapping/Restriction/Restrictions[2]
com.apple.frontboard,SuspendableBootstrapping,TargetsHosted,,,/System/Library/LifecyclePolicy/DomainAttributes/com.apple.frontboard.plist,SuspendableBootstrapping/Restriction/Restrictions[4]
com.apple.frontboard,SuspendableJetsamLimit-ActiveUI,CompoundAny,,,/System/Library/LifecyclePolicy/DomainAttributes/com.apple.frontboard.plist,SuspendableJetsamLimit-ActiveUI/Restriction
com.apple.frontboard,SuspendableJetsamLimit-ActiveUI,OriginatorEntitlement,Entitlement,com.apple.runningboard.assertions.frontboard,/System/Library/LifecyclePolicy/DomainAttributes/com.apple.frontboard.plist,SuspendableJetsamLimit-ActiveUI/Restriction/Restrictions[1]
com.apple.frontboard,SuspendableJetsamLimit-ActiveUI,OriginatorEntitlement,Entitlement,com.apple.runningboard.primitiveattribute,/System/Library/LifecyclePolicy/DomainAttributes/com.apple.frontboard.plist,SuspendableJetsamLimit-ActiveUI/Restriction/Restrictions[0]
com.apple.frontboard,SuspendableJetsamLimit-ActiveUI,RBSBaseMemoryGrant,Category,Active,/System/Library/LifecyclePolicy/DomainAttributes/com.apple.frontboard.plist,SuspendableJetsamLimit-ActiveUI/AttributeGroups[0]/Attributes[1]
com.apple.frontboard,SuspendableJetsamLimit-ActiveUI,RBSBaseMemoryGrant,Strength,RBSMemoryLimitStrengthSoft,/System/Library/LifecyclePolicy/DomainAttributes/com.apple.frontboard.plist,SuspendableJetsamLimit-ActiveUI/AttributeGroups[0]/Attributes[1]
com.apple.frontboard,SuspendableJetsamLimit-ActiveUI,RBSMimicTaskSuspensionAttribute,,,/System/Library/LifecyclePolicy/DomainAttributes/com.apple.frontboard.plist,SuspendableJetsamLimit-ActiveUI/AttributeGroups[0]/Attributes[0]
com.apple.frontboard,SuspendableJetsamLimit-ActiveUI,RBSResistTerminationGrant,Resistance,RBSTerminationResistanceInteractive,/System/Library/LifecyclePolicy/DomainAttributes/com.apple.frontboard.plist,SuspendableJetsamLimit-ActiveUI/AttributeGroups[0]/Attributes[2]
com.apple.frontboard,SuspendableJetsamLimit-ActiveUI,TargetEntitlement,Entitlement,com.apple.UIKit.vends-view-services,/System/Library/LifecyclePolicy/DomainAttributes/com.apple.frontboard.plist,SuspendableJetsamLimit-ActiveUI/Restriction/Restrictions[3]
com.apple.frontboard,SuspendableJetsamLimit-ActiveUI,TargetEntitlement,Entitlement,com.apple.runningboard.trustedtarget,/System/Library/LifecyclePolicy/DomainAttributes/com.apple.frontboard.plist,SuspendableJetsamLimit-ActiveUI/Restriction/Restrictions[2]
com.apple.frontboard,SuspendableJetsamLimit-ActiveUI,TargetsHosted,,,/System/Library/LifecyclePolicy/DomainAttributes/com.apple.frontboard.plist,SuspendableJetsamLimit-ActiveUI/Restriction/Restrictions[4]
com.apple.frontboard,SuspendableJetsamLimit-PreserveNonUI,CompoundAny,,,/System/Library/LifecyclePolicy/DomainAttributes/com.apple.frontboard.plist,SuspendableJetsamLimit-PreserveNonUI/Restriction
com.apple.frontboard,SuspendableJetsamLimit-PreserveNonUI,OriginatorEntitlement,Entitlement,com.apple.runningboard.assertions.frontboard,/System/Library/LifecyclePolicy/DomainAttributes/com.apple.frontboard.plist,SuspendableJetsamLimit-PreserveNonUI/Restriction/Restrictions[1]
com.apple.frontboard,SuspendableJetsamLimit-PreserveNonUI,OriginatorEntitlement,Entitlement,com.apple.runningboard.primitiveattribute,/System/Library/LifecyclePolicy/DomainAttributes/com.apple.frontboard.plist,SuspendableJetsamLimit-PreserveNonUI/Restriction/Restrictions[0]
com.apple.frontboard,SuspendableJetsamLimit-PreserveNonUI,RBSMimicTaskSuspensionAttribute,,,/System/Library/LifecyclePolicy/DomainAttributes/com.apple.frontboard.plist,SuspendableJetsamLimit-PreserveNonUI/AttributeGroups[0]/Attributes[0]
com.apple.frontboard,SuspendableJetsamLimit-PreserveNonUI,RBSPreserveBaseMemoryGrant,,,/System/Library/LifecyclePolicy/DomainAttributes/com.apple.frontboard.plist,SuspendableJetsamLimit-PreserveNonUI/AttributeGroups[0]/Attributes[1]
com.apple.frontboard,SuspendableJetsamLimit-PreserveNonUI,RBSResistTerminationGrant,Resistance,RBSTerminationResistanceNonInteractive,/System/Library/LifecyclePolicy/DomainAttributes/com.apple.frontboard.plist,SuspendableJetsamLimit-PreserveNonUI/AttributeGroups[0]/Attributes[2]
com.apple.frontboard,SuspendableJetsamLimit-PreserveNonUI,TargetEntitlement,Entitlement,com.apple.UIKit.vends-view-services,/System/Library/LifecyclePolicy/DomainAttributes/com.apple.frontboard.plist,SuspendableJetsamLimit-PreserveNonUI/Restriction/Restrictions[3]
com.apple.frontboard,SuspendableJetsamLimit-PreserveNonUI,TargetEntitlement,Entitlement,com.apple.runningboard.trustedtarget,/System/Library/LifecyclePolicy/DomainAttributes/com.apple.frontboard.plist,SuspendableJetsamLimit-PreserveNonUI/Restriction/Restrictions[2]
com.apple.frontboard,SuspendableJetsamLimit-PreserveNonUI,TargetsHosted,,,/System/Library/LifecyclePolicy/DomainAttributes/com.apple.frontboard.plist,SuspendableJetsamLimit-PreserveNonUI/Restriction/Restrictions[4]
com.apple.frontboard,SuspendableJetsamPriority-Active,CompoundAny,,,/System/Library/LifecyclePolicy/DomainAttributes/com.apple.frontboard.plist,SuspendableJetsamPriority-Active/Restriction
com.apple.frontboard,SuspendableJetsamPriority-Active,OriginatorEntitlement,Entitlement,com.apple.runningboard.assertions.frontboard,/System/Library/LifecyclePolicy/DomainAttributes/com.apple.frontboard.plist,SuspendableJetsamPriority-Active/Restriction/Restrictions[1]
com.apple.frontboard,SuspendableJetsamPriority-Active,OriginatorEntitlement,Entitlement,com.apple.runningboard.primitiveattribute,/System/Library/LifecyclePolicy/DomainAttributes/com.apple.frontboard.plist,SuspendableJetsamPriority-Active/Restriction/Restrictions[0]
com.apple.frontboard,SuspendableJetsamPriority-Active,RBSJetsamPriorityGrant,Band,40,/System/Library/LifecyclePolicy/DomainAttributes/com.apple.frontboard.plist,SuspendableJetsamPriority-Active/AttributeGroups[0]/Attributes[1]
com.apple.frontboard,SuspendableJetsamPriority-Active,RBSMimicTaskSuspensionAttribute,,,/System/Library/LifecyclePolicy/DomainAttributes/com.apple.frontboard.plist,SuspendableJetsamPriority-Active/AttributeGroups[0]/Attributes[0]
com.apple.frontboard,SuspendableJetsamPriority-Active,TargetEntitlement,Entitlement,com.apple.UIKit.vends-view-services,/System/Library/LifecyclePolicy/DomainAttributes/com.apple.frontboard.plist,SuspendableJetsamPriority-Active/Restriction/Restrictions[3]
com.apple.frontboard,SuspendableJetsamPriority-Active,TargetEntitlement,Entitlement,com.apple.runningboard.trustedtarget,/System/Library/LifecyclePolicy/DomainAttributes/com.apple.frontboard.plist,SuspendableJetsamPriority-Active/Restriction/Restrictions[2]
com.apple.frontboard,SuspendableJetsamPriority-Active,TargetsHosted,,,/System/Library/LifecyclePolicy/DomainAttributes/com.apple.frontboard.plist,SuspendableJetsamPriority-Active/Restriction/Restrictions[4]
com.apple.frontboard,SuspendableJetsamPriority-Background,CompoundAny,,,/System/Library/LifecyclePolicy/DomainAttributes/com.apple.frontboard.plist,SuspendableJetsamPriority-Background/Restriction
com.apple.frontboard,SuspendableJetsamPriority-Background,OriginatorEntitlement,Entitlement,com.apple.runningboard.assertions.frontboard,/System/Library/LifecyclePolicy/DomainAttributes/com.apple.frontboard.plist,SuspendableJetsamPriority-Background/Restriction/Restrictions[1]
com.apple.frontboard,SuspendableJetsamPriority-Background,OriginatorEntitlement,Entitlement,com.apple.runningboard.primitiveattribute,/System/Library/LifecyclePolicy/DomainAttributes/com.apple.frontboard.plist,SuspendableJetsamPriority-Background/Restriction/Restrictions[0]
com.apple.frontboard,SuspendableJetsamPriority-Background,RBSJetsamPriorityGrant,Band,30,/System/Library/LifecyclePolicy/DomainAttributes/com.apple.frontboard.plist,SuspendableJetsamPriority-Background/AttributeGroups[0]/Attributes[1]
com.apple.frontboard,SuspendableJetsamPriority-Background,RBSMimicTaskSuspensionAttribute,,,/System/Library/LifecyclePolicy/DomainAttributes/com.apple.frontboard.plist,SuspendableJetsamPriority-Background/AttributeGroups[0]/Attributes[0]
com.apple.frontboard,SuspendableJetsamPriority-Background,TargetEntitlement,Entitlement,com.apple.UIKit.vends-view-services,/System/Library/LifecyclePolicy/DomainAttributes/com.apple.frontboard.plist,SuspendableJetsamPriority-Background/Restriction/Restrictions[3]
com.apple.frontboard,SuspendableJetsamPriority-Background,TargetEntitlement,Entitlement,com.apple.runningboard.trustedtarget,/System/Library/LifecyclePolicy/DomainAttributes/com.apple.frontboard.plist,SuspendableJetsamPriority-Background/Restriction/Restrictions[2]
com.apple.frontboard,SuspendableJetsamPriority-Background,TargetsHosted,,,/System/Library/LifecyclePolicy/DomainAttributes/com.apple.frontboard.plist,SuspendableJetsamPriority-Background/Restriction/Restrictions[4]
com.apple.frontboard,SuspendableJetsamPriority-Foreground,CompoundAny,,,/System/Library/LifecyclePolicy/DomainAttributes/com.apple.frontboard.plist,SuspendableJetsamPriority-Foreground/Restriction
com.apple.frontboard,SuspendableJetsamPriority-Foreground,OriginatorEntitlement,Entitlement,com.apple.runningboard.assertions.frontboard,/System/Library/LifecyclePolicy/DomainAttributes/com.apple.frontboard.plist,SuspendableJetsamPriority-Foreground/Restriction/Restrictions[1]
com.apple.frontboard,SuspendableJetsamPriority-Foreground,OriginatorEntitlement,Entitlement,com.apple.runningboard.primitiveattribute,/System/Library/LifecyclePolicy/DomainAttributes/com.apple.frontboard.plist,SuspendableJetsamPriority-Foreground/Restriction/Restrictions[0]
com.apple.frontboard,SuspendableJetsamPriority-Foreground,RBSJetsamPriorityGrant,Band,100,/System/Library/LifecyclePolicy/DomainAttributes/com.apple.frontboard.plist,SuspendableJetsamPriority-Foreground/AttributeGroups[0]/Attributes[1]
com.apple.frontboard,SuspendableJetsamPriority-Foreground,RBSMimicTaskSuspensionAttribute,,,/System/Library/LifecyclePolicy/DomainAttributes/com.apple.frontboard.plist,SuspendableJetsamPriority-Foreground/AttributeGroups[0]/Attributes[0]
com.apple.frontboard,SuspendableJetsamPriority-Foreground,TargetEntitlement,Entitlement,com.apple.UIKit.vends-view-services,/System/Library/LifecyclePolicy/DomainAttributes/com.apple.frontboard.plist,SuspendableJetsamPriority-Foreground/Restriction/Restrictions[3]
com.apple.frontboard,SuspendableJetsamPriority-Foreground,TargetEntitlement,Entitlement,com.apple.runningboard.trustedtarget,/System/Library/LifecyclePolicy/DomainAttributes/com.apple.frontboard.plist,SuspendableJetsamPriority-Foreground/Restriction/Restrictions[2]
com.apple.frontboard,SuspendableJetsamPriority-Foreground,TargetsHosted,,,/System/Library/LifecyclePolicy/DomainAttributes/com.apple.frontboard.plist,SuspendableJetsamPriority-Foreground/Restriction/Restrictions[4]
com.apple.frontboard,SuspendableJetsamPriority-ForegroundFocal,CompoundAny,,,/System/Library/LifecyclePolicy/DomainAttributes/com.apple.frontboard.plist,SuspendableJetsamPriority-ForegroundFocal/Restriction
com.apple.frontboard,SuspendableJetsamPriority-ForegroundFocal,OriginatorEntitlement,Entitlement,com.apple.runningboard.assertions.frontboard,/System/Library/LifecyclePolicy/DomainAttributes/com.apple.frontboard.plist,SuspendableJetsamPriority-ForegroundFocal/Restriction/Restrictions[1]
com.apple.frontboard,SuspendableJetsamPriority-ForegroundFocal,OriginatorEntitlement,Entitlement,com.apple.runningboard.primitiveattribute,/System/Library/LifecyclePolicy/DomainAttributes/com.apple.frontboard.plist,SuspendableJetsamPriority-ForegroundFocal/Restriction/Restrictions[0]
com.apple.frontboard,SuspendableJetsamPriority-ForegroundFocal,RBSJetsamPriorityGrant,Band,101,/System/Library/LifecyclePolicy/DomainAttributes/com.apple.frontboard.plist,SuspendableJetsamPriority-ForegroundFocal/AttributeGroups[0]/Attributes[1]
com.apple.frontboard,SuspendableJetsamPriority-ForegroundFocal,RBSMimicTaskSuspensionAttribute,,,/System/Library/LifecyclePolicy/DomainAttributes/com.apple.frontboard.plist,SuspendableJetsamPriority-ForegroundFocal/AttributeGroups[0]/Attributes[0]
com.apple.frontboard,SuspendableJetsamPriority-ForegroundFocal,TargetEntitlement,Entitlement,com.apple.UIKit.vends-view-services,/System/Library/LifecyclePolicy/DomainAttributes/com.apple.frontboard.plist,SuspendableJetsamPriority-ForegroundFocal/Restriction/Restrictions[3]
com.apple.frontboard,SuspendableJetsamPriority-ForegroundFocal,TargetEntitlement,Entitlement,com.apple.runningboard.trustedtarget,/System/Library/LifecyclePolicy/DomainAttributes/com.apple.frontboard.plist,SuspendableJetsamPriority-ForegroundFocal/Restriction/Restrictions[2]
com.apple.frontboard,SuspendableJetsamPriority-ForegroundFocal,TargetsHosted,,,/System/Library/LifecyclePolicy/DomainAttributes/com.apple.frontboard.plist,SuspendableJetsamPriority-ForegroundFocal/Restriction/Restrictions[4]
com.apple.frontboard,SuspendableJetsamPriority-ForegroundSupport,CompoundAny,,,/System/Library/LifecyclePolicy/DomainAttributes/com.apple.frontboard.plist,SuspendableJetsamPriority-ForegroundSupport/Restriction
com.apple.frontboard,SuspendableJetsamPriority-ForegroundSupport,OriginatorEntitlement,Entitlement,com.apple.runningboard.assertions.frontboard,/System/Library/LifecyclePolicy/DomainAttributes/com.apple.frontboard.plist,SuspendableJetsamPriority-ForegroundSupport/Restriction/Restrictions[1]
com.apple.frontboard,SuspendableJetsamPriority-ForegroundSupport,OriginatorEntitlement,Entitlement,com.apple.runningboard.primitiveattribute,/System/Library/LifecyclePolicy/DomainAttributes/com.apple.frontboard.plist,SuspendableJetsamPriority-ForegroundSupport/Restriction/Restrictions[0]
com.apple.frontboard,SuspendableJetsamPriority-ForegroundSupport,RBSJetsamPriorityGrant,Band,90,/System/Library/LifecyclePolicy/DomainAttributes/com.apple.frontboard.plist,SuspendableJetsamPriority-ForegroundSupport/AttributeGroups[0]/Attributes[1]
com.apple.frontboard,SuspendableJetsamPriority-ForegroundSupport,RBSMimicTaskSuspensionAttribute,,,/System/Library/LifecyclePolicy/DomainAttributes/com.apple.frontboard.plist,SuspendableJetsamPriority-ForegroundSupport/AttributeGroups[0]/Attributes[0]
com.apple.frontboard,SuspendableJetsamPriority-ForegroundSupport,TargetEntitlement,Entitlement,com.apple.UIKit.vends-view-services,/System/Library/LifecyclePolicy/DomainAttributes/com.apple.frontboard.plist,SuspendableJetsamPriority-ForegroundSupport/Restriction/Restrictions[3]
com.apple.frontboard,SuspendableJetsamPriority-ForegroundSupport,TargetEntitlement,Entitlement,com.apple.runningboard.trustedtarget,/System/Library/LifecyclePolicy/DomainAttributes/com.apple.frontboard.plist,SuspendableJetsamPriority-ForegroundSupport/Restriction/Restrictions[2]
com.apple.frontboard,SuspendableJetsamPriority-ForegroundSupport,TargetsHosted,,,/System/Library/LifecyclePolicy/DomainAttributes/com.apple.frontboard.plist,SuspendableJetsamPriority-ForegroundSupport/Restriction/Restrictions[4]
com.apple.frontboard,SuspendableJetsamPriority-Opportunistic,CompoundAny,,,/System/Library/LifecyclePolicy/DomainAttributes/com.apple.frontboard.plist,SuspendableJetsamPriority-Opportunistic/Restriction
com.apple.frontboard,SuspendableJetsamPriority-Opportunistic,OriginatorEntitlement,Entitlement,com.apple.runningboard.assertions.frontboard,/System/Library/LifecyclePolicy/DomainAttributes/com.apple.frontboard.plist,SuspendableJetsamPriority-Opportunistic/Restriction/Restrictions[1]
com.apple.frontboard,SuspendableJetsamPriority-Opportunistic,OriginatorEntitlement,Entitlement,com.apple.runningboard.primitiveattribute,/System/Library/LifecyclePolicy/DomainAttributes/com.apple.frontboard.plist,SuspendableJetsamPriority-Opportunistic/Restriction/Restrictions[0]
com.apple.frontboard,SuspendableJetsamPriority-Opportunistic,RBSJetsamPriorityGrant,Band,20,/System/Library/LifecyclePolicy/DomainAttributes/com.apple.frontboard.plist,SuspendableJetsamPriority-Opportunistic/AttributeGroups[0]/Attributes[1]
com.apple.frontboard,SuspendableJetsamPriority-Opportunistic,RBSMimicTaskSuspensionAttribute,,,/System/Library/LifecyclePolicy/DomainAttributes/com.apple.frontboard.plist,SuspendableJetsamPriority-Opportunistic/AttributeGroups[0]/Attributes[0]
com.apple.frontboard,SuspendableJetsamPriority-Opportunistic,TargetEntitlement,Entitlement,com.apple.UIKit.vends-view-services,/System/Library/LifecyclePolicy/DomainAttributes/com.apple.frontboard.plist,SuspendableJetsamPriority-Opportunistic/Restriction/Restrictions[3]
com.apple.frontboard,SuspendableJetsamPriority-Opportunistic,TargetEntitlement,Entitlement,com.apple.runningboard.trustedtarget,/System/Library/LifecyclePolicy/DomainAttributes/com.apple.frontboard.plist,SuspendableJetsamPriority-Opportunistic/Restriction/Restrictions[2]
com.apple.frontboard,SuspendableJetsamPriority-Opportunistic,TargetsHosted,,,/System/Library/LifecyclePolicy/DomainAttributes/com.apple.frontboard.plist,SuspendableJetsamPriority-Opportunistic/Restriction/Restrictions[4]
com.apple.frontboard,SuspendableJetsamPriority-UISupport,CompoundAny,,,/System/Library/LifecyclePolicy/DomainAttributes/com.apple.frontboard.plist,SuspendableJetsamPriority-UISupport/Restriction
com.apple.frontboard,SuspendableJetsamPriority-UISupport,OriginatorEntitlement,Entitlement,com.apple.runningboard.assertions.frontboard,/System/Library/LifecyclePolicy/DomainAttributes/com.apple.frontboard.plist,SuspendableJetsamPriority-UISupport/Restriction/Restrictions[1]
com.apple.frontboard,SuspendableJetsamPriority-UISupport,OriginatorEntitlement,Entitlement,com.apple.runningboard.primitiveattribute,/System/Library/LifecyclePolicy/DomainAttributes/com.apple.frontboard.plist,SuspendableJetsamPriority-UISupport/Restriction/Restrictions[0]
com.apple.frontboard,SuspendableJetsamPriority-UISupport,RBSJetsamPriorityGrant,Band,80,/System/Library/LifecyclePolicy/DomainAttributes/com.apple.frontboard.plist,SuspendableJetsamPriority-UISupport/AttributeGroups[0]/Attributes[1]
com.apple.frontboard,SuspendableJetsamPriority-UISupport,RBSMimicTaskSuspensionAttribute,,,/System/Library/LifecyclePolicy/DomainAttributes/com.apple.frontboard.plist,SuspendableJetsamPriority-UISupport/AttributeGroups[0]/Attributes[0]
com.apple.frontboard,SuspendableJetsamPriority-UISupport,TargetEntitlement,Entitlement,com.apple.UIKit.vends-view-services,/System/Library/LifecyclePolicy/DomainAttributes/com.apple.frontboard.plist,SuspendableJetsamPriority-UISupport/Restriction/Restrictions[3]
com.apple.frontboard,SuspendableJetsamPriority-UISupport,TargetEntitlement,Entitlement,com.apple.runningboard.trustedtarget,/System/Library/LifecyclePolicy/DomainAttributes/com.apple.frontboard.plist,SuspendableJetsamPriority-UISupport/Restriction/Restrictions[2]
com.apple.frontboard,SuspendableJetsamPriority-UISupport,TargetsHosted,,,/System/Library/LifecyclePolicy/DomainAttributes/com.apple.frontboard.plist,SuspendableJetsamPriority-UISupport/Restriction/Restrictions[4]
com.apple.frontboard,SuspendableJetsamPriority-Utility,CompoundAny,,,/System/Library/LifecyclePolicy/DomainAttributes/com.apple.frontboard.plist,SuspendableJetsamPriority-Utility/Restriction
com.apple.frontboard,SuspendableJetsamPriority-Utility,OriginatorEntitlement,Entitlement,com.apple.runningboard.assertions.frontboard,/System/Library/LifecyclePolicy/DomainAttributes/com.apple.frontboard.plist,SuspendableJetsamPriority-Utility/Restriction/Restrictions[1]
com.apple.frontboard,SuspendableJetsamPriority-Utility,OriginatorEntitlement,Entitlement,com.apple.runningboard.primitiveattribute,/System/Library/LifecyclePolicy/DomainAttributes/com.apple.frontboard.plist,SuspendableJetsamPriority-Utility/Restriction/Restrictions[0]
com.apple.frontboard,SuspendableJetsamPriority-Utility,RBSJetsamPriorityGrant,Band,35,/System/Library/LifecyclePolicy/DomainAttributes/com.apple.frontboard.plist,SuspendableJetsamPriority-Utility/AttributeGroups[0]/Attributes[1]
com.apple.frontboard,SuspendableJetsamPriority-Utility,RBSMimicTaskSuspensionAttribute,,,/System/Library/LifecyclePolicy/DomainAttributes/com.apple.frontboard.plist,SuspendableJetsamPriority-Utility/AttributeGroups[0]/Attributes[0]
com.apple.frontboard,SuspendableJetsamPriority-Utility,TargetEntitlement,Entitlement,com.apple.UIKit.vends-view-services,/System/Library/LifecyclePolicy/DomainAttributes/com.apple.frontboard.plist,SuspendableJetsamPriority-Utility/Restriction/Restrictions[3]
com.apple.frontboard,SuspendableJetsamPriority-Utility,TargetEntitlement,Entitlement,com.apple.runningboard.trustedtarget,/System/Library/LifecyclePolicy/DomainAttributes/com.apple.frontboard.plist,SuspendableJetsamPriority-Utility/Restriction/Restrictions[2]
com.apple.frontboard,SuspendableJetsamPriority-Utility,TargetsHosted,,,/System/Library/LifecyclePolicy/DomainAttributes/com.apple.frontboard.plist,SuspendableJetsamPriority-Utility/Restriction/Restrictions[4]
com.apple.frontboard,SuspendableJetsamPriority-Utility2,CompoundAny,,,/System/Library/LifecyclePolicy/DomainAttributes/com.apple.frontboard.plist,SuspendableJetsamPriority-Utility2/Restriction
com.apple.frontboard,SuspendableJetsamPriority-Utility2,OriginatorEntitlement,Entitlement,com.apple.runningboard.assertions.frontboard,/System/Library/LifecyclePolicy/DomainAttributes/com.apple.frontboard.plist,SuspendableJetsamPriority-Utility2/Restriction/Restrictions[1]
com.apple.frontboard,SuspendableJetsamPriority-Utility2,OriginatorEntitlement,Entitlement,com.apple.runningboard.primitiveattribute,/System/Library/LifecyclePolicy/DomainAttributes/com.apple.frontboard.plist,SuspendableJetsamPriority-Utility2/Restriction/Restrictions[0]
com.apple.frontboard,SuspendableJetsamPriority-Utility2,RBSJetsamPriorityGrant,Band,34,/System/Library/LifecyclePolicy/DomainAttributes/com.apple.frontboard.plist,SuspendableJetsamPriority-Utility2/AttributeGroups[0]/Attributes[1]
com.apple.frontboard,SuspendableJetsamPriority-Utility2,RBSMimicTaskSuspensionAttribute,,,/System/Library/LifecyclePolicy/DomainAttributes/com.apple.frontboard.plist,SuspendableJetsamPriority-Utility2/AttributeGroups[0]/Attributes[0]
com.apple.frontboard,SuspendableJetsamPriority-Utility2,TargetEntitlement,Entitlement,com.apple.UIKit.vends-view-services,/System/Library/LifecyclePolicy/DomainAttributes/com.apple.frontboard.plist,SuspendableJetsamPriority-Utility2/Restriction/Restrictions[3]
com.apple.frontboard,SuspendableJetsamPriority-Utility2,TargetEntitlement,Entitlement,com.apple.runningboard.trustedtarget,/System/Library/LifecyclePolicy/DomainAttributes/com.apple.frontboard.plist,SuspendableJetsamPriority-Utility2/Restriction/Restrictions[2]
com.apple.frontboard,SuspendableJetsamPriority-Utility2,TargetsHosted,,,/System/Library/LifecyclePolicy/DomainAttributes/com.apple.frontboard.plist,SuspendableJetsamPriority-Utility2/Restriction/Restrictions[4]
com.apple.frontboard,SuspendableJetsamPriority-Utility3,CompoundAny,,,/System/Library/LifecyclePolicy/DomainAttributes/com.apple.frontboard.plist,SuspendableJetsamPriority-Utility3/Restriction
com.apple.frontboard,SuspendableJetsamPriority-Utility3,OriginatorEntitlement,Entitlement,com.apple.runningboard.assertions.frontboard,/System/Library/LifecyclePolicy/DomainAttributes/com.apple.frontboard.plist,SuspendableJetsamPriority-Utility3/Restriction/Restrictions[1]
com.apple.frontboard,SuspendableJetsamPriority-Utility3,OriginatorEntitlement,Entitlement,com.apple.runningboard.primitiveattribute,/System/Library/LifecyclePolicy/DomainAttributes/com.apple.frontboard.plist,SuspendableJetsamPriority-Utility3/Restriction/Restrictions[0]
com.apple.frontboard,SuspendableJetsamPriority-Utility3,RBSJetsamPriorityGrant,Band,33,/System/Library/LifecyclePolicy/DomainAttributes/com.apple.frontboard.plist,SuspendableJetsamPriority-Utility3/AttributeGroups[0]/Attributes[1]
com.apple.frontboard,SuspendableJetsamPriority-Utility3,RBSMimicTaskSuspensionAttribute,,,/System/Library/LifecyclePolicy/DomainAttributes/com.apple.frontboard.plist,SuspendableJetsamPriority-Utility3/AttributeGroups[0]/Attributes[0]
com.apple.frontboard,SuspendableJetsamPriority-Utility3,TargetEntitlement,Entitlement,com.apple.UIKit.vends-view-services,/System/Library/LifecyclePolicy/DomainAttributes/com.apple.frontboard.plist,SuspendableJetsamPriority-Utility3/Restriction/Restrictions[3]
com.apple.frontboard,SuspendableJetsamPriority-Utility3,TargetEntitlement,Entitlement,com.apple.runningboard.trustedtarget,/System/Library/LifecyclePolicy/DomainAttributes/com.apple.frontboard.plist,SuspendableJetsamPriority-Utility3/Restriction/Restrictions[2]
com.apple.frontboard,SuspendableJetsamPriority-Utility3,TargetsHosted,,,/System/Library/LifecyclePolicy/DomainAttributes/com.apple.frontboard.plist,SuspendableJetsamPriority-Utility3/Restriction/Restrictions[4]
com.apple.frontboard,SuspendableLPRunReason-Resume,CompoundAny,,,/System/Library/LifecyclePolicy/DomainAttributes/com.apple.frontboard.plist,SuspendableLPRunReason-Resume/Restriction
com.apple.frontboard,SuspendableLPRunReason-Resume,OriginatorEntitlement,Entitlement,com.apple.runningboard.assertions.frontboard,/System/Library/LifecyclePolicy/DomainAttributes/com.apple.frontboard.plist,SuspendableLPRunReason-Resume/Restriction/Restrictions[1]
com.apple.frontboard,SuspendableLPRunReason-Resume,OriginatorEntitlement,Entitlement,com.apple.runningboard.primitiveattribute,/System/Library/LifecyclePolicy/DomainAttributes/com.apple.frontboard.plist,SuspendableLPRunReason-Resume/Restriction/Restrictions[0]
com.apple.frontboard,SuspendableLPRunReason-Resume,RBSAcquisitionCompletionAttribute,CompletionPolicy,RBSAcquisitionCompletionPolicyAfterApplication,/System/Library/LifecyclePolicy/DomainAttributes/com.apple.frontboard.plist,SuspendableLPRunReason-Resume/AttributeGroups[0]/Attributes[1]
com.apple.frontboard,SuspendableLPRunReason-Resume,RBSDefineRelativeStartTimeGrant,,,/System/Library/LifecyclePolicy/DomainAttributes/com.apple.frontboard.plist,SuspendableLPRunReason-Resume/AttributeGroups[1]/Attributes[1]
com.apple.frontboard,SuspendableLPRunReason-Resume,RBSDomainAttribute,Domain,com.apple.frontboard,/System/Library/LifecyclePolicy/DomainAttributes/com.apple.frontboard.plist,SuspendableLPRunReason-Resume/AttributeGroups[0]/Attributes[0]
com.apple.frontboard,SuspendableLPRunReason-Resume,RBSDomainAttribute,Domain,com.apple.frontboard,/System/Library/LifecyclePolicy/DomainAttributes/com.apple.frontboard.plist,SuspendableLPRunReason-Resume/AttributeGroups[1]/Attributes[0]
com.apple.frontboard,SuspendableLPRunReason-Resume,RBSDomainAttribute,Name,SuspendableJetsamLimit-ActiveUI,/System/Library/LifecyclePolicy/DomainAttributes/com.apple.frontboard.plist,SuspendableLPRunReason-Resume/AttributeGroups[0]/Attributes[0]
com.apple.frontboard,SuspendableLPRunReason-Resume,RBSDomainAttribute,Name,SuspendableRole-Utility,/System/Library/LifecyclePolicy/DomainAttributes/com.apple.frontboard.plist,SuspendableLPRunReason-Resume/AttributeGroups[1]/Attributes[0]
com.apple.frontboard,SuspendableLPRunReason-Resume,RBSRunningReasonAttribute,RunningReason,10000,/System/Library/LifecyclePolicy/DomainAttributes/com.apple.frontboard.plist,SuspendableLPRunReason-Resume/AttributeGroups[1]/Attributes[3]
com.apple.frontboard,SuspendableLPRunReason-Resume,RBSTagAttribute,Tag,SupportsBackgroundAudio,/System/Library/LifecyclePolicy/DomainAttributes/com.apple.frontboard.plist,SuspendableLPRunReason-Resume/AttributeGroups[1]/Attributes[2]
com.apple.frontboard,SuspendableLPRunReason-Resume,TargetEntitlement,Entitlement,com.apple.UIKit.vends-view-services,/System/Library/LifecyclePolicy/DomainAttributes/com.apple.frontboard.plist,SuspendableLPRunReason-Resume/Restriction/Restrictions[3]
com.apple.frontboard,SuspendableLPRunReason-Resume,TargetEntitlement,Entitlement,com.apple.runningboard.trustedtarget,/System/Library/LifecyclePolicy/DomainAttributes/com.apple.frontboard.plist,SuspendableLPRunReason-Resume/Restriction/Restrictions[2]
com.apple.frontboard,SuspendableLPRunReason-Resume,TargetsHosted,,,/System/Library/LifecyclePolicy/DomainAttributes/com.apple.frontboard.plist,SuspendableLPRunReason-Resume/Restriction/Restrictions[4]
com.apple.frontboard,SuspendableLPRunReason-Suspend,CompoundAny,,,/System/Library/LifecyclePolicy/DomainAttributes/com.apple.frontboard.plist,SuspendableLPRunReason-Suspend/Restriction
com.apple.frontboard,SuspendableLPRunReason-Suspend,OriginatorEntitlement,Entitlement,com.apple.runningboard.assertions.frontboard,/System/Library/LifecyclePolicy/DomainAttributes/com.apple.frontboard.plist,SuspendableLPRunReason-Suspend/Restriction/Restrictions[1]
com.apple.frontboard,SuspendableLPRunReason-Suspend,OriginatorEntitlement,Entitlement,com.apple.runningboard.primitiveattribute,/System/Library/LifecyclePolicy/DomainAttributes/com.apple.frontboard.plist,SuspendableLPRunReason-Suspend/Restriction/Restrictions[0]
com.apple.frontboard,SuspendableLPRunReason-Suspend,RBSDomainAttribute,Domain,com.apple.frontboard,/System/Library/LifecyclePolicy/DomainAttributes/com.apple.frontboard.plist,SuspendableLPRunReason-Suspend/AttributeGroups[0]/Attributes[0]
com.apple.frontboard,SuspendableLPRunReason-Suspend,RBSDomainAttribute,Domain,com.apple.frontboard,/System/Library/LifecyclePolicy/DomainAttributes/com.apple.frontboard.plist,SuspendableLPRunReason-Suspend/AttributeGroups[1]/Attributes[0]
com.apple.frontboard,SuspendableLPRunReason-Suspend,RBSDomainAttribute,Name,SuspendableJetsamLimit-PreserveNonUI,/System/Library/LifecyclePolicy/DomainAttributes/com.apple.frontboard.plist,SuspendableLPRunReason-Suspend/AttributeGroups[0]/Attributes[0]
com.apple.frontboard,SuspendableLPRunReason-Suspend,RBSDomainAttribute,Name,SuspendableRole-Opportunistic,/System/Library/LifecyclePolicy/DomainAttributes/com.apple.frontboard.plist,SuspendableLPRunReason-Suspend/AttributeGroups[1]/Attributes[0]
com.apple.frontboard,SuspendableLPRunReason-Suspend,RBSRunningReasonAttribute,RunningReason,10001,/System/Library/LifecyclePolicy/DomainAttributes/com.apple.frontboard.plist,SuspendableLPRunReason-Suspend/AttributeGroups[1]/Attributes[2]
com.apple.frontboard,SuspendableLPRunReason-Suspend,RBSTagAttribute,Tag,SupportsBackgroundAudio,/System/Library/LifecyclePolicy/DomainAttributes/com.apple.frontboard.plist,SuspendableLPRunReason-Suspend/AttributeGroups[1]/Attributes[1]
com.apple.frontboard,SuspendableLPRunReason-Suspend,TargetEntitlement,Entitlement,com.apple.UIKit.vends-view-services,/System/Library/LifecyclePolicy/DomainAttributes/com.apple.frontboard.plist,SuspendableLPRunReason-Suspend/Restriction/Restrictions[3]
com.apple.frontboard,SuspendableLPRunReason-Suspend,TargetEntitlement,Entitlement,com.apple.runningboard.trustedtarget,/System/Library/LifecyclePolicy/DomainAttributes/com.apple.frontboard.plist,SuspendableLPRunReason-Suspend/Restriction/Restrictions[2]
com.apple.frontboard,SuspendableLPRunReason-Suspend,TargetsHosted,,,/System/Library/LifecyclePolicy/DomainAttributes/com.apple.frontboard.plist,SuspendableLPRunReason-Suspend/Restriction/Restrictions[4]
com.apple.frontboard,SuspendableRole-NonUI,CompoundAny,,,/System/Library/LifecyclePolicy/DomainAttributes/com.apple.frontboard.plist,SuspendableRole-NonUI/Restriction
com.apple.frontboard,SuspendableRole-NonUI,LessThanCondition,Condition,therm,/System/Library/LifecyclePolicy/DomainAttributes/com.apple.frontboard.plist,SuspendableRole-NonUI/AttributeGroups[1]/Selector
com.apple.frontboard,SuspendableRole-NonUI,LessThanCondition,Value,840,/System/Library/LifecyclePolicy/DomainAttributes/com.apple.frontboard.plist,SuspendableRole-NonUI/AttributeGroups[1]/Selector
com.apple.frontboard,SuspendableRole-NonUI,OriginatorEntitlement,Entitlement,com.apple.runningboard.assertions.frontboard,/System/Library/LifecyclePolicy/DomainAttributes/com.apple.frontboard.plist,SuspendableRole-NonUI/Restriction/Restrictions[1]
com.apple.frontboard,SuspendableRole-NonUI,OriginatorEntitlement,Entitlement,com.apple.runningboard.primitiveattribute,/System/Library/LifecyclePolicy/DomainAttributes/com.apple.frontboard.plist,SuspendableRole-NonUI/Restriction/Restrictions[0]
com.apple.frontboard,SuspendableRole-NonUI,RBSCPUAccessGrant,Role,RBSRoleNonUserInteractive,/System/Library/LifecyclePolicy/DomainAttributes/com.apple.frontboard.plist,SuspendableRole-NonUI/AttributeGroups[1]/Attributes[0]
com.apple.frontboard,SuspendableRole-NonUI,RBSDomainAttribute,Domain,com.apple.frontboard,/System/Library/LifecyclePolicy/DomainAttributes/com.apple.frontboard.plist,SuspendableRole-NonUI/AttributeGroups[0]/Attributes[0]
com.apple.frontboard,SuspendableRole-NonUI,RBSDomainAttribute,Name,SuspendableRole-Utility,/System/Library/LifecyclePolicy/DomainAttributes/com.apple.frontboard.plist,SuspendableRole-NonUI/AttributeGroups[0]/Attributes[0]
com.apple.frontboard,SuspendableRole-NonUI,TargetEntitlement,Entitlement,com.apple.UIKit.vends-view-services,/System/Library/LifecyclePolicy/DomainAttributes/com.apple.frontboard.plist,SuspendableRole-NonUI/Restriction/Restrictions[3]
com.apple.frontboard,SuspendableRole-NonUI,TargetEntitlement,Entitlement,com.apple.runningboard.trustedtarget,/System/Library/LifecyclePolicy/DomainAttributes/com.apple.frontboard.plist,SuspendableRole-NonUI/Restriction/Restrictions[2]
com.apple.frontboard,SuspendableRole-NonUI,TargetsHosted,,,/System/Library/LifecyclePolicy/DomainAttributes/com.apple.frontboard.plist,SuspendableRole-NonUI/Restriction/Restrictions[4]
com.apple.frontboard,SuspendableRole-Opportunistic,CompoundAny,,,/System/Library/LifecyclePolicy/DomainAttributes/com.apple.frontboard.plist,SuspendableRole-Opportunistic/Restriction
com.apple.frontboard,SuspendableRole-Opportunistic,OriginatorEntitlement,Entitlement,com.apple.runningboard.assertions.frontboard,/System/Library/LifecyclePolicy/DomainAttributes/com.apple.frontboard.plist,SuspendableRole-Opportunistic/Restriction/Restrictions[1]
com.apple.frontboard,SuspendableRole-Opportunistic,OriginatorEntitlement,Entitlement,com.apple.runningboard.primitiveattribute,/System/Library/LifecyclePolicy/DomainAttributes/com.apple.frontboard.plist,SuspendableRole-Opportunistic/Restriction/Restrictions[0]
com.apple.frontboard,SuspendableRole-Opportunistic,RBSCPUAccessGrant,Role,RBSRoleBackground,/System/Library/LifecyclePolicy/DomainAttributes/com.apple.frontboard.plist,SuspendableRole-Opportunistic/AttributeGroups[1]/Attributes[0]
com.apple.frontboard,SuspendableRole-Opportunistic,RBSCoalitionLevelGrant,CoalitionLevel,RBSCoalitionLevelLow,/System/Library/LifecyclePolicy/DomainAttributes/com.apple.frontboard.plist,SuspendableRole-Opportunistic/AttributeGroups[1]/Attributes[1]
com.apple.frontboard,SuspendableRole-Opportunistic,RBSMimicTaskSuspensionAttribute,,,/System/Library/LifecyclePolicy/DomainAttributes/com.apple.frontboard.plist,SuspendableRole-Opportunistic/AttributeGroups[0]/Attributes[0]
com.apple.frontboard,SuspendableRole-Opportunistic,TargetEntitlement,Entitlement,com.apple.UIKit.vends-view-services,/System/Library/LifecyclePolicy/DomainAttributes/com.apple.frontboard.plist,SuspendableRole-Opportunistic/Restriction/Restrictions[3]
com.apple.frontboard,SuspendableRole-Opportunistic,TargetEntitlement,Entitlement,com.apple.runningboard.trustedtarget,/System/Library/LifecyclePolicy/DomainAttributes/com.apple.frontboard.plist,SuspendableRole-Opportunistic/Restriction/Restrictions[2]
com.apple.frontboard,SuspendableRole-Opportunistic,TargetsHosted,,,/System/Library/LifecyclePolicy/DomainAttributes/com.apple.frontboard.plist,SuspendableRole-Opportunistic/Restriction/Restrictions[4]
com.apple.frontboard,SuspendableRole-UIFocal,CompoundAny,,,/System/Library/LifecyclePolicy/DomainAttributes/com.apple.frontboard.plist,SuspendableRole-UIFocal/Restriction
com.apple.frontboard,SuspendableRole-UIFocal,OriginatorEntitlement,Entitlement,com.apple.runningboard.assertions.frontboard,/System/Library/LifecyclePolicy/DomainAttributes/com.apple.frontboard.plist,SuspendableRole-UIFocal/Restriction/Restrictions[1]
com.apple.frontboard,SuspendableRole-UIFocal,OriginatorEntitlement,Entitlement,com.apple.runningboard.primitiveattribute,/System/Library/LifecyclePolicy/DomainAttributes/com.apple.frontboard.plist,SuspendableRole-UIFocal/Restriction/Restrictions[0]
com.apple.frontboard,SuspendableRole-UIFocal,RBSCPUAccessGrant,Role,RBSRoleUserInteractiveFocal,/System/Library/LifecyclePolicy/DomainAttributes/com.apple.frontboard.plist,SuspendableRole-UIFocal/AttributeGroups[1]/Attributes[0]
com.apple.frontboard,SuspendableRole-UIFocal,RBSDomainAttribute,Domain,com.apple.frontboard,/System/Library/LifecyclePolicy/DomainAttributes/com.apple.frontboard.plist,SuspendableRole-UIFocal/AttributeGroups[0]/Attributes[0]
com.apple.frontboard,SuspendableRole-UIFocal,RBSDomainAttribute,Name,SuspendableRole-Utility,/System/Library/LifecyclePolicy/DomainAttributes/com.apple.frontboard.plist,SuspendableRole-UIFocal/AttributeGroups[0]/Attributes[0]
com.apple.frontboard,SuspendableRole-UIFocal,RBSGPUAccessGrant,Role,RBSGPURoleUserInteractiveFocal,/System/Library/LifecyclePolicy/DomainAttributes/com.apple.frontboard.plist,SuspendableRole-UIFocal/AttributeGroups[1]/Attributes[1]
com.apple.frontboard,SuspendableRole-UIFocal,TargetEntitlement,Entitlement,com.apple.UIKit.vends-view-services,/System/Library/LifecyclePolicy/DomainAttributes/com.apple.frontboard.plist,SuspendableRole-UIFocal/Restriction/Restrictions[3]
com.apple.frontboard,SuspendableRole-UIFocal,TargetEntitlement,Entitlement,com.apple.runningboard.trustedtarget,/System/Library/LifecyclePolicy/DomainAttributes/com.apple.frontboard.plist,SuspendableRole-UIFocal/Restriction/Restrictions[2]
com.apple.frontboard,SuspendableRole-UIFocal,TargetsHosted,,,/System/Library/LifecyclePolicy/DomainAttributes/com.apple.frontboard.plist,SuspendableRole-UIFocal/Restriction/Restrictions[4]
com.apple.frontboard,SuspendableRole-UINonFocal,CompoundAny,,,/System/Library/LifecyclePolicy/DomainAttributes/com.apple.frontboard.plist,SuspendableRole-UINonFocal/Restriction
com.apple.frontboard,SuspendableRole-UINonFocal,LessThanCondition,Condition,therm,/System/Library/LifecyclePolicy/DomainAttributes/com.apple.frontboard.plist,SuspendableRole-UINonFocal/AttributeGroups[1]/Selector
com.apple.frontboard,SuspendableRole-UINonFocal,LessThanCondition,Value,840,/System/Library/LifecyclePolicy/DomainAttributes/com.apple.frontboard.plist,SuspendableRole-UINonFocal/AttributeGroups[1]/Selector
com.apple.frontboard,SuspendableRole-UINonFocal,OriginatorEntitlement,Entitlement,com.apple.runningboard.assertions.frontboard,/System/Library/LifecyclePolicy/DomainAttributes/com.apple.frontboard.plist,SuspendableRole-UINonFocal/Restriction/Restrictions[1]
com.apple.frontboard,SuspendableRole-UINonFocal,OriginatorEntitlement,Entitlement,com.apple.runningboard.primitiveattribute,/System/Library/LifecyclePolicy/DomainAttributes/com.apple.frontboard.plist,SuspendableRole-UINonFocal/Restriction/Restrictions[0]
com.apple.frontboard,SuspendableRole-UINonFocal,RBSCPUAccessGrant,Role,RBSRoleUserInteractiveNonFocal,/System/Library/LifecyclePolicy/DomainAttributes/com.apple.frontboard.plist,SuspendableRole-UINonFocal/AttributeGroups[1]/Attributes[0]
com.apple.frontboard,SuspendableRole-UINonFocal,RBSDomainAttribute,Domain,com.apple.frontboard,/System/Library/LifecyclePolicy/DomainAttributes/com.apple.frontboard.plist,SuspendableRole-UINonFocal/AttributeGroups[0]/Attributes[0]
com.apple.frontboard,SuspendableRole-UINonFocal,RBSDomainAttribute,Name,SuspendableRole-Utility,/System/Library/LifecyclePolicy/DomainAttributes/com.apple.frontboard.plist,SuspendableRole-UINonFocal/AttributeGroups[0]/Attributes[0]
com.apple.frontboard,SuspendableRole-UINonFocal,RBSGPUAccessGrant,Role,RBSGPURoleUserInteractive,/System/Library/LifecyclePolicy/DomainAttributes/com.apple.frontboard.plist,SuspendableRole-UINonFocal/AttributeGroups[1]/Attributes[1]
com.apple.frontboard,SuspendableRole-UINonFocal,TargetEntitlement,Entitlement,com.apple.UIKit.vends-view-services,/System/Library/LifecyclePolicy/DomainAttributes/com.apple.frontboard.plist,SuspendableRole-UINonFocal/Restriction/Restrictions[3]
com.apple.frontboard,SuspendableRole-UINonFocal,TargetEntitlement,Entitlement,com.apple.runningboard.trustedtarget,/System/Library/LifecyclePolicy/DomainAttributes/com.apple.frontboard.plist,SuspendableRole-UINonFocal/Restriction/Restrictions[2]
com.apple.frontboard,SuspendableRole-UINonFocal,TargetsHosted,,,/System/Library/LifecyclePolicy/DomainAttributes/com.apple.frontboard.plist,SuspendableRole-UINonFocal/Restriction/Restrictions[4]
com.apple.frontboard,SuspendableRole-Utility,CompoundAny,,,/System/Library/LifecyclePolicy/DomainAttributes/com.apple.frontboard.plist,SuspendableRole-Utility/Restriction
com.apple.frontboard,SuspendableRole-Utility,OriginatorEntitlement,Entitlement,com.apple.runningboard.assertions.frontboard,/System/Library/LifecyclePolicy/DomainAttributes/com.apple.frontboard.plist,SuspendableRole-Utility/Restriction/Restrictions[1]
com.apple.frontboard,SuspendableRole-Utility,OriginatorEntitlement,Entitlement,com.apple.runningboard.primitiveattribute,/System/Library/LifecyclePolicy/DomainAttributes/com.apple.frontboard.plist,SuspendableRole-Utility/Restriction/Restrictions[0]
com.apple.frontboard,SuspendableRole-Utility,RBSCPUAccessGrant,Role,RBSRoleLaunchTAL,/System/Library/LifecyclePolicy/DomainAttributes/com.apple.frontboard.plist,SuspendableRole-Utility/AttributeGroups[1]/Attributes[0]
com.apple.frontboard,SuspendableRole-Utility,RBSCoalitionLevelGrant,CoalitionLevel,RBSCoalitionLevelHigh,/System/Library/LifecyclePolicy/DomainAttributes/com.apple.frontboard.plist,SuspendableRole-Utility/AttributeGroups[1]/Attributes[1]
com.apple.frontboard,SuspendableRole-Utility,RBSGPUAccessGrant,Role,RBSGPURoleBackground,/System/Library/LifecyclePolicy/DomainAttributes/com.apple.frontboard.plist,SuspendableRole-Utility/AttributeGroups[1]/Attributes[2]
com.apple.frontboard,SuspendableRole-Utility,RBSMimicTaskSuspensionAttribute,,,/System/Library/LifecyclePolicy/DomainAttributes/com.apple.frontboard.plist,SuspendableRole-Utility/AttributeGroups[0]/Attributes[0]
com.apple.frontboard,SuspendableRole-Utility,TargetEntitlement,Entitlement,com.apple.UIKit.vends-view-services,/System/Library/LifecyclePolicy/DomainAttributes/com.apple.frontboard.plist,SuspendableRole-Utility/Restriction/Restrictions[3]
com.apple.frontboard,SuspendableRole-Utility,TargetEntitlement,Entitlement,com.apple.runningboard.trustedtarget,/System/Library/LifecyclePolicy/DomainAttributes/com.apple.frontboard.plist,SuspendableRole-Utility/Restriction/Restrictions[2]
com.apple.frontboard,SuspendableRole-Utility,TargetsHosted,,,/System/Library/LifecyclePolicy/DomainAttributes/com.apple.frontboard.plist,SuspendableRole-Utility/Restriction/Restrictions[4]
com.apple.frontboard,SystemShell,CompoundAll,,,/System/Library/LifecyclePolicy/DomainAttributes/com.apple.frontboard.plist,SystemShell/Restriction
com.apple.frontboard,SystemShell,CompoundAny,,,/System/Library/LifecyclePolicy/DomainAttributes/com.apple.frontboard.plist,SystemShell/Restriction/Restrictions[0]
com.apple.frontboard,SystemShell,OriginatorEntitlement,Entitlement,com.apple.runningboard.assertions.frontboard,/System/Library/LifecyclePolicy/DomainAttributes/com.apple.frontboard.plist,SystemShell/Restriction/Restrictions[0]/Restrictions[1]
com.apple.frontboard,SystemShell,OriginatorEntitlement,Entitlement,com.apple.runningboard.primitiveattribute,/System/Library/LifecyclePolicy/DomainAttributes/com.apple.frontboard.plist,SystemShell/Restriction/Restrictions[0]/Restrictions[0]
com.apple.frontboard,SystemShell,RBSBaseMemoryGrant,Category,Active,/System/Library/LifecyclePolicy/DomainAttributes/com.apple.frontboard.plist,SystemShell/AttributeGroups[0]/Attributes[4]
com.apple.frontboard,SystemShell,RBSBaseMemoryGrant,Strength,RBSMemoryLimitStrengthSoft,/System/Library/LifecyclePolicy/DomainAttributes/com.apple.frontboard.plist,SystemShell/AttributeGroups[0]/Attributes[4]
com.apple.frontboard,SystemShell,RBSCPUAccessGrant,Role,RBSRoleUserInteractiveFocal,/System/Library/LifecyclePolicy/DomainAttributes/com.apple.frontboard.plist,SystemShell/AttributeGroups[0]/Attributes[0]
com.apple.frontboard,SystemShell,RBSCoalitionLevelGrant,CoalitionLevel,RBSCoalitionLevelHigh,/System/Library/LifecyclePolicy/DomainAttributes/com.apple.frontboard.plist,SystemShell/AttributeGroups[0]/Attributes[2]
com.apple.frontboard,SystemShell,RBSDefineRelativeStartTimeGrant,,,/System/Library/LifecyclePolicy/DomainAttributes/com.apple.frontboard.plist,SystemShell/AttributeGroups[0]/Attributes[1]
com.apple.frontboard,SystemShell,RBSEndowmentGrant,Namespace,RBSVisibilityNamespace,/System/Library/LifecyclePolicy/DomainAttributes/com.apple.frontboard.plist,SystemShell/AttributeGroups[0]/Attributes[9]
com.apple.frontboard,SystemShell,RBSGPUAccessGrant,Role,RBSGPURoleUserInteractiveFocal,/System/Library/LifecyclePolicy/DomainAttributes/com.apple.frontboard.plist,SystemShell/AttributeGroups[0]/Attributes[3]
com.apple.frontboard,SystemShell,RBSJetsamPriorityGrant,Band,100,/System/Library/LifecyclePolicy/DomainAttributes/com.apple.frontboard.plist,SystemShell/AttributeGroups[0]/Attributes[8]
com.apple.frontboard,SystemShell,RBSResistTerminationGrant,Resistance,RBSTerminationResistanceInteractive,/System/Library/LifecyclePolicy/DomainAttributes/com.apple.frontboard.plist,SystemShell/AttributeGroups[0]/Attributes[5]
com.apple.frontboard,SystemShell,RBSRunningReasonAttribute,RunningReason,10005,/System/Library/LifecyclePolicy/DomainAttributes/com.apple.frontboard.plist,SystemShell/AttributeGroups[0]/Attributes[7]
com.apple.frontboard,SystemShell,RBSTagAttribute,Tag,SupportsBackgroundAudio,/System/Library/LifecyclePolicy/DomainAttributes/com.apple.frontboard.plist,SystemShell/AttributeGroups[0]/Attributes[6]
com.apple.frontboard,SystemShell,TargetsSelf,,,/System/Library/LifecyclePolicy/DomainAttributes/com.apple.frontboard.plist,SystemShell/Restriction/Restrictions[1]
com.apple.frontboard,SystemShell-Initialize,CompoundAll,,,/System/Library/LifecyclePolicy/DomainAttributes/com.apple.frontboard.plist,SystemShell-Initialize/Restriction
com.apple.frontboard,SystemShell-Initialize,CompoundAny,,,/System/Library/LifecyclePolicy/DomainAttributes/com.apple.frontboard.plist,SystemShell-Initialize/Restriction/Restrictions[0]
com.apple.frontboard,SystemShell-Initialize,OriginatorEntitlement,Entitlement,com.apple.runningboard.assertions.frontboard,/System/Library/LifecyclePolicy/DomainAttributes/com.apple.frontboard.plist,SystemShell-Initialize/Restriction/Restrictions[0]/Restrictions[1]
com.apple.frontboard,SystemShell-Initialize,OriginatorEntitlement,Entitlement,com.apple.runningboard.primitiveattribute,/System/Library/LifecyclePolicy/DomainAttributes/com.apple.frontboard.plist,SystemShell-Initialize/Restriction/Restrictions[0]/Restrictions[0]
com.apple.frontboard,SystemShell-Initialize,RBSBaseMemoryGrant,Category,Active,/System/Library/LifecyclePolicy/DomainAttributes/com.apple.frontboard.plist,SystemShell-Initialize/AttributeGroups[0]/Attributes[5]
com.apple.frontboard,SystemShell-Initialize,RBSBaseMemoryGrant,Strength,RBSMemoryLimitStrengthSoft,/System/Library/LifecyclePolicy/DomainAttributes/com.apple.frontboard.plist,SystemShell-Initialize/AttributeGroups[0]/Attributes[5]
com.apple.frontboard,SystemShell-Initialize,RBSCPUAccessGrant,Role,RBSRoleUserInteractiveFocal,/System/Library/LifecyclePolicy/DomainAttributes/com.apple.frontboard.plist,SystemShell-Initialize/AttributeGroups[0]/Attributes[1]
com.apple.frontboard,SystemShell-Initialize,RBSCoalitionLevelGrant,CoalitionLevel,RBSCoalitionLevelHigh,/System/Library/LifecyclePolicy/DomainAttributes/com.apple.frontboard.plist,SystemShell-Initialize/AttributeGroups[0]/Attributes[3]
com.apple.frontboard,SystemShell-Initialize,RBSDefineRelativeStartTimeGrant,,,/System/Library/LifecyclePolicy/DomainAttributes/com.apple.frontboard.plist,SystemShell-Initialize/AttributeGroups[0]/Attributes[2]
com.apple.frontboard,SystemShell-Initialize,RBSGPUAccessGrant,Role,RBSGPURoleUserInteractiveFocal,/System/Library/LifecyclePolicy/DomainAttributes/com.apple.frontboard.plist,SystemShell-Initialize/AttributeGroups[0]/Attributes[4]
com.apple.frontboard,SystemShell-Initialize,RBSJetsamPriorityGrant,Band,100,/System/Library/LifecyclePolicy/DomainAttributes/com.apple.frontboard.plist,SystemShell-Initialize/AttributeGroups[0]/Attributes[8]
com.apple.frontboard,SystemShell-Initialize,RBSPreventIdleSleepGrant,,,/System/Library/LifecyclePolicy/DomainAttributes/com.apple.frontboard.plist,SystemShell-Initialize/AttributeGroups[0]/Attributes[0]
com.apple.frontboard,SystemShell-Initialize,RBSRunningReasonAttribute,RunningReason,10000,/System/Library/LifecyclePolicy/DomainAttributes/com.apple.frontboard.plist,SystemShell-Initialize/AttributeGroups[0]/Attributes[7]
com.apple.frontboard,SystemShell-Initialize,RBSTagAttribute,Tag,SupportsBackgroundAudio,/System/Library/LifecyclePolicy/DomainAttributes/com.apple.frontboard.plist,SystemShell-Initialize/AttributeGroups[0]/Attributes[6]
com.apple.frontboard,SystemShell-Initialize,TargetsSelf,,,/System/Library/LifecyclePolicy/DomainAttributes/com.apple.frontboard.plist,SystemShell-Initialize/Restriction/Restrictions[1]
com.apple.frontboard,SystemShell-PreventIdleSleep,CompoundAll,,,/System/Library/LifecyclePolicy/DomainAttributes/com.apple.frontboard.plist,SystemShell-PreventIdleSleep/Restriction
com.apple.frontboard,SystemShell-PreventIdleSleep,CompoundAny,,,/System/Library/LifecyclePolicy/DomainAttributes/com.apple.frontboard.plist,SystemShell-PreventIdleSleep/Restriction/Restrictions[0]
com.apple.frontboard,SystemShell-PreventIdleSleep,OriginatorEntitlement,Entitlement,com.apple.runningboard.assertions.frontboard,/System/Library/LifecyclePolicy/DomainAttributes/com.apple.frontboard.plist,SystemShell-PreventIdleSleep/Restriction/Restrictions[0]/Restrictions[1]
com.apple.frontboard,SystemShell-PreventIdleSleep,OriginatorEntitlement,Entitlement,com.apple.runningboard.primitiveattribute,/System/Library/LifecyclePolicy/DomainAttributes/com.apple.frontboard.plist,SystemShell-PreventIdleSleep/Restriction/Restrictions[0]/Restrictions[0]
com.apple.frontboard,SystemShell-PreventIdleSleep,RBSPreventIdleSleepGrant,,,/System/Library/LifecyclePolicy/DomainAttributes/com.apple.frontboard.plist,SystemShell-PreventIdleSleep/AttributeGroups[0]/Attributes[0]
com.apple.frontboard,SystemShell-PreventIdleSleep,TargetsSelf,,,/System/Library/LifecyclePolicy/DomainAttributes/com.apple.frontboard.plist,SystemShell-PreventIdleSleep/Restriction/Restrictions[1]
com.apple.frontboard,Visibility,CompoundAny,,,/System/Library/LifecyclePolicy/DomainAttributes/com.apple.frontboard.plist,Visibility/Restriction
com.apple.frontboard,Visibility,OriginatorEntitlement,Entitlement,com.apple.runningboard.assertions.frontboard,/System/Library/LifecyclePolicy/DomainAttributes/com.apple.frontboard.plist,Visibility/Restriction/Restrictions[1]
com.apple.frontboard,Visibility,OriginatorEntitlement,Entitlement,com.apple.runningboard.primitiveattribute,/System/Library/LifecyclePolicy/DomainAttributes/com.apple.frontboard.plist,Visibility/Restriction/Restrictions[0]
com.apple.frontboard,Visibility,RBSEndowmentGrant,Namespace,RBSVisibilityNamespace,/System/Library/LifecyclePolicy/DomainAttributes/com.apple.frontboard.plist,Visibility/AttributeGroups[0]/Attributes[0]
com.apple.frontboard,WorkspaceEndpointInjection,CompoundAny,,,/System/Library/LifecyclePolicy/DomainAttributes/com.apple.frontboard.plist,WorkspaceEndpointInjection/Restriction
com.apple.frontboard,WorkspaceEndpointInjection,OriginatorEntitlement,Entitlement,com.apple.runningboard.assertions.frontboard,/System/Library/LifecyclePolicy/DomainAttributes/com.apple.frontboard.plist,WorkspaceEndpointInjection/Restriction/Restrictions[1]
com.apple.frontboard,WorkspaceEndpointInjection,OriginatorEntitlement,Entitlement,com.apple.runningboard.primitiveattribute,/System/Library/LifecyclePolicy/DomainAttributes/com.apple.frontboard.plist,WorkspaceEndpointInjection/Restriction/Restrictions[0]
com.apple.frontboard,WorkspaceEndpointInjection,RBSAcquisitionCompletionAttribute,CompletionPolicy,RBSAcquisitionCompletionPolicyAfterApplication,/System/Library/LifecyclePolicy/DomainAttributes/com.apple.frontboard.plist,WorkspaceEndpointInjection/AttributeGroups[0]/Attributes[1]
com.apple.frontboard,WorkspaceEndpointInjection,RBSSavedEndowmentGrant,Key,com.apple.frontboard.workspace-service,/System/Library/LifecyclePolicy/DomainAttributes/com.apple.frontboard.plist,WorkspaceEndpointInjection/AttributeGroups[0]/Attributes[0]
com.apple.frontboard,WorkspaceEndpointInjection,RBSSavedEndowmentGrant,Namespace,com.apple.boardservices.endpoint-injection,/System/Library/LifecyclePolicy/DomainAttributes/com.apple.frontboard.plist,WorkspaceEndpointInjection/AttributeGroups[0]/Attributes[0]
com.apple.frontboard,WorkspaceEndpointInjection,TargetEntitlement,Entitlement,com.apple.UIKit.vends-view-services,/System/Library/LifecyclePolicy/DomainAttributes/com.apple.frontboard.plist,WorkspaceEndpointInjection/Restriction/Restrictions[3]
com.apple.frontboard,WorkspaceEndpointInjection,TargetEntitlement,Entitlement,com.apple.runningboard.trustedtarget,/System/Library/LifecyclePolicy/DomainAttributes/com.apple.frontboard.plist,WorkspaceEndpointInjection/Restriction/Restrictions[2]
com.apple.frontboard,WorkspaceEndpointInjection,TargetsHosted,,,/System/Library/LifecyclePolicy/DomainAttributes/com.apple.frontboard.plist,WorkspaceEndpointInjection/Restriction/Restrictions[4]
com.apple.frontboard,WorkspaceReconnect,CompoundAny,,,/System/Library/LifecyclePolicy/DomainAttributes/com.apple.frontboard.plist,WorkspaceReconnect/Restriction
com.apple.frontboard,WorkspaceReconnect,OriginatorEntitlement,Entitlement,com.apple.runningboard.assertions.frontboard,/System/Library/LifecyclePolicy/DomainAttributes/com.apple.frontboard.plist,WorkspaceReconnect/Restriction/Restrictions[1]
com.apple.frontboard,WorkspaceReconnect,OriginatorEntitlement,Entitlement,com.apple.runningboard.primitiveattribute,/System/Library/LifecyclePolicy/DomainAttributes/com.apple.frontboard.plist,WorkspaceReconnect/Restriction/Restrictions[0]
com.apple.frontboard,WorkspaceReconnect,RBSCPUAccessGrant,Role,RBSRoleBackground,/System/Library/LifecyclePolicy/DomainAttributes/com.apple.frontboard.plist,WorkspaceReconnect/AttributeGroups[1]/Attributes[0]
com.apple.frontboard,WorkspaceReconnect,RBSDurationAttribute,EndPolicy,RBSDurationEndPolicyInvalidate,/System/Library/LifecyclePolicy/DomainAttributes/com.apple.frontboard.plist,WorkspaceReconnect/AttributeGroups[0]/Attributes[0]
com.apple.frontboard,WorkspaceReconnect,RBSDurationAttribute,InvalidationDuration,600,/System/Library/LifecyclePolicy/DomainAttributes/com.apple.frontboard.plist,WorkspaceReconnect/AttributeGroups[0]/Attributes[0]
com.apple.frontboard,WorkspaceReconnect,RBSDurationAttribute,StartPolicy,RBSDurationStartPolicyFixed,/System/Library/LifecyclePolicy/DomainAttributes/com.apple.frontboard.plist,WorkspaceReconnect/AttributeGroups[0]/Attributes[0]
com.apple.frontboard,WorkspaceReconnect,RBSDurationAttribute,WarningDuration,0,/System/Library/LifecyclePolicy/DomainAttributes/com.apple.frontboard.plist,WorkspaceReconnect/AttributeGroups[0]/Attributes[0]
com.apple.frontboard,WorkspaceReconnect,RBSRunningReasonAttribute,RunningReason,20216,/System/Library/LifecyclePolicy/DomainAttributes/com.apple.frontboard.plist,WorkspaceReconnect/AttributeGroups[1]/Attributes[2]
com.apple.frontboard,WorkspaceReconnect,RBSTagAttribute,Tag,SupportsBackgroundAudio,/System/Library/LifecyclePolicy/DomainAttributes/com.apple.frontboard.plist,WorkspaceReconnect/AttributeGroups[1]/Attributes[1]
com.apple.fuseboard,Focused,OriginatorEntitlement,Entitlement,com.apple.runningboard.assertions.fuseboard,/System/Library/LifecyclePolicy/DomainAttributes/com.apple.fuseboard.plist,Focused/Restriction
com.apple.fuseboard,Focused,RBSBaseMemoryGrant,Category,Active,/System/Library/LifecyclePolicy/DomainAttributes/com.apple.fuseboard.plist,Focused/AttributeGroups[0]/Attributes[4]
com.apple.fuseboard,Focused,RBSBaseMemoryGrant,Strength,RBSMemoryLimitStrengthSoft,/System/Library/LifecyclePolicy/DomainAttributes/com.apple.fuseboard.plist,Focused/AttributeGroups[0]/Attributes[4]
com.apple.fuseboard,Focused,RBSCPUAccessGrant,Role,RBSRoleUserInteractiveFocal,/System/Library/LifecyclePolicy/DomainAttributes/com.apple.fuseboard.plist,Focused/AttributeGroups[0]/Attributes[0]
com.apple.fuseboard,Focused,RBSCoalitionLevelGrant,CoalitionLevel,RBSCoalitionLevelHigh,/System/Library/LifecyclePolicy/DomainAttributes/com.apple.fuseboard.plist,Focused/AttributeGroups[0]/Attributes[1]
com.apple.fuseboard,Focused,RBSCoalitionLevelGrant,CoalitionLevel,RBSCoalitionLevelHigh,/System/Library/LifecyclePolicy/DomainAttributes/com.apple.fuseboard.plist,Focused/AttributeGroups[0]/Attributes[2]
com.apple.fuseboard,Focused,RBSDefineRelativeStartTimeGrant,,,/System/Library/LifecyclePolicy/DomainAttributes/com.apple.fuseboard.plist,Focused/AttributeGroups[0]/Attributes[7]
com.apple.fuseboard,Focused,RBSEndowmentGrant,Namespace,RBSVisibilityNamespace,/System/Library/LifecyclePolicy/DomainAttributes/com.apple.fuseboard.plist,Focused/AttributeGroups[0]/Attributes[8]
com.apple.fuseboard,Focused,RBSGPUAccessGrant,Role,RBSGPURoleUserInteractiveFocal,/System/Library/LifecyclePolicy/DomainAttributes/com.apple.fuseboard.plist,Focused/AttributeGroups[0]/Attributes[5]
com.apple.fuseboard,Focused,RBSJetsamPriorityGrant,Band,100,/System/Library/LifecyclePolicy/DomainAttributes/com.apple.fuseboard.plist,Focused/AttributeGroups[0]/Attributes[3]
com.apple.fuseboard,Focused,RBSResistTerminationGrant,Resistance,RBSTerminationResistanceInteractive,/System/Library/LifecyclePolicy/DomainAttributes/com.apple.fuseboard.plist,Focused/AttributeGroups[0]/Attributes[6]
com.apple.fuseboard,Focused,RBSRunningReasonAttribute,RunningReason,10000,/System/Library/LifecyclePolicy/DomainAttributes/com.apple.fuseboard.plist,Focused/AttributeGroups[0]/Attributes[10]
com.apple.fuseboard,Focused,RBSTagAttribute,Tag,SupportsBackgroundAudio,/System/Library/LifecyclePolicy/DomainAttributes/com.apple.fuseboard.plist,Focused/AttributeGroups[0]/Attributes[9]
com.apple.fuseboard,Frontmost,OriginatorEntitlement,Entitlement,com.apple.runningboard.assertions.fuseboard,/System/Library/LifecyclePolicy/DomainAttributes/com.apple.fuseboard.plist,Frontmost/Restriction
com.apple.fuseboard,Frontmost,RBSBaseMemoryGrant,Category,Active,/System/Library/LifecyclePolicy/DomainAttributes/com.apple.fuseboard.plist,Frontmost/AttributeGroups[0]/Attributes[3]
com.apple.fuseboard,Frontmost,RBSBaseMemoryGrant,Strength,RBSMemoryLimitStrengthSoft,/System/Library/LifecyclePolicy/DomainAttributes/com.apple.fuseboard.plist,Frontmost/AttributeGroups[0]/Attributes[3]
com.apple.fuseboard,Frontmost,RBSCPUAccessGrant,Role,RBSRoleUserInteractiveFocal,/System/Library/LifecyclePolicy/DomainAttributes/com.apple.fuseboard.plist,Frontmost/AttributeGroups[0]/Attributes[0]
com.apple.fuseboard,Frontmost,RBSCoalitionLevelGrant,CoalitionLevel,RBSCoalitionLevelHigh,/System/Library/LifecyclePolicy/DomainAttributes/com.apple.fuseboard.plist,Frontmost/AttributeGroups[0]/Attributes[1]
com.apple.fuseboard,Frontmost,RBSDefineRelativeStartTimeGrant,,,/System/Library/LifecyclePolicy/DomainAttributes/com.apple.fuseboard.plist,Frontmost/AttributeGroups[0]/Attributes[6]
com.apple.fuseboard,Frontmost,RBSEndowmentGrant,Namespace,RBSVisibilityNamespace,/System/Library/LifecyclePolicy/DomainAttributes/com.apple.fuseboard.plist,Frontmost/AttributeGroups[0]/Attributes[7]
com.apple.fuseboard,Frontmost,RBSGPUAccessGrant,Role,RBSGPURoleUserInteractiveFocal,/System/Library/LifecyclePolicy/DomainAttributes/com.apple.fuseboard.plist,Frontmost/AttributeGroups[0]/Attributes[4]
com.apple.fuseboard,Frontmost,RBSJetsamPriorityGrant,Band,100,/System/Library/LifecyclePolicy/DomainAttributes/com.apple.fuseboard.plist,Frontmost/AttributeGroups[0]/Attributes[2]
com.apple.fuseboard,Frontmost,RBSResistTerminationGrant,Resistance,RBSTerminationResistanceInteractive,/System/Library/LifecyclePolicy/DomainAttributes/com.apple.fuseboard.plist,Frontmost/AttributeGroups[0]/Attributes[5]
com.apple.fuseboard,Frontmost,RBSRunningReasonAttribute,RunningReason,10000,/System/Library/LifecyclePolicy/DomainAttributes/com.apple.fuseboard.plist,Frontmost/AttributeGroups[0]/Attributes[9]
com.apple.fuseboard,Frontmost,RBSTagAttribute,Tag,SupportsBackgroundAudio,/System/Library/LifecyclePolicy/DomainAttributes/com.apple.fuseboard.plist,Frontmost/AttributeGroups[0]/Attributes[8]
com.apple.fuseboard,Occluded,OriginatorEntitlement,Entitlement,com.apple.runningboard.assertions.fuseboard,/System/Library/LifecyclePolicy/DomainAttributes/com.apple.fuseboard.plist,Occluded/Restriction
com.apple.fuseboard,Occluded,RBSBaseMemoryGrant,Category,Active,/System/Library/LifecyclePolicy/DomainAttributes/com.apple.fuseboard.plist,Occluded/AttributeGroups[0]/Attributes[3]
com.apple.fuseboard,Occluded,RBSBaseMemoryGrant,Strength,RBSMemoryLimitStrengthSoft,/System/Library/LifecyclePolicy/DomainAttributes/com.apple.fuseboard.plist,Occluded/AttributeGroups[0]/Attributes[3]
com.apple.fuseboard,Occluded,RBSCPUAccessGrant,Role,RBSRoleUserInteractiveNonFocal,/System/Library/LifecyclePolicy/DomainAttributes/com.apple.fuseboard.plist,Occluded/AttributeGroups[0]/Attributes[0]
com.apple.fuseboard,Occluded,RBSCoalitionLevelGrant,CoalitionLevel,RBSCoalitionLevelHigh,/System/Library/LifecyclePolicy/DomainAttributes/com.apple.fuseboard.plist,Occluded/AttributeGroups[0]/Attributes[1]
com.apple.fuseboard,Occluded,RBSDefineRelativeStartTimeGrant,,,/System/Library/LifecyclePolicy/DomainAttributes/com.apple.fuseboard.plist,Occluded/AttributeGroups[0]/Attributes[6]
com.apple.fuseboard,Occluded,RBSEndowmentGrant,Namespace,RBSVisibilityNamespace,/System/Library/LifecyclePolicy/DomainAttributes/com.apple.fuseboard.plist,Occluded/AttributeGroups[0]/Attributes[7]
com.apple.fuseboard,Occluded,RBSGPUAccessGrant,Role,RBSGPURoleUserInteractive,/System/Library/LifecyclePolicy/DomainAttributes/com.apple.fuseboard.plist,Occluded/AttributeGroups[0]/Attributes[4]
com.apple.fuseboard,Occluded,RBSJetsamPriorityGrant,Band,100,/System/Library/LifecyclePolicy/DomainAttributes/com.apple.fuseboard.plist,Occluded/AttributeGroups[0]/Attributes[2]
com.apple.fuseboard,Occluded,RBSResistTerminationGrant,Resistance,RBSTerminationResistanceInteractive,/System/Library/LifecyclePolicy/DomainAttributes/com.apple.fuseboard.plist,Occluded/AttributeGroups[0]/Attributes[5]
com.apple.fuseboard,Occluded,RBSRunningReasonAttribute,RunningReason,10000,/System/Library/LifecyclePolicy/DomainAttributes/com.apple.fuseboard.plist,Occluded/AttributeGroups[0]/Attributes[9]
com.apple.fuseboard,Occluded,RBSTagAttribute,Tag,SupportsBackgroundAudio,/System/Library/LifecyclePolicy/DomainAttributes/com.apple.fuseboard.plist,Occluded/AttributeGroups[0]/Attributes[8]
com.apple.fuseboard,Visible,OriginatorEntitlement,Entitlement,com.apple.runningboard.assertions.fuseboard,/System/Library/LifecyclePolicy/DomainAttributes/com.apple.fuseboard.plist,Visible/Restriction
com.apple.fuseboard,Visible,RBSBaseMemoryGrant,Category,Active,/System/Library/LifecyclePolicy/DomainAttributes/com.apple.fuseboard.plist,Visible/AttributeGroups[0]/Attributes[3]
com.apple.fuseboard,Visible,RBSBaseMemoryGrant,Strength,RBSMemoryLimitStrengthSoft,/System/Library/LifecyclePolicy/DomainAttributes/com.apple.fuseboard.plist,Visible/AttributeGroups[0]/Attributes[3]
com.apple.fuseboard,Visible,RBSCPUAccessGrant,Role,RBSRoleUserInteractiveNonFocal,/System/Library/LifecyclePolicy/DomainAttributes/com.apple.fuseboard.plist,Visible/AttributeGroups[0]/Attributes[0]
com.apple.fuseboard,Visible,RBSCoalitionLevelGrant,CoalitionLevel,RBSCoalitionLevelHigh,/System/Library/LifecyclePolicy/DomainAttributes/com.apple.fuseboard.plist,Visible/AttributeGroups[0]/Attributes[1]
com.apple.fuseboard,Visible,RBSDefineRelativeStartTimeGrant,,,/System/Library/LifecyclePolicy/DomainAttributes/com.apple.fuseboard.plist,Visible/AttributeGroups[0]/Attributes[6]
com.apple.fuseboard,Visible,RBSEndowmentGrant,Namespace,RBSVisibilityNamespace,/System/Library/LifecyclePolicy/DomainAttributes/com.apple.fuseboard.plist,Visible/AttributeGroups[0]/Attributes[7]
com.apple.fuseboard,Visible,RBSGPUAccessGrant,Role,RBSGPURoleUserInteractive,/System/Library/LifecyclePolicy/DomainAttributes/com.apple.fuseboard.plist,Visible/AttributeGroups[0]/Attributes[4]
com.apple.fuseboard,Visible,RBSJetsamPriorityGrant,Band,100,/System/Library/LifecyclePolicy/DomainAttributes/com.apple.fuseboard.plist,Visible/AttributeGroups[0]/Attributes[2]
com.apple.fuseboard,Visible,RBSJetsamPriorityGrant,Band,40,/System/Library/LifecyclePolicy/DomainAttributes/com.apple.fuseboard.plist,Visible/AttributeGroups[1]/Attributes[0]
com.apple.fuseboard,Visible,RBSResistTerminationGrant,Resistance,RBSTerminationResistanceInteractive,/System/Library/LifecyclePolicy/DomainAttributes/com.apple.fuseboard.plist,Visible/AttributeGroups[0]/Attributes[5]
com.apple.fuseboard,Visible,RBSRunningReasonAttribute,RunningReason,10000,/System/Library/LifecyclePolicy/DomainAttributes/com.apple.fuseboard.plist,Visible/AttributeGroups[0]/Attributes[9]
com.apple.fuseboard,Visible,RBSTagAttribute,Tag,SupportsBackgroundAudio,/System/Library/LifecyclePolicy/DomainAttributes/com.apple.fuseboard.plist,Visible/AttributeGroups[0]/Attributes[8]
com.apple.gamepolicyd,RoleUserInteractiveNonFocal,OriginatorEntitlement,Entitlement,com.apple.runningboard.gamepolicyd,/System/Library/LifecyclePolicy/DomainAttributes/com.apple.gamepolicyd.plist,RoleUserInteractiveNonFocal/Restriction
com.apple.gamepolicyd,RoleUserInteractiveNonFocal,RBSCPUAccessGrant,Role,RBSRoleUserInteractiveNonFocal,/System/Library/LifecyclePolicy/DomainAttributes/com.apple.gamepolicyd.plist,RoleUserInteractiveNonFocal/AttributeGroups[0]/Attributes[0]
com.apple.gamepolicyd,RoleUserInteractiveNonFocal,RBSCoalitionLevelGrant,CoalitionLevel,RBSCoalitionLevelHigh,/System/Library/LifecyclePolicy/DomainAttributes/com.apple.gamepolicyd.plist,RoleUserInteractiveNonFocal/AttributeGroups[0]/Attributes[1]
com.apple.gamepolicyd,RoleUserInteractiveNonFocal,RBSCoalitionLevelGrant,CoalitionLevel,RBSCoalitionLevelHigh,/System/Library/LifecyclePolicy/DomainAttributes/com.apple.gamepolicyd.plist,RoleUserInteractiveNonFocal/AttributeGroups[1]/Attributes[1]
com.apple.gamepolicyd,RoleUserInteractiveNonFocal,RBSCoalitionLevelGrant,CoalitionLevel,RBSCoalitionLevelHigh,/System/Library/LifecyclePolicy/DomainAttributes/com.apple.gamepolicyd.plist,RoleUserInteractiveNonFocal/AttributeGroups[2]/Attributes[1]
com.apple.gamepolicyd,RoleUserInteractiveNonFocal,RBSEndowmentGrant,Namespace,RBSUserfacingNamespace,/System/Library/LifecyclePolicy/DomainAttributes/com.apple.gamepolicyd.plist,RoleUserInteractiveNonFocal/AttributeGroups[0]/Attributes[3]
com.apple.gamepolicyd,RoleUserInteractiveNonFocal,RBSEndowmentGrant,Namespace,RBSUserfacingNamespace,/System/Library/LifecyclePolicy/DomainAttributes/com.apple.gamepolicyd.plist,RoleUserInteractiveNonFocal/AttributeGroups[1]/Attributes[3]
com.apple.gamepolicyd,RoleUserInteractiveNonFocal,RBSEndowmentGrant,Namespace,RBSUserfacingNamespace,/System/Library/LifecyclePolicy/DomainAttributes/com.apple.gamepolicyd.plist,RoleUserInteractiveNonFocal/AttributeGroups[2]/Attributes[3]
com.apple.gamepolicyd,RoleUserInteractiveNonFocal,RBSForceRoleManageAttribute,,,/System/Library/LifecyclePolicy/DomainAttributes/com.apple.gamepolicyd.plist,RoleUserInteractiveNonFocal/AttributeGroups[0]/Attributes[4]
com.apple.gamepolicyd,RoleUserInteractiveNonFocal,RBSResistTerminationGrant,Resistance,RBSTerminationResistanceNonInteractive,/System/Library/LifecyclePolicy/DomainAttributes/com.apple.gamepolicyd.plist,RoleUserInteractiveNonFocal/AttributeGroups[0]/Attributes[2]
com.apple.gamepolicyd,RoleUserInteractiveNonFocal,RBSResistTerminationGrant,Resistance,RBSTerminationResistanceNonInteractive,/System/Library/LifecyclePolicy/DomainAttributes/com.apple.gamepolicyd.plist,RoleUserInteractiveNonFocal/AttributeGroups[1]/Attributes[2]
com.apple.gamepolicyd,RoleUserInteractiveNonFocal,RBSResistTerminationGrant,Resistance,RBSTerminationResistanceNonInteractive,/System/Library/LifecyclePolicy/DomainAttributes/com.apple.gamepolicyd.plist,RoleUserInteractiveNonFocal/AttributeGroups[2]/Attributes[2]
com.apple.gamepolicyd,RoleUserInteractiveNonFocal,RBSRunningReasonAttribute,RunningReason,20248,/System/Library/LifecyclePolicy/DomainAttributes/com.apple.gamepolicyd.plist,RoleUserInteractiveNonFocal/AttributeGroups[0]/Attributes[5]
com.apple.gamepolicyd,RoleUserInteractiveNonFocal,RBSRunningReasonAttribute,RunningReason,20248,/System/Library/LifecyclePolicy/DomainAttributes/com.apple.gamepolicyd.plist,RoleUserInteractiveNonFocal/AttributeGroups[1]/Attributes[4]
com.apple.gamepolicyd,RoleUserInteractiveNonFocal,RBSRunningReasonAttribute,RunningReason,20248,/System/Library/LifecyclePolicy/DomainAttributes/com.apple.gamepolicyd.plist,RoleUserInteractiveNonFocal/AttributeGroups[2]/Attributes[4]
com.apple.gamepolicyd,RoleUserInteractiveNonFocal,RBSSuspendableCPUGrant,Role,RBSRoleUserInteractiveNonFocal,/System/Library/LifecyclePolicy/DomainAttributes/com.apple.gamepolicyd.plist,RoleUserInteractiveNonFocal/AttributeGroups[1]/Attributes[0]
com.apple.gamepolicyd,RoleUserInteractiveNonFocal,RBSSuspendableCPUGrant,Role,RBSRoleUserInteractiveNonFocal,/System/Library/LifecyclePolicy/DomainAttributes/com.apple.gamepolicyd.plist,RoleUserInteractiveNonFocal/AttributeGroups[2]/Attributes[0]
com.apple.iapd,ExternalAccessory,OriginatorEntitlement,Entitlement,com.apple.runningboard.assertions.iapd,/System/Library/LifecyclePolicy/DomainAttributes/com.apple.iapd.plist,ExternalAccessory/Restriction
com.apple.iapd,ExternalAccessory,RBSBaseMemoryGrant,Category,Active,/System/Library/LifecyclePolicy/DomainAttributes/com.apple.iapd.plist,ExternalAccessory/AttributeGroups[0]/Attributes[3]
com.apple.iapd,ExternalAccessory,RBSBaseMemoryGrant,Strength,RBSMemoryLimitStrengthSoft,/System/Library/LifecyclePolicy/DomainAttributes/com.apple.iapd.plist,ExternalAccessory/AttributeGroups[0]/Attributes[3]
com.apple.iapd,ExternalAccessory,RBSCPUAccessGrant,Role,RBSRoleBackground,/System/Library/LifecyclePolicy/DomainAttributes/com.apple.iapd.plist,ExternalAccessory/AttributeGroups[0]/Attributes[0]
com.apple.iapd,ExternalAccessory,RBSDefineRelativeStartTimeGrant,,,/System/Library/LifecyclePolicy/DomainAttributes/com.apple.iapd.plist,ExternalAccessory/AttributeGroups[0]/Attributes[5]
com.apple.iapd,ExternalAccessory,RBSGPUAccessGrant,Role,RBSGPURoleBackground,/System/Library/LifecyclePolicy/DomainAttributes/com.apple.iapd.plist,ExternalAccessory/AttributeGroups[0]/Attributes[1]
com.apple.iapd,ExternalAccessory,RBSJetsamPriorityGrant,Band,100,/System/Library/LifecyclePolicy/DomainAttributes/com.apple.iapd.plist,ExternalAccessory/AttributeGroups[0]/Attributes[2]
com.apple.iapd,ExternalAccessory,RBSResistTerminationGrant,Resistance,RBSTerminationResistanceInteractive,/System/Library/LifecyclePolicy/DomainAttributes/com.apple.iapd.plist,ExternalAccessory/AttributeGroups[0]/Attributes[4]
com.apple.iapd,ExternalAccessory,RBSRunningReasonAttribute,RunningReason,3,/System/Library/LifecyclePolicy/DomainAttributes/com.apple.iapd.plist,ExternalAccessory/AttributeGroups[0]/Attributes[7]
com.apple.iapd,ExternalAccessory,RBSTagAttribute,Tag,SupportsBackgroundAudio,/System/Library/LifecyclePolicy/DomainAttributes/com.apple.iapd.plist,ExternalAccessory/AttributeGroups[0]/Attributes[6]
com.apple.launchservicesd,LSNotification,OriginatorEntitlement,Entitlement,com.apple.runningboard.assertions.launchservices,/System/Library/LifecyclePolicy/DomainAttributes/com.apple.launchservicesd.plist,LSNotification/Restriction
com.apple.launchservicesd,LSNotification,RBSCPUAccessGrant,Role,RBSRoleUserInteractiveNonFocal,/System/Library/LifecyclePolicy/DomainAttributes/com.apple.launchservicesd.plist,LSNotification/AttributeGroups[0]/Attributes[1]
com.apple.launchservicesd,LSNotification,RBSCoalitionLevelGrant,CoalitionLevel,RBSCoalitionLevelHigh,/System/Library/LifecyclePolicy/DomainAttributes/com.apple.launchservicesd.plist,LSNotification/AttributeGroups[0]/Attributes[2]
com.apple.launchservicesd,LSNotification,RBSDurationAttribute,EndPolicy,RBSDurationEndPolicyInvalidate,/System/Library/LifecyclePolicy/DomainAttributes/com.apple.launchservicesd.plist,LSNotification/AttributeGroups[0]/Attributes[0]
com.apple.launchservicesd,LSNotification,RBSDurationAttribute,InvalidationDuration,5,/System/Library/LifecyclePolicy/DomainAttributes/com.apple.launchservicesd.plist,LSNotification/AttributeGroups[0]/Attributes[0]
com.apple.launchservicesd,LSNotification,RBSDurationAttribute,StartPolicy,RBSDurationStartPolicyFixed,/System/Library/LifecyclePolicy/DomainAttributes/com.apple.launchservicesd.plist,LSNotification/AttributeGroups[0]/Attributes[0]
com.apple.launchservicesd,LSNotification,RBSDurationAttribute,WarningDuration,0,/System/Library/LifecyclePolicy/DomainAttributes/com.apple.launchservicesd.plist,LSNotification/AttributeGroups[0]/Attributes[0]
com.apple.launchservicesd,LSNotification,RBSRunningReasonAttribute,RunningReason,20206,/System/Library/LifecyclePolicy/DomainAttributes/com.apple.launchservicesd.plist,LSNotification/AttributeGroups[0]/Attributes[3]
com.apple.launchservicesd,LaunchRoleBackground,RBSCPUAccessGrant,Role,RBSRoleBackground,/System/Library/LifecyclePolicy/DomainAttributes/com.apple.launchservicesd.plist,LaunchRoleBackground/AttributeGroups[0]/Attributes[1]
com.apple.launchservicesd,LaunchRoleBackground,RBSDurationAttribute,EndPolicy,RBSDurationEndPolicyInvalidate,/System/Library/LifecyclePolicy/DomainAttributes/com.apple.launchservicesd.plist,LaunchRoleBackground/AttributeGroups[0]/Attributes[0]
com.apple.launchservicesd,LaunchRoleBackground,RBSDurationAttribute,InvalidationDuration,10,/System/Library/LifecyclePolicy/DomainAttributes/com.apple.launchservicesd.plist,LaunchRoleBackground/AttributeGroups[0]/Attributes[0]
com.apple.launchservicesd,LaunchRoleBackground,RBSDurationAttribute,StartPolicy,RBSDurationStartPolicyProcessStartRelative,/System/Library/LifecyclePolicy/DomainAttributes/com.apple.launchservicesd.plist,LaunchRoleBackground/AttributeGroups[0]/Attributes[0]
com.apple.launchservicesd,LaunchRoleBackground,RBSDurationAttribute,WarningDuration,0,/System/Library/LifecyclePolicy/DomainAttributes/com.apple.launchservicesd.plist,LaunchRoleBackground/AttributeGroups[0]/Attributes[0]
com.apple.launchservicesd,LaunchRoleBackground,RBSForceRoleManageAttribute,,,/System/Library/LifecyclePolicy/DomainAttributes/com.apple.launchservicesd.plist,LaunchRoleBackground/AttributeGroups[0]/Attributes[2]
com.apple.launchservicesd,LaunchRoleBackground,RBSRunningReasonAttribute,RunningReason,20250,/System/Library/LifecyclePolicy/DomainAttributes/com.apple.launchservicesd.plist,LaunchRoleBackground/AttributeGroups[0]/Attributes[3]
com.apple.launchservicesd,LaunchRoleLaunchTAL,RBSCPUAccessGrant,Role,RBSRoleNonUserInteractive,/System/Library/LifecyclePolicy/DomainAttributes/com.apple.launchservicesd.plist,LaunchRoleLaunchTAL/AttributeGroups[0]/Attributes[1]
com.apple.launchservicesd,LaunchRoleLaunchTAL,RBSCoalitionLevelGrant,CoalitionLevel,RBSCoalitionLevelHigh,/System/Library/LifecyclePolicy/DomainAttributes/com.apple.launchservicesd.plist,LaunchRoleLaunchTAL/AttributeGroups[0]/Attributes[2]
com.apple.launchservicesd,LaunchRoleLaunchTAL,RBSDurationAttribute,EndPolicy,RBSDurationEndPolicyInvalidate,/System/Library/LifecyclePolicy/DomainAttributes/com.apple.launchservicesd.plist,LaunchRoleLaunchTAL/AttributeGroups[0]/Attributes[0]
com.apple.launchservicesd,LaunchRoleLaunchTAL,RBSDurationAttribute,InvalidationDuration,10,/System/Library/LifecyclePolicy/DomainAttributes/com.apple.launchservicesd.plist,LaunchRoleLaunchTAL/AttributeGroups[0]/Attributes[0]
com.apple.launchservicesd,LaunchRoleLaunchTAL,RBSDurationAttribute,StartPolicy,RBSDurationStartPolicyProcessStartRelative,/System/Library/LifecyclePolicy/DomainAttributes/com.apple.launchservicesd.plist,LaunchRoleLaunchTAL/AttributeGroups[0]/Attributes[0]
com.apple.launchservicesd,LaunchRoleLaunchTAL,RBSDurationAttribute,WarningDuration,0,/System/Library/LifecyclePolicy/DomainAttributes/com.apple.launchservicesd.plist,LaunchRoleLaunchTAL/AttributeGroups[0]/Attributes[0]
com.apple.launchservicesd,LaunchRoleLaunchTAL,RBSForceRoleManageAttribute,,,/System/Library/LifecyclePolicy/DomainAttributes/com.apple.launchservicesd.plist,LaunchRoleLaunchTAL/AttributeGroups[0]/Attributes[3]
com.apple.launchservicesd,LaunchRoleLaunchTAL,RBSRunningReasonAttribute,RunningReason,20252,/System/Library/LifecyclePolicy/DomainAttributes/com.apple.launchservicesd.plist,LaunchRoleLaunchTAL/AttributeGroups[0]/Attributes[4]
com.apple.launchservicesd,LaunchRoleNonUserInteractive,RBSCPUAccessGrant,Role,RBSRoleNonUserInteractive,/System/Library/LifecyclePolicy/DomainAttributes/com.apple.launchservicesd.plist,LaunchRoleNonUserInteractive/AttributeGroups[0]/Attributes[1]
com.apple.launchservicesd,LaunchRoleNonUserInteractive,RBSCoalitionLevelGrant,CoalitionLevel,RBSCoalitionLevelHigh,/System/Library/LifecyclePolicy/DomainAttributes/com.apple.launchservicesd.plist,LaunchRoleNonUserInteractive/AttributeGroups[0]/Attributes[2]
com.apple.launchservicesd,LaunchRoleNonUserInteractive,RBSDurationAttribute,EndPolicy,RBSDurationEndPolicyInvalidate,/System/Library/LifecyclePolicy/DomainAttributes/com.apple.launchservicesd.plist,LaunchRoleNonUserInteractive/AttributeGroups[0]/Attributes[0]
com.apple.launchservicesd,LaunchRoleNonUserInteractive,RBSDurationAttribute,InvalidationDuration,10,/System/Library/LifecyclePolicy/DomainAttributes/com.apple.launchservicesd.plist,LaunchRoleNonUserInteractive/AttributeGroups[0]/Attributes[0]
com.apple.launchservicesd,LaunchRoleNonUserInteractive,RBSDurationAttribute,StartPolicy,RBSDurationStartPolicyProcessStartRelative,/System/Library/LifecyclePolicy/DomainAttributes/com.apple.launchservicesd.plist,LaunchRoleNonUserInteractive/AttributeGroups[0]/Attributes[0]
com.apple.launchservicesd,LaunchRoleNonUserInteractive,RBSDurationAttribute,WarningDuration,0,/System/Library/LifecyclePolicy/DomainAttributes/com.apple.launchservicesd.plist,LaunchRoleNonUserInteractive/AttributeGroups[0]/Attributes[0]
com.apple.launchservicesd,LaunchRoleNonUserInteractive,RBSForceRoleManageAttribute,,,/System/Library/LifecyclePolicy/DomainAttributes/com.apple.launchservicesd.plist,LaunchRoleNonUserInteractive/AttributeGroups[0]/Attributes[3]
com.apple.launchservicesd,LaunchRoleNonUserInteractive,RBSRunningReasonAttribute,RunningReason,20249,/System/Library/LifecyclePolicy/DomainAttributes/com.apple.launchservicesd.plist,LaunchRoleNonUserInteractive/AttributeGroups[0]/Attributes[4]
com.apple.launchservicesd,LaunchRoleUserInteractive,RBSCPUAccessGrant,Role,RBSRoleUserInteractive,/System/Library/LifecyclePolicy/DomainAttributes/com.apple.launchservicesd.plist,LaunchRoleUserInteractive/AttributeGroups[0]/Attributes[1]
com.apple.launchservicesd,LaunchRoleUserInteractive,RBSCoalitionLevelGrant,CoalitionLevel,RBSCoalitionLevelHigh,/System/Library/LifecyclePolicy/DomainAttributes/com.apple.launchservicesd.plist,LaunchRoleUserInteractive/AttributeGroups[0]/Attributes[2]
com.apple.launchservicesd,LaunchRoleUserInteractive,RBSDurationAttribute,EndPolicy,RBSDurationEndPolicyInvalidate,/System/Library/LifecyclePolicy/DomainAttributes/com.apple.launchservicesd.plist,LaunchRoleUserInteractive/AttributeGroups[0]/Attributes[0]
com.apple.launchservicesd,LaunchRoleUserInteractive,RBSDurationAttribute,InvalidationDuration,10,/System/Library/LifecyclePolicy/DomainAttributes/com.apple.launchservicesd.plist,LaunchRoleUserInteractive/AttributeGroups[0]/Attributes[0]
com.apple.launchservicesd,LaunchRoleUserInteractive,RBSDurationAttribute,StartPolicy,RBSDurationStartPolicyProcessStartRelative,/System/Library/LifecyclePolicy/DomainAttributes/com.apple.launchservicesd.plist,LaunchRoleUserInteractive/AttributeGroups[0]/Attributes[0]
com.apple.launchservicesd,LaunchRoleUserInteractive,RBSDurationAttribute,WarningDuration,0,/System/Library/LifecyclePolicy/DomainAttributes/com.apple.launchservicesd.plist,LaunchRoleUserInteractive/AttributeGroups[0]/Attributes[0]
com.apple.launchservicesd,LaunchRoleUserInteractive,RBSEndowmentGrant,Namespace,RBSUserfacingNamespace,/System/Library/LifecyclePolicy/DomainAttributes/com.apple.launchservicesd.plist,LaunchRoleUserInteractive/AttributeGroups[0]/Attributes[4]
com.apple.launchservicesd,LaunchRoleUserInteractive,RBSForceRoleManageAttribute,,,/System/Library/LifecyclePolicy/DomainAttributes/com.apple.launchservicesd.plist,LaunchRoleUserInteractive/AttributeGroups[0]/Attributes[5]
com.apple.launchservicesd,LaunchRoleUserInteractive,RBSResistTerminationGrant,Resistance,RBSTerminationResistanceNonInteractive,/System/Library/LifecyclePolicy/DomainAttributes/com.apple.launchservicesd.plist,LaunchRoleUserInteractive/AttributeGroups[0]/Attributes[3]
com.apple.launchservicesd,LaunchRoleUserInteractive,RBSRunningReasonAttribute,RunningReason,20246,/System/Library/LifecyclePolicy/DomainAttributes/com.apple.launchservicesd.plist,LaunchRoleUserInteractive/AttributeGroups[0]/Attributes[6]
com.apple.launchservicesd,LaunchRoleUserInteractiveFocal,RBSCPUAccessGrant,Role,RBSRoleUserInteractiveFocal,/System/Library/LifecyclePolicy/DomainAttributes/com.apple.launchservicesd.plist,LaunchRoleUserInteractiveFocal/AttributeGroups[0]/Attributes[1]
com.apple.launchservicesd,LaunchRoleUserInteractiveFocal,RBSCoalitionLevelGrant,CoalitionLevel,RBSCoalitionLevelHigh,/System/Library/LifecyclePolicy/DomainAttributes/com.apple.launchservicesd.plist,LaunchRoleUserInteractiveFocal/AttributeGroups[0]/Attributes[2]
com.apple.launchservicesd,LaunchRoleUserInteractiveFocal,RBSDurationAttribute,EndPolicy,RBSDurationEndPolicyInvalidate,/System/Library/LifecyclePolicy/DomainAttributes/com.apple.launchservicesd.plist,LaunchRoleUserInteractiveFocal/AttributeGroups[0]/Attributes[0]
com.apple.launchservicesd,LaunchRoleUserInteractiveFocal,RBSDurationAttribute,InvalidationDuration,10,/System/Library/LifecyclePolicy/DomainAttributes/com.apple.launchservicesd.plist,LaunchRoleUserInteractiveFocal/AttributeGroups[0]/Attributes[0]
com.apple.launchservicesd,LaunchRoleUserInteractiveFocal,RBSDurationAttribute,StartPolicy,RBSDurationStartPolicyProcessStartRelative,/System/Library/LifecyclePolicy/DomainAttributes/com.apple.launchservicesd.plist,LaunchRoleUserInteractiveFocal/AttributeGroups[0]/Attributes[0]
com.apple.launchservicesd,LaunchRoleUserInteractiveFocal,RBSDurationAttribute,WarningDuration,0,/System/Library/LifecyclePolicy/DomainAttributes/com.apple.launchservicesd.plist,LaunchRoleUserInteractiveFocal/AttributeGroups[0]/Attributes[0]
com.apple.launchservicesd,LaunchRoleUserInteractiveFocal,RBSEndowmentGrant,Namespace,RBSUserfacingNamespace,/System/Library/LifecyclePolicy/DomainAttributes/com.apple.launchservicesd.plist,LaunchRoleUserInteractiveFocal/AttributeGroups[0]/Attributes[4]
com.apple.launchservicesd,LaunchRoleUserInteractiveFocal,RBSEndowmentGrant,Namespace,RBSUserfacingNamespace,/System/Library/LifecyclePolicy/DomainAttributes/com.apple.launchservicesd.plist,LaunchRoleUserInteractiveFocal/AttributeGroups[0]/Attributes[5]
com.apple.launchservicesd,LaunchRoleUserInteractiveFocal,RBSForceRoleManageAttribute,,,/System/Library/LifecyclePolicy/DomainAttributes/com.apple.launchservicesd.plist,LaunchRoleUserInteractiveFocal/AttributeGroups[0]/Attributes[6]
com.apple.launchservicesd,LaunchRoleUserInteractiveFocal,RBSResistTerminationGrant,Resistance,RBSTerminationResistanceNonInteractive,/System/Library/LifecyclePolicy/DomainAttributes/com.apple.launchservicesd.plist,LaunchRoleUserInteractiveFocal/AttributeGroups[0]/Attributes[3]
com.apple.launchservicesd,LaunchRoleUserInteractiveFocal,RBSRunningReasonAttribute,RunningReason,20247,/System/Library/LifecyclePolicy/DomainAttributes/com.apple.launchservicesd.plist,LaunchRoleUserInteractiveFocal/AttributeGroups[0]/Attributes[7]
com.apple.launchservicesd,LaunchRoleUserInteractiveNonFocal,RBSCPUAccessGrant,Role,RBSRoleUserInteractiveNonFocal,/System/Library/LifecyclePolicy/DomainAttributes/com.apple.launchservicesd.plist,LaunchRoleUserInteractiveNonFocal/AttributeGroups[0]/Attributes[1]
com.apple.launchservicesd,LaunchRoleUserInteractiveNonFocal,RBSCoalitionLevelGrant,CoalitionLevel,RBSCoalitionLevelHigh,/System/Library/LifecyclePolicy/DomainAttributes/com.apple.launchservicesd.plist,LaunchRoleUserInteractiveNonFocal/AttributeGroups[0]/Attributes[2]
com.apple.launchservicesd,LaunchRoleUserInteractiveNonFocal,RBSDurationAttribute,EndPolicy,RBSDurationEndPolicyInvalidate,/System/Library/LifecyclePolicy/DomainAttributes/com.apple.launchservicesd.plist,LaunchRoleUserInteractiveNonFocal/AttributeGroups[0]/Attributes[0]
com.apple.launchservicesd,LaunchRoleUserInteractiveNonFocal,RBSDurationAttribute,InvalidationDuration,10,/System/Library/LifecyclePolicy/DomainAttributes/com.apple.launchservicesd.plist,LaunchRoleUserInteractiveNonFocal/AttributeGroups[0]/Attributes[0]
com.apple.launchservicesd,LaunchRoleUserInteractiveNonFocal,RBSDurationAttribute,StartPolicy,RBSDurationStartPolicyProcessStartRelative,/System/Library/LifecyclePolicy/DomainAttributes/com.apple.launchservicesd.plist,LaunchRoleUserInteractiveNonFocal/AttributeGroups[0]/Attributes[0]
com.apple.launchservicesd,LaunchRoleUserInteractiveNonFocal,RBSDurationAttribute,WarningDuration,0,/System/Library/LifecyclePolicy/DomainAttributes/com.apple.launchservicesd.plist,LaunchRoleUserInteractiveNonFocal/AttributeGroups[0]/Attributes[0]
com.apple.launchservicesd,LaunchRoleUserInteractiveNonFocal,RBSEndowmentGrant,Namespace,RBSUserfacingNamespace,/System/Library/LifecyclePolicy/DomainAttributes/com.apple.launchservicesd.plist,LaunchRoleUserInteractiveNonFocal/AttributeGroups[0]/Attributes[4]
com.apple.launchservicesd,LaunchRoleUserInteractiveNonFocal,RBSForceRoleManageAttribute,,,/System/Library/LifecyclePolicy/DomainAttributes/com.apple.launchservicesd.plist,LaunchRoleUserInteractiveNonFocal/AttributeGroups[0]/Attributes[5]
com.apple.launchservicesd,LaunchRoleUserInteractiveNonFocal,RBSResistTerminationGrant,Resistance,RBSTerminationResistanceNonInteractive,/System/Library/LifecyclePolicy/DomainAttributes/com.apple.launchservicesd.plist,LaunchRoleUserInteractiveNonFocal/AttributeGroups[0]/Attributes[3]
com.apple.launchservicesd,LaunchRoleUserInteractiveNonFocal,RBSRunningReasonAttribute,RunningReason,20248,/System/Library/LifecyclePolicy/DomainAttributes/com.apple.launchservicesd.plist,LaunchRoleUserInteractiveNonFocal/AttributeGroups[0]/Attributes[6]
com.apple.launchservicesd,LaunchRoleViewBridge,RBSCPUAccessGrant,Role,RBSRoleBackground,/System/Library/LifecyclePolicy/DomainAttributes/com.apple.launchservicesd.plist,LaunchRoleViewBridge/AttributeGroups[0]/Attributes[1]
com.apple.launchservicesd,LaunchRoleViewBridge,RBSDurationAttribute,EndPolicy,RBSDurationEndPolicyInvalidate,/System/Library/LifecyclePolicy/DomainAttributes/com.apple.launchservicesd.plist,LaunchRoleViewBridge/AttributeGroups[0]/Attributes[0]
com.apple.launchservicesd,LaunchRoleViewBridge,RBSDurationAttribute,InvalidationDuration,10,/System/Library/LifecyclePolicy/DomainAttributes/com.apple.launchservicesd.plist,LaunchRoleViewBridge/AttributeGroups[0]/Attributes[0]
com.apple.launchservicesd,LaunchRoleViewBridge,RBSDurationAttribute,StartPolicy,RBSDurationStartPolicyProcessStartRelative,/System/Library/LifecyclePolicy/DomainAttributes/com.apple.launchservicesd.plist,LaunchRoleViewBridge/AttributeGroups[0]/Attributes[0]
com.apple.launchservicesd,LaunchRoleViewBridge,RBSDurationAttribute,WarningDuration,0,/System/Library/LifecyclePolicy/DomainAttributes/com.apple.launchservicesd.plist,LaunchRoleViewBridge/AttributeGroups[0]/Attributes[0]
com.apple.launchservicesd,LaunchRoleViewBridge,RBSForceRoleManageAttribute,,,/System/Library/LifecyclePolicy/DomainAttributes/com.apple.launchservicesd.plist,LaunchRoleViewBridge/AttributeGroups[0]/Attributes[2]
com.apple.launchservicesd,LaunchRoleViewBridge,RBSRunningReasonAttribute,RunningReason,20251,/System/Library/LifecyclePolicy/DomainAttributes/com.apple.launchservicesd.plist,LaunchRoleViewBridge/AttributeGroups[0]/Attributes[3]
com.apple.launchservicesd,PreventSuspend,OriginatorEntitlement,Entitlement,com.apple.private.runningboard.roles,/System/Library/LifecyclePolicy/DomainAttributes/com.apple.launchservicesd.plist,PreventSuspend/Restriction
com.apple.launchservicesd,PreventSuspend,RBSCPUAccessGrant,Role,RBSRoleBackground,/System/Library/LifecyclePolicy/DomainAttributes/com.apple.launchservicesd.plist,PreventSuspend/AttributeGroups[0]/Attributes[0]
com.apple.launchservicesd,PreventSuspend,RBSEndowmentGrant,Namespace,RBSUserfacingNamespace,/System/Library/LifecyclePolicy/DomainAttributes/com.apple.launchservicesd.plist,PreventSuspend/AttributeGroups[0]/Attributes[2]
com.apple.launchservicesd,PreventSuspend,RBSResistTerminationGrant,Resistance,RBSTerminationResistanceNonInteractive,/System/Library/LifecyclePolicy/DomainAttributes/com.apple.launchservicesd.plist,PreventSuspend/AttributeGroups[0]/Attributes[1]
com.apple.launchservicesd,PreventSuspend,RBSRunningReasonAttribute,RunningReason,20253,/System/Library/LifecyclePolicy/DomainAttributes/com.apple.launchservicesd.plist,PreventSuspend/AttributeGroups[0]/Attributes[3]
com.apple.launchservicesd,RoleBackground,OriginatorEntitlement,Entitlement,com.apple.private.runningboard.roles,/System/Library/LifecyclePolicy/DomainAttributes/com.apple.launchservicesd.plist,RoleBackground/Restriction
com.apple.launchservicesd,RoleBackground,RBSCPUAccessGrant,Role,RBSRoleBackground,/System/Library/LifecyclePolicy/DomainAttributes/com.apple.launchservicesd.plist,RoleBackground/AttributeGroups[0]/Attributes[0]
com.apple.launchservicesd,RoleBackground,RBSForceRoleManageAttribute,,,/System/Library/LifecyclePolicy/DomainAttributes/com.apple.launchservicesd.plist,RoleBackground/AttributeGroups[0]/Attributes[1]
com.apple.launchservicesd,RoleBackground,RBSRunningReasonAttribute,RunningReason,20250,/System/Library/LifecyclePolicy/DomainAttributes/com.apple.launchservicesd.plist,RoleBackground/AttributeGroups[0]/Attributes[2]
com.apple.launchservicesd,RoleBackground,RBSRunningReasonAttribute,RunningReason,20250.0,/System/Library/LifecyclePolicy/DomainAttributes/com.apple.launchservicesd.plist,RoleBackground/AttributeGroups[1]/Attributes[1]
com.apple.launchservicesd,RoleBackground,RBSRunningReasonAttribute,RunningReason,20250.0,/System/Library/LifecyclePolicy/DomainAttributes/com.apple.launchservicesd.plist,RoleBackground/AttributeGroups[2]/Attributes[1]
com.apple.launchservicesd,RoleBackground,RBSSuspendableCPUGrant,Role,RBSRoleBackground,/System/Library/LifecyclePolicy/DomainAttributes/com.apple.launchservicesd.plist,RoleBackground/AttributeGroups[1]/Attributes[0]
com.apple.launchservicesd,RoleBackground,RBSSuspendableCPUGrant,Role,RBSRoleBackground,/System/Library/LifecyclePolicy/DomainAttributes/com.apple.launchservicesd.plist,RoleBackground/AttributeGroups[2]/Attributes[0]
com.apple.launchservicesd,RoleLaunchTAL,OriginatorEntitlement,Entitlement,com.apple.private.runningboard.roles,/System/Library/LifecyclePolicy/DomainAttributes/com.apple.launchservicesd.plist,RoleLaunchTAL/Restriction
com.apple.launchservicesd,RoleLaunchTAL,RBSCPUAccessGrant,Role,RBSRoleLaunchTAL,/System/Library/LifecyclePolicy/DomainAttributes/com.apple.launchservicesd.plist,RoleLaunchTAL/AttributeGroups[0]/Attributes[0]
com.apple.launchservicesd,RoleLaunchTAL,RBSForceRoleManageAttribute,,,/System/Library/LifecyclePolicy/DomainAttributes/com.apple.launchservicesd.plist,RoleLaunchTAL/AttributeGroups[0]/Attributes[1]
com.apple.launchservicesd,RoleLaunchTAL,RBSRunningReasonAttribute,RunningReason,20252,/System/Library/LifecyclePolicy/DomainAttributes/com.apple.launchservicesd.plist,RoleLaunchTAL/AttributeGroups[0]/Attributes[2]
com.apple.launchservicesd,RoleLaunchTAL,RBSRunningReasonAttribute,RunningReason,20252,/System/Library/LifecyclePolicy/DomainAttributes/com.apple.launchservicesd.plist,RoleLaunchTAL/AttributeGroups[1]/Attributes[1]
com.apple.launchservicesd,RoleLaunchTAL,RBSRunningReasonAttribute,RunningReason,20252,/System/Library/LifecyclePolicy/DomainAttributes/com.apple.launchservicesd.plist,RoleLaunchTAL/AttributeGroups[2]/Attributes[1]
com.apple.launchservicesd,RoleLaunchTAL,RBSSuspendableCPUGrant,Role,RBSRoleLaunchTAL,/System/Library/LifecyclePolicy/DomainAttributes/com.apple.launchservicesd.plist,RoleLaunchTAL/AttributeGroups[1]/Attributes[0]
com.apple.launchservicesd,RoleLaunchTAL,RBSSuspendableCPUGrant,Role,RBSRoleLaunchTAL,/System/Library/LifecyclePolicy/DomainAttributes/com.apple.launchservicesd.plist,RoleLaunchTAL/AttributeGroups[2]/Attributes[0]
com.apple.launchservicesd,RoleNonUserInteractive,OriginatorEntitlement,Entitlement,com.apple.private.runningboard.roles,/System/Library/LifecyclePolicy/DomainAttributes/com.apple.launchservicesd.plist,RoleNonUserInteractive/Restriction
com.apple.launchservicesd,RoleNonUserInteractive,RBSCPUAccessGrant,Role,RBSRoleNonUserInteractive,/System/Library/LifecyclePolicy/DomainAttributes/com.apple.launchservicesd.plist,RoleNonUserInteractive/AttributeGroups[0]/Attributes[0]
com.apple.launchservicesd,RoleNonUserInteractive,RBSCoalitionLevelGrant,CoalitionLevel,RBSCoalitionLevelHigh,/System/Library/LifecyclePolicy/DomainAttributes/com.apple.launchservicesd.plist,RoleNonUserInteractive/AttributeGroups[0]/Attributes[1]
com.apple.launchservicesd,RoleNonUserInteractive,RBSCoalitionLevelGrant,CoalitionLevel,RBSCoalitionLevelHigh,/System/Library/LifecyclePolicy/DomainAttributes/com.apple.launchservicesd.plist,RoleNonUserInteractive/AttributeGroups[1]/Attributes[1]
com.apple.launchservicesd,RoleNonUserInteractive,RBSCoalitionLevelGrant,CoalitionLevel,RBSCoalitionLevelHigh,/System/Library/LifecyclePolicy/DomainAttributes/com.apple.launchservicesd.plist,RoleNonUserInteractive/AttributeGroups[2]/Attributes[1]
com.apple.launchservicesd,RoleNonUserInteractive,RBSForceRoleManageAttribute,,,/System/Library/LifecyclePolicy/DomainAttributes/com.apple.launchservicesd.plist,RoleNonUserInteractive/AttributeGroups[0]/Attributes[2]
com.apple.launchservicesd,RoleNonUserInteractive,RBSRunningReasonAttribute,RunningReason,20249,/System/Library/LifecyclePolicy/DomainAttributes/com.apple.launchservicesd.plist,RoleNonUserInteractive/AttributeGroups[0]/Attributes[3]
com.apple.launchservicesd,RoleNonUserInteractive,RBSRunningReasonAttribute,RunningReason,20249,/System/Library/LifecyclePolicy/DomainAttributes/com.apple.launchservicesd.plist,RoleNonUserInteractive/AttributeGroups[1]/Attributes[2]
com.apple.launchservicesd,RoleNonUserInteractive,RBSRunningReasonAttribute,RunningReason,20249,/System/Library/LifecyclePolicy/DomainAttributes/com.apple.launchservicesd.plist,RoleNonUserInteractive/AttributeGroups[2]/Attributes[2]
com.apple.launchservicesd,RoleNonUserInteractive,RBSSuspendableCPUGrant,Role,RBSRoleNonUserInteractive,/System/Library/LifecyclePolicy/DomainAttributes/com.apple.launchservicesd.plist,RoleNonUserInteractive/AttributeGroups[1]/Attributes[0]
com.apple.launchservicesd,RoleNonUserInteractive,RBSSuspendableCPUGrant,Role,RBSRoleNonUserInteractive,/System/Library/LifecyclePolicy/DomainAttributes/com.apple.launchservicesd.plist,RoleNonUserInteractive/AttributeGroups[2]/Attributes[0]
com.apple.launchservicesd,RoleUserInteractive,OriginatorEntitlement,Entitlement,com.apple.private.runningboard.roles,/System/Library/LifecyclePolicy/DomainAttributes/com.apple.launchservicesd.plist,RoleUserInteractive/Restriction
com.apple.launchservicesd,RoleUserInteractive,RBSCPUAccessGrant,Role,RBSRoleUserInteractive,/System/Library/LifecyclePolicy/DomainAttributes/com.apple.launchservicesd.plist,RoleUserInteractive/AttributeGroups[0]/Attributes[0]
com.apple.launchservicesd,RoleUserInteractive,RBSCoalitionLevelGrant,CoalitionLevel,RBSCoalitionLevelHigh,/System/Library/LifecyclePolicy/DomainAttributes/com.apple.launchservicesd.plist,RoleUserInteractive/AttributeGroups[0]/Attributes[1]
com.apple.launchservicesd,RoleUserInteractive,RBSCoalitionLevelGrant,CoalitionLevel,RBSCoalitionLevelHigh,/System/Library/LifecyclePolicy/DomainAttributes/com.apple.launchservicesd.plist,RoleUserInteractive/AttributeGroups[1]/Attributes[1]
com.apple.launchservicesd,RoleUserInteractive,RBSCoalitionLevelGrant,CoalitionLevel,RBSCoalitionLevelHigh,/System/Library/LifecyclePolicy/DomainAttributes/com.apple.launchservicesd.plist,RoleUserInteractive/AttributeGroups[2]/Attributes[1]
com.apple.launchservicesd,RoleUserInteractive,RBSEndowmentGrant,Namespace,RBSUserfacingNamespace,/System/Library/LifecyclePolicy/DomainAttributes/com.apple.launchservicesd.plist,RoleUserInteractive/AttributeGroups[0]/Attributes[3]
com.apple.launchservicesd,RoleUserInteractive,RBSEndowmentGrant,Namespace,RBSUserfacingNamespace,/System/Library/LifecyclePolicy/DomainAttributes/com.apple.launchservicesd.plist,RoleUserInteractive/AttributeGroups[1]/Attributes[3]
com.apple.launchservicesd,RoleUserInteractive,RBSEndowmentGrant,Namespace,RBSUserfacingNamespace,/System/Library/LifecyclePolicy/DomainAttributes/com.apple.launchservicesd.plist,RoleUserInteractive/AttributeGroups[2]/Attributes[3]
com.apple.launchservicesd,RoleUserInteractive,RBSForceRoleManageAttribute,,,/System/Library/LifecyclePolicy/DomainAttributes/com.apple.launchservicesd.plist,RoleUserInteractive/AttributeGroups[0]/Attributes[4]
com.apple.launchservicesd,RoleUserInteractive,RBSResistTerminationGrant,Resistance,RBSTerminationResistanceNonInteractive,/System/Library/LifecyclePolicy/DomainAttributes/com.apple.launchservicesd.plist,RoleUserInteractive/AttributeGroups[0]/Attributes[2]
com.apple.launchservicesd,RoleUserInteractive,RBSResistTerminationGrant,Resistance,RBSTerminationResistanceNonInteractive,/System/Library/LifecyclePolicy/DomainAttributes/com.apple.launchservicesd.plist,RoleUserInteractive/AttributeGroups[1]/Attributes[2]
com.apple.launchservicesd,RoleUserInteractive,RBSResistTerminationGrant,Resistance,RBSTerminationResistanceNonInteractive,/System/Library/LifecyclePolicy/DomainAttributes/com.apple.launchservicesd.plist,RoleUserInteractive/AttributeGroups[2]/Attributes[2]
com.apple.launchservicesd,RoleUserInteractive,RBSRunningReasonAttribute,RunningReason,20246,/System/Library/LifecyclePolicy/DomainAttributes/com.apple.launchservicesd.plist,RoleUserInteractive/AttributeGroups[0]/Attributes[5]
com.apple.launchservicesd,RoleUserInteractive,RBSRunningReasonAttribute,RunningReason,20246,/System/Library/LifecyclePolicy/DomainAttributes/com.apple.launchservicesd.plist,RoleUserInteractive/AttributeGroups[1]/Attributes[4]
com.apple.launchservicesd,RoleUserInteractive,RBSRunningReasonAttribute,RunningReason,20246,/System/Library/LifecyclePolicy/DomainAttributes/com.apple.launchservicesd.plist,RoleUserInteractive/AttributeGroups[2]/Attributes[4]
com.apple.launchservicesd,RoleUserInteractive,RBSSuspendableCPUGrant,Role,RBSRoleUserInteractive,/System/Library/LifecyclePolicy/DomainAttributes/com.apple.launchservicesd.plist,RoleUserInteractive/AttributeGroups[1]/Attributes[0]
com.apple.launchservicesd,RoleUserInteractive,RBSSuspendableCPUGrant,Role,RBSRoleUserInteractive,/System/Library/LifecyclePolicy/DomainAttributes/com.apple.launchservicesd.plist,RoleUserInteractive/AttributeGroups[2]/Attributes[0]
com.apple.launchservicesd,RoleUserInteractiveFocal,OriginatorEntitlement,Entitlement,com.apple.private.runningboard.roles,/System/Library/LifecyclePolicy/DomainAttributes/com.apple.launchservicesd.plist,RoleUserInteractiveFocal/Restriction
com.apple.launchservicesd,RoleUserInteractiveFocal,RBSCPUAccessGrant,Role,RBSRoleUserInteractiveFocal,/System/Library/LifecyclePolicy/DomainAttributes/com.apple.launchservicesd.plist,RoleUserInteractiveFocal/AttributeGroups[0]/Attributes[0]
com.apple.launchservicesd,RoleUserInteractiveFocal,RBSCoalitionLevelGrant,CoalitionLevel,RBSCoalitionLevelHigh,/System/Library/LifecyclePolicy/DomainAttributes/com.apple.launchservicesd.plist,RoleUserInteractiveFocal/AttributeGroups[0]/Attributes[1]
com.apple.launchservicesd,RoleUserInteractiveFocal,RBSCoalitionLevelGrant,CoalitionLevel,RBSCoalitionLevelHigh,/System/Library/LifecyclePolicy/DomainAttributes/com.apple.launchservicesd.plist,RoleUserInteractiveFocal/AttributeGroups[1]/Attributes[1]
com.apple.launchservicesd,RoleUserInteractiveFocal,RBSCoalitionLevelGrant,CoalitionLevel,RBSCoalitionLevelHigh,/System/Library/LifecyclePolicy/DomainAttributes/com.apple.launchservicesd.plist,RoleUserInteractiveFocal/AttributeGroups[2]/Attributes[1]
com.apple.launchservicesd,RoleUserInteractiveFocal,RBSEndowmentGrant,Namespace,RBSUserfacingNamespace,/System/Library/LifecyclePolicy/DomainAttributes/com.apple.launchservicesd.plist,RoleUserInteractiveFocal/AttributeGroups[0]/Attributes[3]
com.apple.launchservicesd,RoleUserInteractiveFocal,RBSEndowmentGrant,Namespace,RBSUserfacingNamespace,/System/Library/LifecyclePolicy/DomainAttributes/com.apple.launchservicesd.plist,RoleUserInteractiveFocal/AttributeGroups[0]/Attributes[4]
com.apple.launchservicesd,RoleUserInteractiveFocal,RBSForceRoleManageAttribute,,,/System/Library/LifecyclePolicy/DomainAttributes/com.apple.launchservicesd.plist,RoleUserInteractiveFocal/AttributeGroups[0]/Attributes[5]
com.apple.launchservicesd,RoleUserInteractiveFocal,RBSResistTerminationGrant,Resistance,RBSTerminationResistanceNonInteractive,/System/Library/LifecyclePolicy/DomainAttributes/com.apple.launchservicesd.plist,RoleUserInteractiveFocal/AttributeGroups[0]/Attributes[2]
com.apple.launchservicesd,RoleUserInteractiveFocal,RBSResistTerminationGrant,Resistance,RBSTerminationResistanceNonInteractive,/System/Library/LifecyclePolicy/DomainAttributes/com.apple.launchservicesd.plist,RoleUserInteractiveFocal/AttributeGroups[1]/Attributes[2]
com.apple.launchservicesd,RoleUserInteractiveFocal,RBSResistTerminationGrant,Resistance,RBSTerminationResistanceNonInteractive,/System/Library/LifecyclePolicy/DomainAttributes/com.apple.launchservicesd.plist,RoleUserInteractiveFocal/AttributeGroups[2]/Attributes[2]
com.apple.launchservicesd,RoleUserInteractiveFocal,RBSRunningReasonAttribute,RunningReason,20247,/System/Library/LifecyclePolicy/DomainAttributes/com.apple.launchservicesd.plist,RoleUserInteractiveFocal/AttributeGroups[0]/Attributes[6]
com.apple.launchservicesd,RoleUserInteractiveFocal,RBSRunningReasonAttribute,RunningReason,20247,/System/Library/LifecyclePolicy/DomainAttributes/com.apple.launchservicesd.plist,RoleUserInteractiveFocal/AttributeGroups[1]/Attributes[3]
com.apple.launchservicesd,RoleUserInteractiveFocal,RBSRunningReasonAttribute,RunningReason,20247,/System/Library/LifecyclePolicy/DomainAttributes/com.apple.launchservicesd.plist,RoleUserInteractiveFocal/AttributeGroups[2]/Attributes[3]
com.apple.launchservicesd,RoleUserInteractiveFocal,RBSSuspendableCPUGrant,Role,RBSRoleUserInteractiveFocal,/System/Library/LifecyclePolicy/DomainAttributes/com.apple.launchservicesd.plist,RoleUserInteractiveFocal/AttributeGroups[1]/Attributes[0]
com.apple.launchservicesd,RoleUserInteractiveFocal,RBSSuspendableCPUGrant,Role,RBSRoleUserInteractiveFocal,/System/Library/LifecyclePolicy/DomainAttributes/com.apple.launchservicesd.plist,RoleUserInteractiveFocal/AttributeGroups[2]/Attributes[0]
com.apple.launchservicesd,RoleUserInteractiveNonFocal,OriginatorEntitlement,Entitlement,com.apple.private.runningboard.roles,/System/Library/LifecyclePolicy/DomainAttributes/com.apple.launchservicesd.plist,RoleUserInteractiveNonFocal/Restriction
com.apple.launchservicesd,RoleUserInteractiveNonFocal,RBSCPUAccessGrant,Role,RBSRoleUserInteractiveNonFocal,/System/Library/LifecyclePolicy/DomainAttributes/com.apple.launchservicesd.plist,RoleUserInteractiveNonFocal/AttributeGroups[0]/Attributes[0]
com.apple.launchservicesd,RoleUserInteractiveNonFocal,RBSCoalitionLevelGrant,CoalitionLevel,RBSCoalitionLevelHigh,/System/Library/LifecyclePolicy/DomainAttributes/com.apple.launchservicesd.plist,RoleUserInteractiveNonFocal/AttributeGroups[0]/Attributes[1]
com.apple.launchservicesd,RoleUserInteractiveNonFocal,RBSCoalitionLevelGrant,CoalitionLevel,RBSCoalitionLevelHigh,/System/Library/LifecyclePolicy/DomainAttributes/com.apple.launchservicesd.plist,RoleUserInteractiveNonFocal/AttributeGroups[1]/Attributes[1]
com.apple.launchservicesd,RoleUserInteractiveNonFocal,RBSCoalitionLevelGrant,CoalitionLevel,RBSCoalitionLevelHigh,/System/Library/LifecyclePolicy/DomainAttributes/com.apple.launchservicesd.plist,RoleUserInteractiveNonFocal/AttributeGroups[2]/Attributes[1]
com.apple.launchservicesd,RoleUserInteractiveNonFocal,RBSEndowmentGrant,Namespace,RBSUserfacingNamespace,/System/Library/LifecyclePolicy/DomainAttributes/com.apple.launchservicesd.plist,RoleUserInteractiveNonFocal/AttributeGroups[0]/Attributes[3]
com.apple.launchservicesd,RoleUserInteractiveNonFocal,RBSEndowmentGrant,Namespace,RBSUserfacingNamespace,/System/Library/LifecyclePolicy/DomainAttributes/com.apple.launchservicesd.plist,RoleUserInteractiveNonFocal/AttributeGroups[1]/Attributes[3]
com.apple.launchservicesd,RoleUserInteractiveNonFocal,RBSEndowmentGrant,Namespace,RBSUserfacingNamespace,/System/Library/LifecyclePolicy/DomainAttributes/com.apple.launchservicesd.plist,RoleUserInteractiveNonFocal/AttributeGroups[2]/Attributes[3]
com.apple.launchservicesd,RoleUserInteractiveNonFocal,RBSForceRoleManageAttribute,,,/System/Library/LifecyclePolicy/DomainAttributes/com.apple.launchservicesd.plist,RoleUserInteractiveNonFocal/AttributeGroups[0]/Attributes[4]
com.apple.launchservicesd,RoleUserInteractiveNonFocal,RBSResistTerminationGrant,Resistance,RBSTerminationResistanceNonInteractive,/System/Library/LifecyclePolicy/DomainAttributes/com.apple.launchservicesd.plist,RoleUserInteractiveNonFocal/AttributeGroups[0]/Attributes[2]
com.apple.launchservicesd,RoleUserInteractiveNonFocal,RBSResistTerminationGrant,Resistance,RBSTerminationResistanceNonInteractive,/System/Library/LifecyclePolicy/DomainAttributes/com.apple.launchservicesd.plist,RoleUserInteractiveNonFocal/AttributeGroups[1]/Attributes[2]
com.apple.launchservicesd,RoleUserInteractiveNonFocal,RBSResistTerminationGrant,Resistance,RBSTerminationResistanceNonInteractive,/System/Library/LifecyclePolicy/DomainAttributes/com.apple.launchservicesd.plist,RoleUserInteractiveNonFocal/AttributeGroups[2]/Attributes[2]
com.apple.launchservicesd,RoleUserInteractiveNonFocal,RBSRunningReasonAttribute,RunningReason,20248,/System/Library/LifecyclePolicy/DomainAttributes/com.apple.launchservicesd.plist,RoleUserInteractiveNonFocal/AttributeGroups[0]/Attributes[5]
com.apple.launchservicesd,RoleUserInteractiveNonFocal,RBSRunningReasonAttribute,RunningReason,20248,/System/Library/LifecyclePolicy/DomainAttributes/com.apple.launchservicesd.plist,RoleUserInteractiveNonFocal/AttributeGroups[1]/Attributes[4]
com.apple.launchservicesd,RoleUserInteractiveNonFocal,RBSRunningReasonAttribute,RunningReason,20248,/System/Library/LifecyclePolicy/DomainAttributes/com.apple.launchservicesd.plist,RoleUserInteractiveNonFocal/AttributeGroups[2]/Attributes[4]
com.apple.launchservicesd,RoleUserInteractiveNonFocal,RBSSuspendableCPUGrant,Role,RBSRoleUserInteractiveNonFocal,/System/Library/LifecyclePolicy/DomainAttributes/com.apple.launchservicesd.plist,RoleUserInteractiveNonFocal/AttributeGroups[1]/Attributes[0]
com.apple.launchservicesd,RoleUserInteractiveNonFocal,RBSSuspendableCPUGrant,Role,RBSRoleUserInteractiveNonFocal,/System/Library/LifecyclePolicy/DomainAttributes/com.apple.launchservicesd.plist,RoleUserInteractiveNonFocal/AttributeGroups[2]/Attributes[0]
com.apple.launchservicesd,RoleViewBridge,OriginatorEntitlement,Entitlement,com.apple.private.runningboard.roles,/System/Library/LifecyclePolicy/DomainAttributes/com.apple.launchservicesd.plist,RoleViewBridge/Restriction
com.apple.launchservicesd,RoleViewBridge,RBSCPUAccessGrant,Role,RBSRoleUserInteractiveNonFocal,/System/Library/LifecyclePolicy/DomainAttributes/com.apple.launchservicesd.plist,RoleViewBridge/AttributeGroups[0]/Attributes[0]
com.apple.launchservicesd,RoleViewBridge,RBSCPUAccessGrant,Role,RBSRoleUserInteractiveNonFocal,/System/Library/LifecyclePolicy/DomainAttributes/com.apple.launchservicesd.plist,RoleViewBridge/AttributeGroups[1]/Attributes[0]
com.apple.launchservicesd,RoleViewBridge,RBSCPUAccessGrant,Role,RBSRoleUserInteractiveNonFocal,/System/Library/LifecyclePolicy/DomainAttributes/com.apple.launchservicesd.plist,RoleViewBridge/AttributeGroups[2]/Attributes[0]
com.apple.launchservicesd,RoleViewBridge,RBSCoalitionLevelGrant,CoalitionLevel,RBSCoalitionLevelHigh,/System/Library/LifecyclePolicy/DomainAttributes/com.apple.launchservicesd.plist,RoleViewBridge/AttributeGroups[0]/Attributes[1]
com.apple.launchservicesd,RoleViewBridge,RBSCoalitionLevelGrant,CoalitionLevel,RBSCoalitionLevelHigh,/System/Library/LifecyclePolicy/DomainAttributes/com.apple.launchservicesd.plist,RoleViewBridge/AttributeGroups[1]/Attributes[1]
com.apple.launchservicesd,RoleViewBridge,RBSCoalitionLevelGrant,CoalitionLevel,RBSCoalitionLevelHigh,/System/Library/LifecyclePolicy/DomainAttributes/com.apple.launchservicesd.plist,RoleViewBridge/AttributeGroups[2]/Attributes[1]
com.apple.launchservicesd,RoleViewBridge,RBSEndowmentGrant,Namespace,RBSUserfacingNamespace,/System/Library/LifecyclePolicy/DomainAttributes/com.apple.launchservicesd.plist,RoleViewBridge/AttributeGroups[0]/Attributes[3]
com.apple.launchservicesd,RoleViewBridge,RBSEndowmentGrant,Namespace,RBSUserfacingNamespace,/System/Library/LifecyclePolicy/DomainAttributes/com.apple.launchservicesd.plist,RoleViewBridge/AttributeGroups[1]/Attributes[3]
com.apple.launchservicesd,RoleViewBridge,RBSEndowmentGrant,Namespace,RBSUserfacingNamespace,/System/Library/LifecyclePolicy/DomainAttributes/com.apple.launchservicesd.plist,RoleViewBridge/AttributeGroups[2]/Attributes[3]
com.apple.launchservicesd,RoleViewBridge,RBSForceRoleManageAttribute,,,/System/Library/LifecyclePolicy/DomainAttributes/com.apple.launchservicesd.plist,RoleViewBridge/AttributeGroups[0]/Attributes[4]
com.apple.launchservicesd,RoleViewBridge,RBSResistTerminationGrant,Resistance,RBSTerminationResistanceNonInteractive,/System/Library/LifecyclePolicy/DomainAttributes/com.apple.launchservicesd.plist,RoleViewBridge/AttributeGroups[0]/Attributes[2]
com.apple.launchservicesd,RoleViewBridge,RBSResistTerminationGrant,Resistance,RBSTerminationResistanceNonInteractive,/System/Library/LifecyclePolicy/DomainAttributes/com.apple.launchservicesd.plist,RoleViewBridge/AttributeGroups[1]/Attributes[2]
com.apple.launchservicesd,RoleViewBridge,RBSResistTerminationGrant,Resistance,RBSTerminationResistanceNonInteractive,/System/Library/LifecyclePolicy/DomainAttributes/com.apple.launchservicesd.plist,RoleViewBridge/AttributeGroups[2]/Attributes[2]
com.apple.launchservicesd,RoleViewBridge,RBSRunningReasonAttribute,RunningReason,20251,/System/Library/LifecyclePolicy/DomainAttributes/com.apple.launchservicesd.plist,RoleViewBridge/AttributeGroups[0]/Attributes[5]
com.apple.launchservicesd,RoleViewBridge,RBSRunningReasonAttribute,RunningReason,20251,/System/Library/LifecyclePolicy/DomainAttributes/com.apple.launchservicesd.plist,RoleViewBridge/AttributeGroups[1]/Attributes[4]
com.apple.launchservicesd,RoleViewBridge,RBSRunningReasonAttribute,RunningReason,20251,/System/Library/LifecyclePolicy/DomainAttributes/com.apple.launchservicesd.plist,RoleViewBridge/AttributeGroups[2]/Attributes[4]
com.apple.launchservicesd.gameconsole,LSNotification,OriginatorEntitlement,Entitlement,com.apple.runningboard.assertions.launchservices,/System/Library/LifecyclePolicy/DomainAttributes/com.apple.launchservicesd.gameconsole.plist,LSNotification/Restriction
com.apple.launchservicesd.gameconsole,LSNotification,RBSCPUAccessGrant,Role,RBSRoleBackground,/System/Library/LifecyclePolicy/DomainAttributes/com.apple.launchservicesd.gameconsole.plist,LSNotification/AttributeGroups[0]/Attributes[1]
com.apple.launchservicesd.gameconsole,LSNotification,RBSDurationAttribute,EndPolicy,RBSDurationEndPolicyInvalidate,/System/Library/LifecyclePolicy/DomainAttributes/com.apple.launchservicesd.gameconsole.plist,LSNotification/AttributeGroups[0]/Attributes[0]
com.apple.launchservicesd.gameconsole,LSNotification,RBSDurationAttribute,InvalidationDuration,5,/System/Library/LifecyclePolicy/DomainAttributes/com.apple.launchservicesd.gameconsole.plist,LSNotification/AttributeGroups[0]/Attributes[0]
com.apple.launchservicesd.gameconsole,LSNotification,RBSDurationAttribute,StartPolicy,RBSDurationStartPolicyFixed,/System/Library/LifecyclePolicy/DomainAttributes/com.apple.launchservicesd.gameconsole.plist,LSNotification/AttributeGroups[0]/Attributes[0]
com.apple.launchservicesd.gameconsole,LSNotification,RBSDurationAttribute,WarningDuration,0,/System/Library/LifecyclePolicy/DomainAttributes/com.apple.launchservicesd.gameconsole.plist,LSNotification/AttributeGroups[0]/Attributes[0]
com.apple.launchservicesd.gameconsole,LSNotification,RBSRunningReasonAttribute,RunningReason,20206,/System/Library/LifecyclePolicy/DomainAttributes/com.apple.launchservicesd.gameconsole.plist,LSNotification/AttributeGroups[0]/Attributes[2]
com.apple.launchservicesd.gameconsole,LaunchRoleBackground,RBSCPUAccessGrant,Role,RBSRoleBackground,/System/Library/LifecyclePolicy/DomainAttributes/com.apple.launchservicesd.gameconsole.plist,LaunchRoleBackground/AttributeGroups[0]/Attributes[1]
com.apple.launchservicesd.gameconsole,LaunchRoleBackground,RBSDurationAttribute,EndPolicy,RBSDurationEndPolicyInvalidate,/System/Library/LifecyclePolicy/DomainAttributes/com.apple.launchservicesd.gameconsole.plist,LaunchRoleBackground/AttributeGroups[0]/Attributes[0]
com.apple.launchservicesd.gameconsole,LaunchRoleBackground,RBSDurationAttribute,InvalidationDuration,10,/System/Library/LifecyclePolicy/DomainAttributes/com.apple.launchservicesd.gameconsole.plist,LaunchRoleBackground/AttributeGroups[0]/Attributes[0]
com.apple.launchservicesd.gameconsole,LaunchRoleBackground,RBSDurationAttribute,StartPolicy,RBSDurationStartPolicyProcessStartRelative,/System/Library/LifecyclePolicy/DomainAttributes/com.apple.launchservicesd.gameconsole.plist,LaunchRoleBackground/AttributeGroups[0]/Attributes[0]
com.apple.launchservicesd.gameconsole,LaunchRoleBackground,RBSDurationAttribute,WarningDuration,0,/System/Library/LifecyclePolicy/DomainAttributes/com.apple.launchservicesd.gameconsole.plist,LaunchRoleBackground/AttributeGroups[0]/Attributes[0]
com.apple.launchservicesd.gameconsole,LaunchRoleBackground,RBSForceRoleManageAttribute,,,/System/Library/LifecyclePolicy/DomainAttributes/com.apple.launchservicesd.gameconsole.plist,LaunchRoleBackground/AttributeGroups[0]/Attributes[2]
com.apple.launchservicesd.gameconsole,LaunchRoleBackground,RBSRunningReasonAttribute,RunningReason,20250,/System/Library/LifecyclePolicy/DomainAttributes/com.apple.launchservicesd.gameconsole.plist,LaunchRoleBackground/AttributeGroups[0]/Attributes[3]
com.apple.launchservicesd.gameconsole,LaunchRoleLaunchTAL,RBSCPUAccessGrant,Role,RBSRoleBackground,/System/Library/LifecyclePolicy/DomainAttributes/com.apple.launchservicesd.gameconsole.plist,LaunchRoleLaunchTAL/AttributeGroups[0]/Attributes[1]
com.apple.launchservicesd.gameconsole,LaunchRoleLaunchTAL,RBSDurationAttribute,EndPolicy,RBSDurationEndPolicyInvalidate,/System/Library/LifecyclePolicy/DomainAttributes/com.apple.launchservicesd.gameconsole.plist,LaunchRoleLaunchTAL/AttributeGroups[0]/Attributes[0]
com.apple.launchservicesd.gameconsole,LaunchRoleLaunchTAL,RBSDurationAttribute,InvalidationDuration,10,/System/Library/LifecyclePolicy/DomainAttributes/com.apple.launchservicesd.gameconsole.plist,LaunchRoleLaunchTAL/AttributeGroups[0]/Attributes[0]
com.apple.launchservicesd.gameconsole,LaunchRoleLaunchTAL,RBSDurationAttribute,StartPolicy,RBSDurationStartPolicyProcessStartRelative,/System/Library/LifecyclePolicy/DomainAttributes/com.apple.launchservicesd.gameconsole.plist,LaunchRoleLaunchTAL/AttributeGroups[0]/Attributes[0]
com.apple.launchservicesd.gameconsole,LaunchRoleLaunchTAL,RBSDurationAttribute,WarningDuration,0,/System/Library/LifecyclePolicy/DomainAttributes/com.apple.launchservicesd.gameconsole.plist,LaunchRoleLaunchTAL/AttributeGroups[0]/Attributes[0]
com.apple.launchservicesd.gameconsole,LaunchRoleLaunchTAL,RBSForceRoleManageAttribute,,,/System/Library/LifecyclePolicy/DomainAttributes/com.apple.launchservicesd.gameconsole.plist,LaunchRoleLaunchTAL/AttributeGroups[0]/Attributes[2]
com.apple.launchservicesd.gameconsole,LaunchRoleLaunchTAL,RBSRunningReasonAttribute,RunningReason,20252,/System/Library/LifecyclePolicy/DomainAttributes/com.apple.launchservicesd.gameconsole.plist,LaunchRoleLaunchTAL/AttributeGroups[0]/Attributes[3]
com.apple.launchservicesd.gameconsole,LaunchRoleNonUserInteractive,RBSCPUAccessGrant,Role,RBSRoleBackground,/System/Library/LifecyclePolicy/DomainAttributes/com.apple.launchservicesd.gameconsole.plist,LaunchRoleNonUserInteractive/AttributeGroups[0]/Attributes[1]
com.apple.launchservicesd.gameconsole,LaunchRoleNonUserInteractive,RBSDurationAttribute,EndPolicy,RBSDurationEndPolicyInvalidate,/System/Library/LifecyclePolicy/DomainAttributes/com.apple.launchservicesd.gameconsole.plist,LaunchRoleNonUserInteractive/AttributeGroups[0]/Attributes[0]
com.apple.launchservicesd.gameconsole,LaunchRoleNonUserInteractive,RBSDurationAttribute,InvalidationDuration,10,/System/Library/LifecyclePolicy/DomainAttributes/com.apple.launchservicesd.gameconsole.plist,LaunchRoleNonUserInteractive/AttributeGroups[0]/Attributes[0]
com.apple.launchservicesd.gameconsole,LaunchRoleNonUserInteractive,RBSDurationAttribute,StartPolicy,RBSDurationStartPolicyProcessStartRelative,/System/Library/LifecyclePolicy/DomainAttributes/com.apple.launchservicesd.gameconsole.plist,LaunchRoleNonUserInteractive/AttributeGroups[0]/Attributes[0]
com.apple.launchservicesd.gameconsole,LaunchRoleNonUserInteractive,RBSDurationAttribute,WarningDuration,0,/System/Library/LifecyclePolicy/DomainAttributes/com.apple.launchservicesd.gameconsole.plist,LaunchRoleNonUserInteractive/AttributeGroups[0]/Attributes[0]
com.apple.launchservicesd.gameconsole,LaunchRoleNonUserInteractive,RBSForceRoleManageAttribute,,,/System/Library/LifecyclePolicy/DomainAttributes/com.apple.launchservicesd.gameconsole.plist,LaunchRoleNonUserInteractive/AttributeGroups[0]/Attributes[2]
com.apple.launchservicesd.gameconsole,LaunchRoleNonUserInteractive,RBSRunningReasonAttribute,RunningReason,20249,/System/Library/LifecyclePolicy/DomainAttributes/com.apple.launchservicesd.gameconsole.plist,LaunchRoleNonUserInteractive/AttributeGroups[0]/Attributes[3]
com.apple.launchservicesd.gameconsole,LaunchRoleUserInteractive,RBSCPUAccessGrant,Role,RBSRoleBackground,/System/Library/LifecyclePolicy/DomainAttributes/com.apple.launchservicesd.gameconsole.plist,LaunchRoleUserInteractive/AttributeGroups[0]/Attributes[1]
com.apple.launchservicesd.gameconsole,LaunchRoleUserInteractive,RBSDurationAttribute,EndPolicy,RBSDurationEndPolicyInvalidate,/System/Library/LifecyclePolicy/DomainAttributes/com.apple.launchservicesd.gameconsole.plist,LaunchRoleUserInteractive/AttributeGroups[0]/Attributes[0]
com.apple.launchservicesd.gameconsole,LaunchRoleUserInteractive,RBSDurationAttribute,InvalidationDuration,10,/System/Library/LifecyclePolicy/DomainAttributes/com.apple.launchservicesd.gameconsole.plist,LaunchRoleUserInteractive/AttributeGroups[0]/Attributes[0]
com.apple.launchservicesd.gameconsole,LaunchRoleUserInteractive,RBSDurationAttribute,StartPolicy,RBSDurationStartPolicyProcessStartRelative,/System/Library/LifecyclePolicy/DomainAttributes/com.apple.launchservicesd.gameconsole.plist,LaunchRoleUserInteractive/AttributeGroups[0]/Attributes[0]
com.apple.launchservicesd.gameconsole,LaunchRoleUserInteractive,RBSDurationAttribute,WarningDuration,0,/System/Library/LifecyclePolicy/DomainAttributes/com.apple.launchservicesd.gameconsole.plist,LaunchRoleUserInteractive/AttributeGroups[0]/Attributes[0]
com.apple.launchservicesd.gameconsole,LaunchRoleUserInteractive,RBSEndowmentGrant,Namespace,RBSUserfacingNamespace,/System/Library/LifecyclePolicy/DomainAttributes/com.apple.launchservicesd.gameconsole.plist,LaunchRoleUserInteractive/AttributeGroups[0]/Attributes[3]
com.apple.launchservicesd.gameconsole,LaunchRoleUserInteractive,RBSForceRoleManageAttribute,,,/System/Library/LifecyclePolicy/DomainAttributes/com.apple.launchservicesd.gameconsole.plist,LaunchRoleUserInteractive/AttributeGroups[0]/Attributes[4]
com.apple.launchservicesd.gameconsole,LaunchRoleUserInteractive,RBSResistTerminationGrant,Resistance,RBSTerminationResistanceNonInteractive,/System/Library/LifecyclePolicy/DomainAttributes/com.apple.launchservicesd.gameconsole.plist,LaunchRoleUserInteractive/AttributeGroups[0]/Attributes[2]
com.apple.launchservicesd.gameconsole,LaunchRoleUserInteractive,RBSRunningReasonAttribute,RunningReason,20246,/System/Library/LifecyclePolicy/DomainAttributes/com.apple.launchservicesd.gameconsole.plist,LaunchRoleUserInteractive/AttributeGroups[0]/Attributes[5]
com.apple.launchservicesd.gameconsole,LaunchRoleUserInteractiveFocal,RBSCPUAccessGrant,Role,RBSRoleBackground,/System/Library/LifecyclePolicy/DomainAttributes/com.apple.launchservicesd.gameconsole.plist,LaunchRoleUserInteractiveFocal/AttributeGroups[0]/Attributes[1]
com.apple.launchservicesd.gameconsole,LaunchRoleUserInteractiveFocal,RBSDurationAttribute,EndPolicy,RBSDurationEndPolicyInvalidate,/System/Library/LifecyclePolicy/DomainAttributes/com.apple.launchservicesd.gameconsole.plist,LaunchRoleUserInteractiveFocal/AttributeGroups[0]/Attributes[0]
com.apple.launchservicesd.gameconsole,LaunchRoleUserInteractiveFocal,RBSDurationAttribute,InvalidationDuration,10,/System/Library/LifecyclePolicy/DomainAttributes/com.apple.launchservicesd.gameconsole.plist,LaunchRoleUserInteractiveFocal/AttributeGroups[0]/Attributes[0]
com.apple.launchservicesd.gameconsole,LaunchRoleUserInteractiveFocal,RBSDurationAttribute,StartPolicy,RBSDurationStartPolicyProcessStartRelative,/System/Library/LifecyclePolicy/DomainAttributes/com.apple.launchservicesd.gameconsole.plist,LaunchRoleUserInteractiveFocal/AttributeGroups[0]/Attributes[0]
com.apple.launchservicesd.gameconsole,LaunchRoleUserInteractiveFocal,RBSDurationAttribute,WarningDuration,0,/System/Library/LifecyclePolicy/DomainAttributes/com.apple.launchservicesd.gameconsole.plist,LaunchRoleUserInteractiveFocal/AttributeGroups[0]/Attributes[0]
com.apple.launchservicesd.gameconsole,LaunchRoleUserInteractiveFocal,RBSEndowmentGrant,Namespace,RBSUserfacingNamespace,/System/Library/LifecyclePolicy/DomainAttributes/com.apple.launchservicesd.gameconsole.plist,LaunchRoleUserInteractiveFocal/AttributeGroups[0]/Attributes[3]
com.apple.launchservicesd.gameconsole,LaunchRoleUserInteractiveFocal,RBSEndowmentGrant,Namespace,RBSUserfacingNamespace,/System/Library/LifecyclePolicy/DomainAttributes/com.apple.launchservicesd.gameconsole.plist,LaunchRoleUserInteractiveFocal/AttributeGroups[0]/Attributes[4]
com.apple.launchservicesd.gameconsole,LaunchRoleUserInteractiveFocal,RBSForceRoleManageAttribute,,,/System/Library/LifecyclePolicy/DomainAttributes/com.apple.launchservicesd.gameconsole.plist,LaunchRoleUserInteractiveFocal/AttributeGroups[0]/Attributes[5]
com.apple.launchservicesd.gameconsole,LaunchRoleUserInteractiveFocal,RBSResistTerminationGrant,Resistance,RBSTerminationResistanceNonInteractive,/System/Library/LifecyclePolicy/DomainAttributes/com.apple.launchservicesd.gameconsole.plist,LaunchRoleUserInteractiveFocal/AttributeGroups[0]/Attributes[2]
com.apple.launchservicesd.gameconsole,LaunchRoleUserInteractiveFocal,RBSRunningReasonAttribute,RunningReason,20247,/System/Library/LifecyclePolicy/DomainAttributes/com.apple.launchservicesd.gameconsole.plist,LaunchRoleUserInteractiveFocal/AttributeGroups[0]/Attributes[6]
com.apple.launchservicesd.gameconsole,LaunchRoleUserInteractiveNonFocal,RBSCPUAccessGrant,Role,RBSRoleBackground,/System/Library/LifecyclePolicy/DomainAttributes/com.apple.launchservicesd.gameconsole.plist,LaunchRoleUserInteractiveNonFocal/AttributeGroups[0]/Attributes[1]
com.apple.launchservicesd.gameconsole,LaunchRoleUserInteractiveNonFocal,RBSDurationAttribute,EndPolicy,RBSDurationEndPolicyInvalidate,/System/Library/LifecyclePolicy/DomainAttributes/com.apple.launchservicesd.gameconsole.plist,LaunchRoleUserInteractiveNonFocal/AttributeGroups[0]/Attributes[0]
com.apple.launchservicesd.gameconsole,LaunchRoleUserInteractiveNonFocal,RBSDurationAttribute,InvalidationDuration,10,/System/Library/LifecyclePolicy/DomainAttributes/com.apple.launchservicesd.gameconsole.plist,LaunchRoleUserInteractiveNonFocal/AttributeGroups[0]/Attributes[0]
com.apple.launchservicesd.gameconsole,LaunchRoleUserInteractiveNonFocal,RBSDurationAttribute,StartPolicy,RBSDurationStartPolicyProcessStartRelative,/System/Library/LifecyclePolicy/DomainAttributes/com.apple.launchservicesd.gameconsole.plist,LaunchRoleUserInteractiveNonFocal/AttributeGroups[0]/Attributes[0]
com.apple.launchservicesd.gameconsole,LaunchRoleUserInteractiveNonFocal,RBSDurationAttribute,WarningDuration,0,/System/Library/LifecyclePolicy/DomainAttributes/com.apple.launchservicesd.gameconsole.plist,LaunchRoleUserInteractiveNonFocal/AttributeGroups[0]/Attributes[0]
com.apple.launchservicesd.gameconsole,LaunchRoleUserInteractiveNonFocal,RBSEndowmentGrant,Namespace,RBSUserfacingNamespace,/System/Library/LifecyclePolicy/DomainAttributes/com.apple.launchservicesd.gameconsole.plist,LaunchRoleUserInteractiveNonFocal/AttributeGroups[0]/Attributes[3]
com.apple.launchservicesd.gameconsole,LaunchRoleUserInteractiveNonFocal,RBSForceRoleManageAttribute,,,/System/Library/LifecyclePolicy/DomainAttributes/com.apple.launchservicesd.gameconsole.plist,LaunchRoleUserInteractiveNonFocal/AttributeGroups[0]/Attributes[4]
com.apple.launchservicesd.gameconsole,LaunchRoleUserInteractiveNonFocal,RBSResistTerminationGrant,Resistance,RBSTerminationResistanceNonInteractive,/System/Library/LifecyclePolicy/DomainAttributes/com.apple.launchservicesd.gameconsole.plist,LaunchRoleUserInteractiveNonFocal/AttributeGroups[0]/Attributes[2]
com.apple.launchservicesd.gameconsole,LaunchRoleUserInteractiveNonFocal,RBSRunningReasonAttribute,RunningReason,20248,/System/Library/LifecyclePolicy/DomainAttributes/com.apple.launchservicesd.gameconsole.plist,LaunchRoleUserInteractiveNonFocal/AttributeGroups[0]/Attributes[5]
com.apple.launchservicesd.gameconsole,LaunchRoleViewBridge,RBSCPUAccessGrant,Role,RBSRoleBackground,/System/Library/LifecyclePolicy/DomainAttributes/com.apple.launchservicesd.gameconsole.plist,LaunchRoleViewBridge/AttributeGroups[0]/Attributes[1]
com.apple.launchservicesd.gameconsole,LaunchRoleViewBridge,RBSDurationAttribute,EndPolicy,RBSDurationEndPolicyInvalidate,/System/Library/LifecyclePolicy/DomainAttributes/com.apple.launchservicesd.gameconsole.plist,LaunchRoleViewBridge/AttributeGroups[0]/Attributes[0]
com.apple.launchservicesd.gameconsole,LaunchRoleViewBridge,RBSDurationAttribute,InvalidationDuration,10,/System/Library/LifecyclePolicy/DomainAttributes/com.apple.launchservicesd.gameconsole.plist,LaunchRoleViewBridge/AttributeGroups[0]/Attributes[0]
com.apple.launchservicesd.gameconsole,LaunchRoleViewBridge,RBSDurationAttribute,StartPolicy,RBSDurationStartPolicyProcessStartRelative,/System/Library/LifecyclePolicy/DomainAttributes/com.apple.launchservicesd.gameconsole.plist,LaunchRoleViewBridge/AttributeGroups[0]/Attributes[0]
com.apple.launchservicesd.gameconsole,LaunchRoleViewBridge,RBSDurationAttribute,WarningDuration,0,/System/Library/LifecyclePolicy/DomainAttributes/com.apple.launchservicesd.gameconsole.plist,LaunchRoleViewBridge/AttributeGroups[0]/Attributes[0]
com.apple.launchservicesd.gameconsole,LaunchRoleViewBridge,RBSForceRoleManageAttribute,,,/System/Library/LifecyclePolicy/DomainAttributes/com.apple.launchservicesd.gameconsole.plist,LaunchRoleViewBridge/AttributeGroups[0]/Attributes[2]
com.apple.launchservicesd.gameconsole,LaunchRoleViewBridge,RBSRunningReasonAttribute,RunningReason,20251,/System/Library/LifecyclePolicy/DomainAttributes/com.apple.launchservicesd.gameconsole.plist,LaunchRoleViewBridge/AttributeGroups[0]/Attributes[3]
com.apple.launchservicesd.gameconsole,PreventSuspend,OriginatorEntitlement,Entitlement,com.apple.private.runningboard.roles,/System/Library/LifecyclePolicy/DomainAttributes/com.apple.launchservicesd.gameconsole.plist,PreventSuspend/Restriction
com.apple.launchservicesd.gameconsole,PreventSuspend,RBSCPUAccessGrant,Role,RBSRoleBackground,/System/Library/LifecyclePolicy/DomainAttributes/com.apple.launchservicesd.gameconsole.plist,PreventSuspend/AttributeGroups[0]/Attributes[0]
com.apple.launchservicesd.gameconsole,PreventSuspend,RBSEndowmentGrant,Namespace,RBSUserfacingNamespace,/System/Library/LifecyclePolicy/DomainAttributes/com.apple.launchservicesd.gameconsole.plist,PreventSuspend/AttributeGroups[0]/Attributes[2]
com.apple.launchservicesd.gameconsole,PreventSuspend,RBSResistTerminationGrant,Resistance,RBSTerminationResistanceNonInteractive,/System/Library/LifecyclePolicy/DomainAttributes/com.apple.launchservicesd.gameconsole.plist,PreventSuspend/AttributeGroups[0]/Attributes[1]
com.apple.launchservicesd.gameconsole,PreventSuspend,RBSRunningReasonAttribute,RunningReason,20253,/System/Library/LifecyclePolicy/DomainAttributes/com.apple.launchservicesd.gameconsole.plist,PreventSuspend/AttributeGroups[0]/Attributes[3]
com.apple.launchservicesd.gameconsole,RoleBackground,OriginatorEntitlement,Entitlement,com.apple.private.runningboard.roles,/System/Library/LifecyclePolicy/DomainAttributes/com.apple.launchservicesd.gameconsole.plist,RoleBackground/Restriction
com.apple.launchservicesd.gameconsole,RoleBackground,RBSCPUAccessGrant,Role,RBSRoleBackground,/System/Library/LifecyclePolicy/DomainAttributes/com.apple.launchservicesd.gameconsole.plist,RoleBackground/AttributeGroups[0]/Attributes[0]
com.apple.launchservicesd.gameconsole,RoleBackground,RBSForceRoleManageAttribute,,,/System/Library/LifecyclePolicy/DomainAttributes/com.apple.launchservicesd.gameconsole.plist,RoleBackground/AttributeGroups[0]/Attributes[1]
com.apple.launchservicesd.gameconsole,RoleBackground,RBSRunningReasonAttribute,RunningReason,20250,/System/Library/LifecyclePolicy/DomainAttributes/com.apple.launchservicesd.gameconsole.plist,RoleBackground/AttributeGroups[0]/Attributes[2]
com.apple.launchservicesd.gameconsole,RoleBackground,RBSRunningReasonAttribute,RunningReason,20250.0,/System/Library/LifecyclePolicy/DomainAttributes/com.apple.launchservicesd.gameconsole.plist,RoleBackground/AttributeGroups[1]/Attributes[1]
com.apple.launchservicesd.gameconsole,RoleBackground,RBSRunningReasonAttribute,RunningReason,20250.0,/System/Library/LifecyclePolicy/DomainAttributes/com.apple.launchservicesd.gameconsole.plist,RoleBackground/AttributeGroups[2]/Attributes[1]
com.apple.launchservicesd.gameconsole,RoleBackground,RBSSuspendableCPUGrant,Role,RBSRoleBackground,/System/Library/LifecyclePolicy/DomainAttributes/com.apple.launchservicesd.gameconsole.plist,RoleBackground/AttributeGroups[1]/Attributes[0]
com.apple.launchservicesd.gameconsole,RoleBackground,RBSSuspendableCPUGrant,Role,RBSRoleBackground,/System/Library/LifecyclePolicy/DomainAttributes/com.apple.launchservicesd.gameconsole.plist,RoleBackground/AttributeGroups[2]/Attributes[0]
com.apple.launchservicesd.gameconsole,RoleLaunchTAL,OriginatorEntitlement,Entitlement,com.apple.private.runningboard.roles,/System/Library/LifecyclePolicy/DomainAttributes/com.apple.launchservicesd.gameconsole.plist,RoleLaunchTAL/Restriction
com.apple.launchservicesd.gameconsole,RoleLaunchTAL,RBSCPUAccessGrant,Role,RBSRoleLaunchTAL,/System/Library/LifecyclePolicy/DomainAttributes/com.apple.launchservicesd.gameconsole.plist,RoleLaunchTAL/AttributeGroups[0]/Attributes[0]
com.apple.launchservicesd.gameconsole,RoleLaunchTAL,RBSForceRoleManageAttribute,,,/System/Library/LifecyclePolicy/DomainAttributes/com.apple.launchservicesd.gameconsole.plist,RoleLaunchTAL/AttributeGroups[0]/Attributes[1]
com.apple.launchservicesd.gameconsole,RoleLaunchTAL,RBSRunningReasonAttribute,RunningReason,20252,/System/Library/LifecyclePolicy/DomainAttributes/com.apple.launchservicesd.gameconsole.plist,RoleLaunchTAL/AttributeGroups[0]/Attributes[2]
com.apple.launchservicesd.gameconsole,RoleLaunchTAL,RBSRunningReasonAttribute,RunningReason,20252,/System/Library/LifecyclePolicy/DomainAttributes/com.apple.launchservicesd.gameconsole.plist,RoleLaunchTAL/AttributeGroups[1]/Attributes[1]
com.apple.launchservicesd.gameconsole,RoleLaunchTAL,RBSRunningReasonAttribute,RunningReason,20252,/System/Library/LifecyclePolicy/DomainAttributes/com.apple.launchservicesd.gameconsole.plist,RoleLaunchTAL/AttributeGroups[2]/Attributes[1]
com.apple.launchservicesd.gameconsole,RoleLaunchTAL,RBSSuspendableCPUGrant,Role,RBSRoleLaunchTAL,/System/Library/LifecyclePolicy/DomainAttributes/com.apple.launchservicesd.gameconsole.plist,RoleLaunchTAL/AttributeGroups[1]/Attributes[0]
com.apple.launchservicesd.gameconsole,RoleLaunchTAL,RBSSuspendableCPUGrant,Role,RBSRoleLaunchTAL,/System/Library/LifecyclePolicy/DomainAttributes/com.apple.launchservicesd.gameconsole.plist,RoleLaunchTAL/AttributeGroups[2]/Attributes[0]
com.apple.launchservicesd.gameconsole,RoleNonUserInteractive,OriginatorEntitlement,Entitlement,com.apple.private.runningboard.roles,/System/Library/LifecyclePolicy/DomainAttributes/com.apple.launchservicesd.gameconsole.plist,RoleNonUserInteractive/Restriction
com.apple.launchservicesd.gameconsole,RoleNonUserInteractive,RBSCPUAccessGrant,Role,RBSRoleBackground,/System/Library/LifecyclePolicy/DomainAttributes/com.apple.launchservicesd.gameconsole.plist,RoleNonUserInteractive/AttributeGroups[0]/Attributes[0]
com.apple.launchservicesd.gameconsole,RoleNonUserInteractive,RBSForceRoleManageAttribute,,,/System/Library/LifecyclePolicy/DomainAttributes/com.apple.launchservicesd.gameconsole.plist,RoleNonUserInteractive/AttributeGroups[0]/Attributes[1]
com.apple.launchservicesd.gameconsole,RoleNonUserInteractive,RBSRunningReasonAttribute,RunningReason,20249,/System/Library/LifecyclePolicy/DomainAttributes/com.apple.launchservicesd.gameconsole.plist,RoleNonUserInteractive/AttributeGroups[0]/Attributes[2]
com.apple.launchservicesd.gameconsole,RoleNonUserInteractive,RBSRunningReasonAttribute,RunningReason,20249,/System/Library/LifecyclePolicy/DomainAttributes/com.apple.launchservicesd.gameconsole.plist,RoleNonUserInteractive/AttributeGroups[1]/Attributes[1]
com.apple.launchservicesd.gameconsole,RoleNonUserInteractive,RBSRunningReasonAttribute,RunningReason,20249,/System/Library/LifecyclePolicy/DomainAttributes/com.apple.launchservicesd.gameconsole.plist,RoleNonUserInteractive/AttributeGroups[2]/Attributes[1]
com.apple.launchservicesd.gameconsole,RoleNonUserInteractive,RBSSuspendableCPUGrant,Role,RBSRoleBackground,/System/Library/LifecyclePolicy/DomainAttributes/com.apple.launchservicesd.gameconsole.plist,RoleNonUserInteractive/AttributeGroups[1]/Attributes[0]
com.apple.launchservicesd.gameconsole,RoleNonUserInteractive,RBSSuspendableCPUGrant,Role,RBSRoleBackground,/System/Library/LifecyclePolicy/DomainAttributes/com.apple.launchservicesd.gameconsole.plist,RoleNonUserInteractive/AttributeGroups[2]/Attributes[0]
com.apple.launchservicesd.gameconsole,RoleUserInteractive,OriginatorEntitlement,Entitlement,com.apple.private.runningboard.roles,/System/Library/LifecyclePolicy/DomainAttributes/com.apple.launchservicesd.gameconsole.plist,RoleUserInteractive/Restriction
com.apple.launchservicesd.gameconsole,RoleUserInteractive,RBSCPUAccessGrant,Role,RBSRoleBackground,/System/Library/LifecyclePolicy/DomainAttributes/com.apple.launchservicesd.gameconsole.plist,RoleUserInteractive/AttributeGroups[0]/Attributes[0]
com.apple.launchservicesd.gameconsole,RoleUserInteractive,RBSEndowmentGrant,Namespace,RBSUserfacingNamespace,/System/Library/LifecyclePolicy/DomainAttributes/com.apple.launchservicesd.gameconsole.plist,RoleUserInteractive/AttributeGroups[0]/Attributes[2]
com.apple.launchservicesd.gameconsole,RoleUserInteractive,RBSEndowmentGrant,Namespace,RBSUserfacingNamespace,/System/Library/LifecyclePolicy/DomainAttributes/com.apple.launchservicesd.gameconsole.plist,RoleUserInteractive/AttributeGroups[1]/Attributes[2]
com.apple.launchservicesd.gameconsole,RoleUserInteractive,RBSEndowmentGrant,Namespace,RBSUserfacingNamespace,/System/Library/LifecyclePolicy/DomainAttributes/com.apple.launchservicesd.gameconsole.plist,RoleUserInteractive/AttributeGroups[2]/Attributes[2]
com.apple.launchservicesd.gameconsole,RoleUserInteractive,RBSForceRoleManageAttribute,,,/System/Library/LifecyclePolicy/DomainAttributes/com.apple.launchservicesd.gameconsole.plist,RoleUserInteractive/AttributeGroups[0]/Attributes[3]
com.apple.launchservicesd.gameconsole,RoleUserInteractive,RBSResistTerminationGrant,Resistance,RBSTerminationResistanceNonInteractive,/System/Library/LifecyclePolicy/DomainAttributes/com.apple.launchservicesd.gameconsole.plist,RoleUserInteractive/AttributeGroups[0]/Attributes[1]
com.apple.launchservicesd.gameconsole,RoleUserInteractive,RBSResistTerminationGrant,Resistance,RBSTerminationResistanceNonInteractive,/System/Library/LifecyclePolicy/DomainAttributes/com.apple.launchservicesd.gameconsole.plist,RoleUserInteractive/AttributeGroups[1]/Attributes[1]
com.apple.launchservicesd.gameconsole,RoleUserInteractive,RBSResistTerminationGrant,Resistance,RBSTerminationResistanceNonInteractive,/System/Library/LifecyclePolicy/DomainAttributes/com.apple.launchservicesd.gameconsole.plist,RoleUserInteractive/AttributeGroups[2]/Attributes[1]
com.apple.launchservicesd.gameconsole,RoleUserInteractive,RBSRunningReasonAttribute,RunningReason,20246,/System/Library/LifecyclePolicy/DomainAttributes/com.apple.launchservicesd.gameconsole.plist,RoleUserInteractive/AttributeGroups[0]/Attributes[4]
com.apple.launchservicesd.gameconsole,RoleUserInteractive,RBSRunningReasonAttribute,RunningReason,20246,/System/Library/LifecyclePolicy/DomainAttributes/com.apple.launchservicesd.gameconsole.plist,RoleUserInteractive/AttributeGroups[1]/Attributes[3]
com.apple.launchservicesd.gameconsole,RoleUserInteractive,RBSRunningReasonAttribute,RunningReason,20246,/System/Library/LifecyclePolicy/DomainAttributes/com.apple.launchservicesd.gameconsole.plist,RoleUserInteractive/AttributeGroups[2]/Attributes[3]
com.apple.launchservicesd.gameconsole,RoleUserInteractive,RBSSuspendableCPUGrant,Role,RBSRoleBackground,/System/Library/LifecyclePolicy/DomainAttributes/com.apple.launchservicesd.gameconsole.plist,RoleUserInteractive/AttributeGroups[1]/Attributes[0]
com.apple.launchservicesd.gameconsole,RoleUserInteractive,RBSSuspendableCPUGrant,Role,RBSRoleBackground,/System/Library/LifecyclePolicy/DomainAttributes/com.apple.launchservicesd.gameconsole.plist,RoleUserInteractive/AttributeGroups[2]/Attributes[0]
com.apple.launchservicesd.gameconsole,RoleUserInteractiveCriticalService,OriginatorEntitlement,Entitlement,com.apple.private.runningboard.roles,/System/Library/LifecyclePolicy/DomainAttributes/com.apple.launchservicesd.gameconsole.plist,RoleUserInteractiveCriticalService/Restriction
com.apple.launchservicesd.gameconsole,RoleUserInteractiveCriticalService,RBSCPUAccessGrant,Role,RBSRoleUserInteractive,/System/Library/LifecyclePolicy/DomainAttributes/com.apple.launchservicesd.gameconsole.plist,RoleUserInteractiveCriticalService/AttributeGroups[0]/Attributes[0]
com.apple.launchservicesd.gameconsole,RoleUserInteractiveCriticalService,RBSCoalitionLevelGrant,CoalitionLevel,RBSCoalitionLevelHigh,/System/Library/LifecyclePolicy/DomainAttributes/com.apple.launchservicesd.gameconsole.plist,RoleUserInteractiveCriticalService/AttributeGroups[0]/Attributes[1]
com.apple.launchservicesd.gameconsole,RoleUserInteractiveCriticalService,RBSCoalitionLevelGrant,CoalitionLevel,RBSCoalitionLevelHigh,/System/Library/LifecyclePolicy/DomainAttributes/com.apple.launchservicesd.gameconsole.plist,RoleUserInteractiveCriticalService/AttributeGroups[1]/Attributes[1]
com.apple.launchservicesd.gameconsole,RoleUserInteractiveCriticalService,RBSCoalitionLevelGrant,CoalitionLevel,RBSCoalitionLevelHigh,/System/Library/LifecyclePolicy/DomainAttributes/com.apple.launchservicesd.gameconsole.plist,RoleUserInteractiveCriticalService/AttributeGroups[2]/Attributes[1]
com.apple.launchservicesd.gameconsole,RoleUserInteractiveCriticalService,RBSEndowmentGrant,Namespace,RBSUserfacingNamespace,/System/Library/LifecyclePolicy/DomainAttributes/com.apple.launchservicesd.gameconsole.plist,RoleUserInteractiveCriticalService/AttributeGroups[0]/Attributes[3]
com.apple.launchservicesd.gameconsole,RoleUserInteractiveCriticalService,RBSEndowmentGrant,Namespace,RBSUserfacingNamespace,/System/Library/LifecyclePolicy/DomainAttributes/com.apple.launchservicesd.gameconsole.plist,RoleUserInteractiveCriticalService/AttributeGroups[1]/Attributes[3]
com.apple.launchservicesd.gameconsole,RoleUserInteractiveCriticalService,RBSEndowmentGrant,Namespace,RBSUserfacingNamespace,/System/Library/LifecyclePolicy/DomainAttributes/com.apple.launchservicesd.gameconsole.plist,RoleUserInteractiveCriticalService/AttributeGroups[2]/Attributes[3]
com.apple.launchservicesd.gameconsole,RoleUserInteractiveCriticalService,RBSForceRoleManageAttribute,,,/System/Library/LifecyclePolicy/DomainAttributes/com.apple.launchservicesd.gameconsole.plist,RoleUserInteractiveCriticalService/AttributeGroups[0]/Attributes[4]
com.apple.launchservicesd.gameconsole,RoleUserInteractiveCriticalService,RBSResistTerminationGrant,Resistance,RBSTerminationResistanceNonInteractive,/System/Library/LifecyclePolicy/DomainAttributes/com.apple.launchservicesd.gameconsole.plist,RoleUserInteractiveCriticalService/AttributeGroups[0]/Attributes[2]
com.apple.launchservicesd.gameconsole,RoleUserInteractiveCriticalService,RBSResistTerminationGrant,Resistance,RBSTerminationResistanceNonInteractive,/System/Library/LifecyclePolicy/DomainAttributes/com.apple.launchservicesd.gameconsole.plist,RoleUserInteractiveCriticalService/AttributeGroups[1]/Attributes[2]
com.apple.launchservicesd.gameconsole,RoleUserInteractiveCriticalService,RBSResistTerminationGrant,Resistance,RBSTerminationResistanceNonInteractive,/System/Library/LifecyclePolicy/DomainAttributes/com.apple.launchservicesd.gameconsole.plist,RoleUserInteractiveCriticalService/AttributeGroups[2]/Attributes[2]
com.apple.launchservicesd.gameconsole,RoleUserInteractiveCriticalService,RBSRunningReasonAttribute,RunningReason,20246,/System/Library/LifecyclePolicy/DomainAttributes/com.apple.launchservicesd.gameconsole.plist,RoleUserInteractiveCriticalService/AttributeGroups[0]/Attributes[5]
com.apple.launchservicesd.gameconsole,RoleUserInteractiveCriticalService,RBSRunningReasonAttribute,RunningReason,20246,/System/Library/LifecyclePolicy/DomainAttributes/com.apple.launchservicesd.gameconsole.plist,RoleUserInteractiveCriticalService/AttributeGroups[1]/Attributes[4]
com.apple.launchservicesd.gameconsole,RoleUserInteractiveCriticalService,RBSRunningReasonAttribute,RunningReason,20246,/System/Library/LifecyclePolicy/DomainAttributes/com.apple.launchservicesd.gameconsole.plist,RoleUserInteractiveCriticalService/AttributeGroups[2]/Attributes[4]
com.apple.launchservicesd.gameconsole,RoleUserInteractiveCriticalService,RBSSuspendableCPUGrant,Role,RBSRoleUserInteractive,/System/Library/LifecyclePolicy/DomainAttributes/com.apple.launchservicesd.gameconsole.plist,RoleUserInteractiveCriticalService/AttributeGroups[1]/Attributes[0]
com.apple.launchservicesd.gameconsole,RoleUserInteractiveCriticalService,RBSSuspendableCPUGrant,Role,RBSRoleUserInteractive,/System/Library/LifecyclePolicy/DomainAttributes/com.apple.launchservicesd.gameconsole.plist,RoleUserInteractiveCriticalService/AttributeGroups[2]/Attributes[0]
com.apple.launchservicesd.gameconsole,RoleUserInteractiveFocal,OriginatorEntitlement,Entitlement,com.apple.private.runningboard.roles,/System/Library/LifecyclePolicy/DomainAttributes/com.apple.launchservicesd.gameconsole.plist,RoleUserInteractiveFocal/Restriction
com.apple.launchservicesd.gameconsole,RoleUserInteractiveFocal,RBSCPUAccessGrant,Role,RBSRoleUserInteractiveFocal,/System/Library/LifecyclePolicy/DomainAttributes/com.apple.launchservicesd.gameconsole.plist,RoleUserInteractiveFocal/AttributeGroups[0]/Attributes[0]
com.apple.launchservicesd.gameconsole,RoleUserInteractiveFocal,RBSCoalitionLevelGrant,CoalitionLevel,RBSCoalitionLevelHigh,/System/Library/LifecyclePolicy/DomainAttributes/com.apple.launchservicesd.gameconsole.plist,RoleUserInteractiveFocal/AttributeGroups[0]/Attributes[1]
com.apple.launchservicesd.gameconsole,RoleUserInteractiveFocal,RBSCoalitionLevelGrant,CoalitionLevel,RBSCoalitionLevelHigh,/System/Library/LifecyclePolicy/DomainAttributes/com.apple.launchservicesd.gameconsole.plist,RoleUserInteractiveFocal/AttributeGroups[1]/Attributes[1]
com.apple.launchservicesd.gameconsole,RoleUserInteractiveFocal,RBSCoalitionLevelGrant,CoalitionLevel,RBSCoalitionLevelHigh,/System/Library/LifecyclePolicy/DomainAttributes/com.apple.launchservicesd.gameconsole.plist,RoleUserInteractiveFocal/AttributeGroups[2]/Attributes[1]
com.apple.launchservicesd.gameconsole,RoleUserInteractiveFocal,RBSEndowmentGrant,Namespace,RBSUserfacingNamespace,/System/Library/LifecyclePolicy/DomainAttributes/com.apple.launchservicesd.gameconsole.plist,RoleUserInteractiveFocal/AttributeGroups[0]/Attributes[3]
com.apple.launchservicesd.gameconsole,RoleUserInteractiveFocal,RBSEndowmentGrant,Namespace,RBSUserfacingNamespace,/System/Library/LifecyclePolicy/DomainAttributes/com.apple.launchservicesd.gameconsole.plist,RoleUserInteractiveFocal/AttributeGroups[0]/Attributes[4]
com.apple.launchservicesd.gameconsole,RoleUserInteractiveFocal,RBSForceRoleManageAttribute,,,/System/Library/LifecyclePolicy/DomainAttributes/com.apple.launchservicesd.gameconsole.plist,RoleUserInteractiveFocal/AttributeGroups[0]/Attributes[5]
com.apple.launchservicesd.gameconsole,RoleUserInteractiveFocal,RBSResistTerminationGrant,Resistance,RBSTerminationResistanceNonInteractive,/System/Library/LifecyclePolicy/DomainAttributes/com.apple.launchservicesd.gameconsole.plist,RoleUserInteractiveFocal/AttributeGroups[0]/Attributes[2]
com.apple.launchservicesd.gameconsole,RoleUserInteractiveFocal,RBSResistTerminationGrant,Resistance,RBSTerminationResistanceNonInteractive,/System/Library/LifecyclePolicy/DomainAttributes/com.apple.launchservicesd.gameconsole.plist,RoleUserInteractiveFocal/AttributeGroups[1]/Attributes[2]
com.apple.launchservicesd.gameconsole,RoleUserInteractiveFocal,RBSResistTerminationGrant,Resistance,RBSTerminationResistanceNonInteractive,/System/Library/LifecyclePolicy/DomainAttributes/com.apple.launchservicesd.gameconsole.plist,RoleUserInteractiveFocal/AttributeGroups[2]/Attributes[2]
com.apple.launchservicesd.gameconsole,RoleUserInteractiveFocal,RBSRunningReasonAttribute,RunningReason,20247,/System/Library/LifecyclePolicy/DomainAttributes/com.apple.launchservicesd.gameconsole.plist,RoleUserInteractiveFocal/AttributeGroups[0]/Attributes[6]
com.apple.launchservicesd.gameconsole,RoleUserInteractiveFocal,RBSRunningReasonAttribute,RunningReason,20247,/System/Library/LifecyclePolicy/DomainAttributes/com.apple.launchservicesd.gameconsole.plist,RoleUserInteractiveFocal/AttributeGroups[1]/Attributes[3]
com.apple.launchservicesd.gameconsole,RoleUserInteractiveFocal,RBSRunningReasonAttribute,RunningReason,20247,/System/Library/LifecyclePolicy/DomainAttributes/com.apple.launchservicesd.gameconsole.plist,RoleUserInteractiveFocal/AttributeGroups[2]/Attributes[3]
com.apple.launchservicesd.gameconsole,RoleUserInteractiveFocal,RBSSuspendableCPUGrant,Role,RBSRoleUserInteractiveFocal,/System/Library/LifecyclePolicy/DomainAttributes/com.apple.launchservicesd.gameconsole.plist,RoleUserInteractiveFocal/AttributeGroups[1]/Attributes[0]
com.apple.launchservicesd.gameconsole,RoleUserInteractiveFocal,RBSSuspendableCPUGrant,Role,RBSRoleUserInteractiveFocal,/System/Library/LifecyclePolicy/DomainAttributes/com.apple.launchservicesd.gameconsole.plist,RoleUserInteractiveFocal/AttributeGroups[2]/Attributes[0]
com.apple.launchservicesd.gameconsole,RoleUserInteractiveNonFocal,OriginatorEntitlement,Entitlement,com.apple.private.runningboard.roles,/System/Library/LifecyclePolicy/DomainAttributes/com.apple.launchservicesd.gameconsole.plist,RoleUserInteractiveNonFocal/Restriction
com.apple.launchservicesd.gameconsole,RoleUserInteractiveNonFocal,RBSCPUAccessGrant,Role,RBSRoleBackground,/System/Library/LifecyclePolicy/DomainAttributes/com.apple.launchservicesd.gameconsole.plist,RoleUserInteractiveNonFocal/AttributeGroups[0]/Attributes[0]
com.apple.launchservicesd.gameconsole,RoleUserInteractiveNonFocal,RBSCoalitionLevelGrant,CoalitionLevel,RBSCoalitionLevelLow,/System/Library/LifecyclePolicy/DomainAttributes/com.apple.launchservicesd.gameconsole.plist,RoleUserInteractiveNonFocal/AttributeGroups[0]/Attributes[1]
com.apple.launchservicesd.gameconsole,RoleUserInteractiveNonFocal,RBSCoalitionLevelGrant,CoalitionLevel,RBSCoalitionLevelLow,/System/Library/LifecyclePolicy/DomainAttributes/com.apple.launchservicesd.gameconsole.plist,RoleUserInteractiveNonFocal/AttributeGroups[1]/Attributes[1]
com.apple.launchservicesd.gameconsole,RoleUserInteractiveNonFocal,RBSCoalitionLevelGrant,CoalitionLevel,RBSCoalitionLevelLow,/System/Library/LifecyclePolicy/DomainAttributes/com.apple.launchservicesd.gameconsole.plist,RoleUserInteractiveNonFocal/AttributeGroups[2]/Attributes[1]
com.apple.launchservicesd.gameconsole,RoleUserInteractiveNonFocal,RBSEndowmentGrant,Namespace,RBSUserfacingNamespace,/System/Library/LifecyclePolicy/DomainAttributes/com.apple.launchservicesd.gameconsole.plist,RoleUserInteractiveNonFocal/AttributeGroups[0]/Attributes[3]
com.apple.launchservicesd.gameconsole,RoleUserInteractiveNonFocal,RBSEndowmentGrant,Namespace,RBSUserfacingNamespace,/System/Library/LifecyclePolicy/DomainAttributes/com.apple.launchservicesd.gameconsole.plist,RoleUserInteractiveNonFocal/AttributeGroups[1]/Attributes[3]
com.apple.launchservicesd.gameconsole,RoleUserInteractiveNonFocal,RBSEndowmentGrant,Namespace,RBSUserfacingNamespace,/System/Library/LifecyclePolicy/DomainAttributes/com.apple.launchservicesd.gameconsole.plist,RoleUserInteractiveNonFocal/AttributeGroups[2]/Attributes[3]
com.apple.launchservicesd.gameconsole,RoleUserInteractiveNonFocal,RBSForceRoleManageAttribute,,,/System/Library/LifecyclePolicy/DomainAttributes/com.apple.launchservicesd.gameconsole.plist,RoleUserInteractiveNonFocal/AttributeGroups[0]/Attributes[4]
com.apple.launchservicesd.gameconsole,RoleUserInteractiveNonFocal,RBSResistTerminationGrant,Resistance,RBSTerminationResistanceNonInteractive,/System/Library/LifecyclePolicy/DomainAttributes/com.apple.launchservicesd.gameconsole.plist,RoleUserInteractiveNonFocal/AttributeGroups[0]/Attributes[2]
com.apple.launchservicesd.gameconsole,RoleUserInteractiveNonFocal,RBSResistTerminationGrant,Resistance,RBSTerminationResistanceNonInteractive,/System/Library/LifecyclePolicy/DomainAttributes/com.apple.launchservicesd.gameconsole.plist,RoleUserInteractiveNonFocal/AttributeGroups[1]/Attributes[2]
com.apple.launchservicesd.gameconsole,RoleUserInteractiveNonFocal,RBSResistTerminationGrant,Resistance,RBSTerminationResistanceNonInteractive,/System/Library/LifecyclePolicy/DomainAttributes/com.apple.launchservicesd.gameconsole.plist,RoleUserInteractiveNonFocal/AttributeGroups[2]/Attributes[2]
com.apple.launchservicesd.gameconsole,RoleUserInteractiveNonFocal,RBSRunningReasonAttribute,RunningReason,20248,/System/Library/LifecyclePolicy/DomainAttributes/com.apple.launchservicesd.gameconsole.plist,RoleUserInteractiveNonFocal/AttributeGroups[0]/Attributes[5]
com.apple.launchservicesd.gameconsole,RoleUserInteractiveNonFocal,RBSRunningReasonAttribute,RunningReason,20248,/System/Library/LifecyclePolicy/DomainAttributes/com.apple.launchservicesd.gameconsole.plist,RoleUserInteractiveNonFocal/AttributeGroups[1]/Attributes[4]
com.apple.launchservicesd.gameconsole,RoleUserInteractiveNonFocal,RBSRunningReasonAttribute,RunningReason,20248,/System/Library/LifecyclePolicy/DomainAttributes/com.apple.launchservicesd.gameconsole.plist,RoleUserInteractiveNonFocal/AttributeGroups[2]/Attributes[4]
com.apple.launchservicesd.gameconsole,RoleUserInteractiveNonFocal,RBSSuspendableCPUGrant,Role,RBSRoleBackground,/System/Library/LifecyclePolicy/DomainAttributes/com.apple.launchservicesd.gameconsole.plist,RoleUserInteractiveNonFocal/AttributeGroups[1]/Attributes[0]
com.apple.launchservicesd.gameconsole,RoleUserInteractiveNonFocal,RBSSuspendableCPUGrant,Role,RBSRoleBackground,/System/Library/LifecyclePolicy/DomainAttributes/com.apple.launchservicesd.gameconsole.plist,RoleUserInteractiveNonFocal/AttributeGroups[2]/Attributes[0]
com.apple.launchservicesd.gameconsole,RoleViewBridge,OriginatorEntitlement,Entitlement,com.apple.private.runningboard.roles,/System/Library/LifecyclePolicy/DomainAttributes/com.apple.launchservicesd.gameconsole.plist,RoleViewBridge/Restriction
com.apple.launchservicesd.gameconsole,RoleViewBridge,RBSCPUAccessGrant,Role,RBSRoleBackground,/System/Library/LifecyclePolicy/DomainAttributes/com.apple.launchservicesd.gameconsole.plist,RoleViewBridge/AttributeGroups[0]/Attributes[0]
com.apple.launchservicesd.gameconsole,RoleViewBridge,RBSCPUAccessGrant,Role,RBSRoleBackground,/System/Library/LifecyclePolicy/DomainAttributes/com.apple.launchservicesd.gameconsole.plist,RoleViewBridge/AttributeGroups[1]/Attributes[0]
com.apple.launchservicesd.gameconsole,RoleViewBridge,RBSCPUAccessGrant,Role,RBSRoleBackground,/System/Library/LifecyclePolicy/DomainAttributes/com.apple.launchservicesd.gameconsole.plist,RoleViewBridge/AttributeGroups[2]/Attributes[0]
com.apple.launchservicesd.gameconsole,RoleViewBridge,RBSEndowmentGrant,Namespace,RBSUserfacingNamespace,/System/Library/LifecyclePolicy/DomainAttributes/com.apple.launchservicesd.gameconsole.plist,RoleViewBridge/AttributeGroups[0]/Attributes[2]
com.apple.launchservicesd.gameconsole,RoleViewBridge,RBSEndowmentGrant,Namespace,RBSUserfacingNamespace,/System/Library/LifecyclePolicy/DomainAttributes/com.apple.launchservicesd.gameconsole.plist,RoleViewBridge/AttributeGroups[1]/Attributes[2]
com.apple.launchservicesd.gameconsole,RoleViewBridge,RBSEndowmentGrant,Namespace,RBSUserfacingNamespace,/System/Library/LifecyclePolicy/DomainAttributes/com.apple.launchservicesd.gameconsole.plist,RoleViewBridge/AttributeGroups[2]/Attributes[2]
com.apple.launchservicesd.gameconsole,RoleViewBridge,RBSForceRoleManageAttribute,,,/System/Library/LifecyclePolicy/DomainAttributes/com.apple.launchservicesd.gameconsole.plist,RoleViewBridge/AttributeGroups[0]/Attributes[3]
com.apple.launchservicesd.gameconsole,RoleViewBridge,RBSResistTerminationGrant,Resistance,RBSTerminationResistanceNonInteractive,/System/Library/LifecyclePolicy/DomainAttributes/com.apple.launchservicesd.gameconsole.plist,RoleViewBridge/AttributeGroups[0]/Attributes[1]
com.apple.launchservicesd.gameconsole,RoleViewBridge,RBSResistTerminationGrant,Resistance,RBSTerminationResistanceNonInteractive,/System/Library/LifecyclePolicy/DomainAttributes/com.apple.launchservicesd.gameconsole.plist,RoleViewBridge/AttributeGroups[1]/Attributes[1]
com.apple.launchservicesd.gameconsole,RoleViewBridge,RBSResistTerminationGrant,Resistance,RBSTerminationResistanceNonInteractive,/System/Library/LifecyclePolicy/DomainAttributes/com.apple.launchservicesd.gameconsole.plist,RoleViewBridge/AttributeGroups[2]/Attributes[1]
com.apple.launchservicesd.gameconsole,RoleViewBridge,RBSRunningReasonAttribute,RunningReason,20251,/System/Library/LifecyclePolicy/DomainAttributes/com.apple.launchservicesd.gameconsole.plist,RoleViewBridge/AttributeGroups[0]/Attributes[4]
com.apple.launchservicesd.gameconsole,RoleViewBridge,RBSRunningReasonAttribute,RunningReason,20251,/System/Library/LifecyclePolicy/DomainAttributes/com.apple.launchservicesd.gameconsole.plist,RoleViewBridge/AttributeGroups[1]/Attributes[3]
com.apple.launchservicesd.gameconsole,RoleViewBridge,RBSRunningReasonAttribute,RunningReason,20251,/System/Library/LifecyclePolicy/DomainAttributes/com.apple.launchservicesd.gameconsole.plist,RoleViewBridge/AttributeGroups[2]/Attributes[3]
com.apple.location.testapps,Test,OriginatorEntitlement,Entitlement,com.apple.runningboard.location.testapps,/System/Library/LifecyclePolicy/DomainAttributes/com.apple.location.testapps.plist,Test/Restriction
com.apple.location.testapps,Test,RBSBaseMemoryGrant,Category,Active,/System/Library/LifecyclePolicy/DomainAttributes/com.apple.location.testapps.plist,Test/AttributeGroups[0]/Attributes[4]
com.apple.location.testapps,Test,RBSBaseMemoryGrant,Strength,RBSMemoryLimitStrengthSoft,/System/Library/LifecyclePolicy/DomainAttributes/com.apple.location.testapps.plist,Test/AttributeGroups[0]/Attributes[4]
com.apple.location.testapps,Test,RBSCPUAccessGrant,Role,RBSRoleNonUserInteractive,/System/Library/LifecyclePolicy/DomainAttributes/com.apple.location.testapps.plist,Test/AttributeGroups[0]/Attributes[1]
com.apple.location.testapps,Test,RBSCoalitionLevelGrant,CoalitionLevel,RBSCoalitionLevelHigh,/System/Library/LifecyclePolicy/DomainAttributes/com.apple.location.testapps.plist,Test/AttributeGroups[0]/Attributes[2]
com.apple.location.testapps,Test,RBSDefineRelativeStartTimeGrant,,,/System/Library/LifecyclePolicy/DomainAttributes/com.apple.location.testapps.plist,Test/AttributeGroups[0]/Attributes[7]
com.apple.location.testapps,Test,RBSDurationAttribute,EndPolicy,RBSDurationEndPolicyInvalidate,/System/Library/LifecyclePolicy/DomainAttributes/com.apple.location.testapps.plist,Test/AttributeGroups[0]/Attributes[0]
com.apple.location.testapps,Test,RBSDurationAttribute,InvalidationDuration,600,/System/Library/LifecyclePolicy/DomainAttributes/com.apple.location.testapps.plist,Test/AttributeGroups[0]/Attributes[0]
com.apple.location.testapps,Test,RBSDurationAttribute,StartPolicy,RBSDurationStartPolicyFixed,/System/Library/LifecyclePolicy/DomainAttributes/com.apple.location.testapps.plist,Test/AttributeGroups[0]/Attributes[0]
com.apple.location.testapps,Test,RBSDurationAttribute,WarningDuration,10,/System/Library/LifecyclePolicy/DomainAttributes/com.apple.location.testapps.plist,Test/AttributeGroups[0]/Attributes[0]
com.apple.location.testapps,Test,RBSGPUAccessGrant,Role,RBSGPURoleBackground,/System/Library/LifecyclePolicy/DomainAttributes/com.apple.location.testapps.plist,Test/AttributeGroups[0]/Attributes[5]
com.apple.location.testapps,Test,RBSJetsamPriorityGrant,Band,100,/System/Library/LifecyclePolicy/DomainAttributes/com.apple.location.testapps.plist,Test/AttributeGroups[0]/Attributes[3]
com.apple.location.testapps,Test,RBSPreventIdleSleepGrant,,,/System/Library/LifecyclePolicy/DomainAttributes/com.apple.location.testapps.plist,Test/AttributeGroups[0]/Attributes[6]
com.apple.location.testapps,Test,RBSRunningReasonAttribute,RunningReason,20223,/System/Library/LifecyclePolicy/DomainAttributes/com.apple.location.testapps.plist,Test/AttributeGroups[0]/Attributes[8]
com.apple.locationd,FenceEvent,OriginatorEntitlement,Entitlement,com.apple.runningboard.assertions.locationd,/System/Library/LifecyclePolicy/DomainAttributes/com.apple.locationd.plist,FenceEvent/Restriction
com.apple.locationd,FenceEvent,RBSCPUAccessGrant,Role,RBSRoleNonUserInteractive,/System/Library/LifecyclePolicy/DomainAttributes/com.apple.locationd.plist,FenceEvent/AttributeGroups[0]/Attributes[0]
com.apple.locationd,FenceEvent,RBSCPUMaximumUsageLimitation,Duration,60,/System/Library/LifecyclePolicy/DomainAttributes/com.apple.locationd.plist,FenceEvent/AttributeGroups[0]/Attributes[7]
com.apple.locationd,FenceEvent,RBSCPUMaximumUsageLimitation,Percentage,80,/System/Library/LifecyclePolicy/DomainAttributes/com.apple.locationd.plist,FenceEvent/AttributeGroups[0]/Attributes[7]
com.apple.locationd,FenceEvent,RBSCPUMaximumUsageLimitation,Role,RBSRoleNonUserInteractive,/System/Library/LifecyclePolicy/DomainAttributes/com.apple.locationd.plist,FenceEvent/AttributeGroups[0]/Attributes[7]
com.apple.locationd,FenceEvent,RBSCPUMaximumUsageLimitation,ViolationPolicy,RBSCPUMaximumUsageViolationPolicyInvalidate,/System/Library/LifecyclePolicy/DomainAttributes/com.apple.locationd.plist,FenceEvent/AttributeGroups[0]/Attributes[7]
com.apple.locationd,FenceEvent,RBSCoalitionLevelGrant,CoalitionLevel,RBSCoalitionLevelHigh,/System/Library/LifecyclePolicy/DomainAttributes/com.apple.locationd.plist,FenceEvent/AttributeGroups[0]/Attributes[1]
com.apple.locationd,FenceEvent,RBSDefineRelativeStartTimeGrant,,,/System/Library/LifecyclePolicy/DomainAttributes/com.apple.locationd.plist,FenceEvent/AttributeGroups[0]/Attributes[6]
com.apple.locationd,FenceEvent,RBSJetsamPriorityGrant,Band,40,/System/Library/LifecyclePolicy/DomainAttributes/com.apple.locationd.plist,FenceEvent/AttributeGroups[0]/Attributes[2]
com.apple.locationd,FenceEvent,RBSPreserveBaseMemoryGrant,,,/System/Library/LifecyclePolicy/DomainAttributes/com.apple.locationd.plist,FenceEvent/AttributeGroups[0]/Attributes[3]
com.apple.locationd,FenceEvent,RBSPreventIdleSleepGrant,,,/System/Library/LifecyclePolicy/DomainAttributes/com.apple.locationd.plist,FenceEvent/AttributeGroups[0]/Attributes[4]
com.apple.locationd,FenceEvent,RBSResistTerminationGrant,Resistance,RBSTerminationResistanceInteractive,/System/Library/LifecyclePolicy/DomainAttributes/com.apple.locationd.plist,FenceEvent/AttributeGroups[0]/Attributes[5]
com.apple.locationd,FenceEvent,RBSRunningReasonAttribute,RunningReason,21,/System/Library/LifecyclePolicy/DomainAttributes/com.apple.locationd.plist,FenceEvent/AttributeGroups[0]/Attributes[8]
com.apple.locationd,Location,OriginatorEntitlement,Entitlement,com.apple.runningboard.assertions.locationd,/System/Library/LifecyclePolicy/DomainAttributes/com.apple.locationd.plist,Location/Restriction
com.apple.locationd,Location,RBSCPUAccessGrant,Role,RBSRoleNonUserInteractive,/System/Library/LifecyclePolicy/DomainAttributes/com.apple.locationd.plist,Location/AttributeGroups[0]/Attributes[0]
com.apple.locationd,Location,RBSCPUMaximumUsageLimitation,Duration,60,/System/Library/LifecyclePolicy/DomainAttributes/com.apple.locationd.plist,Location/AttributeGroups[0]/Attributes[8]
com.apple.locationd,Location,RBSCPUMaximumUsageLimitation,Percentage,80,/System/Library/LifecyclePolicy/DomainAttributes/com.apple.locationd.plist,Location/AttributeGroups[0]/Attributes[8]
com.apple.locationd,Location,RBSCPUMaximumUsageLimitation,Role,RBSRoleNonUserInteractive,/System/Library/LifecyclePolicy/DomainAttributes/com.apple.locationd.plist,Location/AttributeGroups[0]/Attributes[8]
com.apple.locationd,Location,RBSCPUMaximumUsageLimitation,ViolationPolicy,RBSCPUMaximumUsageViolationPolicyInvalidate,/System/Library/LifecyclePolicy/DomainAttributes/com.apple.locationd.plist,Location/AttributeGroups[0]/Attributes[8]
com.apple.locationd,Location,RBSCoalitionLevelGrant,CoalitionLevel,RBSCoalitionLevelHigh,/System/Library/LifecyclePolicy/DomainAttributes/com.apple.locationd.plist,Location/AttributeGroups[0]/Attributes[1]
com.apple.locationd,Location,RBSCoalitionLevelGrant,CoalitionLevel,RBSCoalitionLevelHigh,/System/Library/LifecyclePolicy/DomainAttributes/com.apple.locationd.plist,Location/AttributeGroups[0]/Attributes[2]
com.apple.locationd,Location,RBSDefineRelativeStartTimeGrant,,,/System/Library/LifecyclePolicy/DomainAttributes/com.apple.locationd.plist,Location/AttributeGroups[0]/Attributes[7]
com.apple.locationd,Location,RBSJetsamPriorityGrant,Band,40,/System/Library/LifecyclePolicy/DomainAttributes/com.apple.locationd.plist,Location/AttributeGroups[0]/Attributes[3]
com.apple.locationd,Location,RBSPreserveBaseMemoryGrant,,,/System/Library/LifecyclePolicy/DomainAttributes/com.apple.locationd.plist,Location/AttributeGroups[0]/Attributes[4]
com.apple.locationd,Location,RBSPreventIdleSleepGrant,,,/System/Library/LifecyclePolicy/DomainAttributes/com.apple.locationd.plist,Location/AttributeGroups[0]/Attributes[5]
com.apple.locationd,Location,RBSResistTerminationGrant,Resistance,RBSTerminationResistanceInteractive,/System/Library/LifecyclePolicy/DomainAttributes/com.apple.locationd.plist,Location/AttributeGroups[0]/Attributes[6]
com.apple.locationd,Location,RBSRunningReasonAttribute,RunningReason,21,/System/Library/LifecyclePolicy/DomainAttributes/com.apple.locationd.plist,Location/AttributeGroups[0]/Attributes[9]
com.apple.locationd,ShowAlert,OriginatorEntitlement,Entitlement,com.apple.runningboard.assertions.locationd,/System/Library/LifecyclePolicy/DomainAttributes/com.apple.locationd.plist,ShowAlert/Restriction
com.apple.locationd,ShowAlert,RBSCPUAccessGrant,Role,RBSRoleUserInteractiveNonFocal,/System/Library/LifecyclePolicy/DomainAttributes/com.apple.locationd.plist,ShowAlert/AttributeGroups[0]/Attributes[1]
com.apple.locationd,ShowAlert,RBSCoalitionLevelGrant,CoalitionLevel,RBSCoalitionLevelHigh,/System/Library/LifecyclePolicy/DomainAttributes/com.apple.locationd.plist,ShowAlert/AttributeGroups[0]/Attributes[2]
com.apple.locationd,ShowAlert,RBSDurationAttribute,EndPolicy,RBSDurationEndPolicyInvalidate,/System/Library/LifecyclePolicy/DomainAttributes/com.apple.locationd.plist,ShowAlert/AttributeGroups[0]/Attributes[0]
com.apple.locationd,ShowAlert,RBSDurationAttribute,InvalidationDuration,10,/System/Library/LifecyclePolicy/DomainAttributes/com.apple.locationd.plist,ShowAlert/AttributeGroups[0]/Attributes[0]
com.apple.locationd,ShowAlert,RBSDurationAttribute,StartPolicy,RBSDurationStartPolicyFixed,/System/Library/LifecyclePolicy/DomainAttributes/com.apple.locationd.plist,ShowAlert/AttributeGroups[0]/Attributes[0]
com.apple.locationd,ShowAlert,RBSDurationAttribute,WarningDuration,2,/System/Library/LifecyclePolicy/DomainAttributes/com.apple.locationd.plist,ShowAlert/AttributeGroups[0]/Attributes[0]
com.apple.locationd,ShowAlert,RBSJetsamPriorityGrant,Band,80,/System/Library/LifecyclePolicy/DomainAttributes/com.apple.locationd.plist,ShowAlert/AttributeGroups[0]/Attributes[3]
com.apple.locationd,ShowAlert,RBSMimicTaskSuspensionAttribute,,,/System/Library/LifecyclePolicy/DomainAttributes/com.apple.locationd.plist,ShowAlert/AttributeGroups[0]/Attributes[5]
com.apple.locationd,ShowAlert,RBSPreserveBaseMemoryGrant,,,/System/Library/LifecyclePolicy/DomainAttributes/com.apple.locationd.plist,ShowAlert/AttributeGroups[0]/Attributes[4]
com.apple.locationd,ShowAlert,RBSRunningReasonAttribute,RunningReason,20410,/System/Library/LifecyclePolicy/DomainAttributes/com.apple.locationd.plist,ShowAlert/AttributeGroups[0]/Attributes[6]
com.apple.maps,ActiveNavigation,OriginatorEntitlement,Entitlement,com.apple.maps.assertions,/System/Library/LifecyclePolicy/DomainAttributes/com.apple.maps.plist,ActiveNavigation/Restriction
com.apple.maps,ActiveNavigation,RBSBaseMemoryGrant,Category,Active,/System/Library/LifecyclePolicy/DomainAttributes/com.apple.maps.plist,ActiveNavigation/AttributeGroups[0]/Attributes[3]
com.apple.maps,ActiveNavigation,RBSBaseMemoryGrant,Strength,RBSMemoryLimitStrengthSoft,/System/Library/LifecyclePolicy/DomainAttributes/com.apple.maps.plist,ActiveNavigation/AttributeGroups[0]/Attributes[3]
com.apple.maps,ActiveNavigation,RBSCPUAccessGrant,Role,RBSRoleNonUserInteractive,/System/Library/LifecyclePolicy/DomainAttributes/com.apple.maps.plist,ActiveNavigation/AttributeGroups[0]/Attributes[0]
com.apple.maps,ActiveNavigation,RBSCoalitionLevelGrant,CoalitionLevel,RBSCoalitionLevelHigh,/System/Library/LifecyclePolicy/DomainAttributes/com.apple.maps.plist,ActiveNavigation/AttributeGroups[0]/Attributes[1]
com.apple.maps,ActiveNavigation,RBSDefineRelativeStartTimeGrant,,,/System/Library/LifecyclePolicy/DomainAttributes/com.apple.maps.plist,ActiveNavigation/AttributeGroups[0]/Attributes[6]
com.apple.maps,ActiveNavigation,RBSGPUAccessGrant,Role,RBSGPURoleBackground,/System/Library/LifecyclePolicy/DomainAttributes/com.apple.maps.plist,ActiveNavigation/AttributeGroups[0]/Attributes[4]
com.apple.maps,ActiveNavigation,RBSJetsamPriorityGrant,Band,100,/System/Library/LifecyclePolicy/DomainAttributes/com.apple.maps.plist,ActiveNavigation/AttributeGroups[0]/Attributes[2]
com.apple.maps,ActiveNavigation,RBSResistTerminationGrant,Resistance,RBSTerminationResistanceInteractive,/System/Library/LifecyclePolicy/DomainAttributes/com.apple.maps.plist,ActiveNavigation/AttributeGroups[0]/Attributes[5]
com.apple.maps,ActiveNavigation,RBSRunningReasonAttribute,RunningReason,2,/System/Library/LifecyclePolicy/DomainAttributes/com.apple.maps.plist,ActiveNavigation/AttributeGroups[0]/Attributes[8]
com.apple.maps,ActiveNavigation,RBSTagAttribute,Tag,SupportsBackgroundAudio,/System/Library/LifecyclePolicy/DomainAttributes/com.apple.maps.plist,ActiveNavigation/AttributeGroups[0]/Attributes[7]
com.apple.maps,StickyNavigation,OriginatorEntitlement,Entitlement,com.apple.maps.assertions,/System/Library/LifecyclePolicy/DomainAttributes/com.apple.maps.plist,StickyNavigation/Restriction
com.apple.maps,StickyNavigation,RBSBaseMemoryGrant,Category,Active,/System/Library/LifecyclePolicy/DomainAttributes/com.apple.maps.plist,StickyNavigation/AttributeGroups[0]/Attributes[1]
com.apple.maps,StickyNavigation,RBSBaseMemoryGrant,Strength,RBSMemoryLimitStrengthSoft,/System/Library/LifecyclePolicy/DomainAttributes/com.apple.maps.plist,StickyNavigation/AttributeGroups[0]/Attributes[1]
com.apple.maps,StickyNavigation,RBSJetsamPriorityGrant,Band,100,/System/Library/LifecyclePolicy/DomainAttributes/com.apple.maps.plist,StickyNavigation/AttributeGroups[0]/Attributes[0]
com.apple.mcpbridge,MCPWorkspaceEndpointInjection,OriginatorEntitlement,Entitlement,com.apple.priv.runningboard.dt.mcpbridge,/System/Library/LifecyclePolicy/DomainAttributes/com.apple.mcpbridge.plist,MCPWorkspaceEndpointInjection/Restriction
com.apple.mcpbridge,MCPWorkspaceEndpointInjection,RBSSavedEndowmentGrant,Key,com.apple.dt.mcpbridge.endpoint-injection,/System/Library/LifecyclePolicy/DomainAttributes/com.apple.mcpbridge.plist,MCPWorkspaceEndpointInjection/AttributeGroups[0]/Attributes[0]
com.apple.mcpbridge,MCPWorkspaceEndpointInjection,RBSSavedEndowmentGrant,Namespace,com.apple.boardservices.endpoint-injection,/System/Library/LifecyclePolicy/DomainAttributes/com.apple.mcpbridge.plist,MCPWorkspaceEndpointInjection/AttributeGroups[0]/Attributes[0]
com.apple.mediaexperience,AudioRecording,OriginatorEntitlement,Entitlement,com.apple.runningboard.mediaexperience,/System/Library/LifecyclePolicy/DomainAttributes/com.apple.mediaexperience.plist,AudioRecording/Restriction
com.apple.mediaexperience,AudioRecording,RBSAcquisitionCompletionAttribute,CompletionPolicy,RBSAcquisitionCompletionPolicyAfterApplication,/System/Library/LifecyclePolicy/DomainAttributes/com.apple.mediaexperience.plist,AudioRecording/AttributeGroups[0]/Attributes[8]
com.apple.mediaexperience,AudioRecording,RBSBaseMemoryGrant,Category,Active,/System/Library/LifecyclePolicy/DomainAttributes/com.apple.mediaexperience.plist,AudioRecording/AttributeGroups[0]/Attributes[3]
com.apple.mediaexperience,AudioRecording,RBSBaseMemoryGrant,Strength,RBSMemoryLimitStrengthSoft,/System/Library/LifecyclePolicy/DomainAttributes/com.apple.mediaexperience.plist,AudioRecording/AttributeGroups[0]/Attributes[3]
com.apple.mediaexperience,AudioRecording,RBSCPUAccessGrant,Role,RBSRoleNonUserInteractive,/System/Library/LifecyclePolicy/DomainAttributes/com.apple.mediaexperience.plist,AudioRecording/AttributeGroups[0]/Attributes[0]
com.apple.mediaexperience,AudioRecording,RBSCoalitionLevelGrant,CoalitionLevel,RBSCoalitionLevelHigh,/System/Library/LifecyclePolicy/DomainAttributes/com.apple.mediaexperience.plist,AudioRecording/AttributeGroups[0]/Attributes[1]
com.apple.mediaexperience,AudioRecording,RBSDefineRelativeStartTimeGrant,,,/System/Library/LifecyclePolicy/DomainAttributes/com.apple.mediaexperience.plist,AudioRecording/AttributeGroups[0]/Attributes[6]
com.apple.mediaexperience,AudioRecording,RBSInvalidateUnderConditionAttribute,Condition,therm,/System/Library/LifecyclePolicy/DomainAttributes/com.apple.mediaexperience.plist,AudioRecording/AttributeGroups[0]/Attributes[7]
com.apple.mediaexperience,AudioRecording,RBSInvalidateUnderConditionAttribute,MinValue,840,/System/Library/LifecyclePolicy/DomainAttributes/com.apple.mediaexperience.plist,AudioRecording/AttributeGroups[0]/Attributes[7]
com.apple.mediaexperience,AudioRecording,RBSJetsamPriorityGrant,Band,100,/System/Library/LifecyclePolicy/DomainAttributes/com.apple.mediaexperience.plist,AudioRecording/AttributeGroups[0]/Attributes[2]
com.apple.mediaexperience,AudioRecording,RBSPreventIdleSleepGrant,,,/System/Library/LifecyclePolicy/DomainAttributes/com.apple.mediaexperience.plist,AudioRecording/AttributeGroups[0]/Attributes[5]
com.apple.mediaexperience,AudioRecording,RBSResistTerminationGrant,Resistance,RBSTerminationResistanceInteractive,/System/Library/LifecyclePolicy/DomainAttributes/com.apple.mediaexperience.plist,AudioRecording/AttributeGroups[0]/Attributes[4]
com.apple.mediaexperience,AudioRecording,RBSRunningReasonAttribute,RunningReason,23,/System/Library/LifecyclePolicy/DomainAttributes/com.apple.mediaexperience.plist,AudioRecording/AttributeGroups[0]/Attributes[10]
com.apple.mediaexperience,AudioRecording,RBSTagAttribute,Tag,SupportsBackgroundAudio,/System/Library/LifecyclePolicy/DomainAttributes/com.apple.mediaexperience.plist,AudioRecording/AttributeGroups[0]/Attributes[9]
com.apple.mediaexperience,MediaPlayback,OriginatorEntitlement,Entitlement,com.apple.runningboard.mediaexperience,/System/Library/LifecyclePolicy/DomainAttributes/com.apple.mediaexperience.plist,MediaPlayback/Restriction
com.apple.mediaexperience,MediaPlayback,RBSAcquisitionCompletionAttribute,CompletionPolicy,RBSAcquisitionCompletionPolicyAfterApplication,/System/Library/LifecyclePolicy/DomainAttributes/com.apple.mediaexperience.plist,MediaPlayback/AttributeGroups[0]/Attributes[9]
com.apple.mediaexperience,MediaPlayback,RBSBaseMemoryGrant,Category,Active,/System/Library/LifecyclePolicy/DomainAttributes/com.apple.mediaexperience.plist,MediaPlayback/AttributeGroups[0]/Attributes[3]
com.apple.mediaexperience,MediaPlayback,RBSBaseMemoryGrant,Strength,RBSMemoryLimitStrengthSoft,/System/Library/LifecyclePolicy/DomainAttributes/com.apple.mediaexperience.plist,MediaPlayback/AttributeGroups[0]/Attributes[3]
com.apple.mediaexperience,MediaPlayback,RBSCPUAccessGrant,Role,RBSRoleNonUserInteractive,/System/Library/LifecyclePolicy/DomainAttributes/com.apple.mediaexperience.plist,MediaPlayback/AttributeGroups[0]/Attributes[0]
com.apple.mediaexperience,MediaPlayback,RBSCPUMaximumUsageLimitation,Duration,60,/System/Library/LifecyclePolicy/DomainAttributes/com.apple.mediaexperience.plist,MediaPlayback/AttributeGroups[0]/Attributes[7]
com.apple.mediaexperience,MediaPlayback,RBSCPUMaximumUsageLimitation,Percentage,80,/System/Library/LifecyclePolicy/DomainAttributes/com.apple.mediaexperience.plist,MediaPlayback/AttributeGroups[0]/Attributes[7]
com.apple.mediaexperience,MediaPlayback,RBSCPUMaximumUsageLimitation,Role,RBSRoleNonUserInteractive,/System/Library/LifecyclePolicy/DomainAttributes/com.apple.mediaexperience.plist,MediaPlayback/AttributeGroups[0]/Attributes[7]
com.apple.mediaexperience,MediaPlayback,RBSCPUMaximumUsageLimitation,ViolationPolicy,RBSCPUMaximumUsageViolationPolicyInvalidateAndTerminateProcess,/System/Library/LifecyclePolicy/DomainAttributes/com.apple.mediaexperience.plist,MediaPlayback/AttributeGroups[0]/Attributes[7]
com.apple.mediaexperience,MediaPlayback,RBSCoalitionLevelGrant,CoalitionLevel,RBSCoalitionLevelHigh,/System/Library/LifecyclePolicy/DomainAttributes/com.apple.mediaexperience.plist,MediaPlayback/AttributeGroups[0]/Attributes[1]
com.apple.mediaexperience,MediaPlayback,RBSDefineRelativeStartTimeGrant,,,/System/Library/LifecyclePolicy/DomainAttributes/com.apple.mediaexperience.plist,MediaPlayback/AttributeGroups[0]/Attributes[6]
com.apple.mediaexperience,MediaPlayback,RBSInvalidateUnderConditionAttribute,Condition,therm,/System/Library/LifecyclePolicy/DomainAttributes/com.apple.mediaexperience.plist,MediaPlayback/AttributeGroups[0]/Attributes[8]
com.apple.mediaexperience,MediaPlayback,RBSInvalidateUnderConditionAttribute,MinValue,860,/System/Library/LifecyclePolicy/DomainAttributes/com.apple.mediaexperience.plist,MediaPlayback/AttributeGroups[0]/Attributes[8]
com.apple.mediaexperience,MediaPlayback,RBSJetsamPriorityGrant,Band,100,/System/Library/LifecyclePolicy/DomainAttributes/com.apple.mediaexperience.plist,MediaPlayback/AttributeGroups[0]/Attributes[2]
com.apple.mediaexperience,MediaPlayback,RBSPreventIdleSleepGrant,,,/System/Library/LifecyclePolicy/DomainAttributes/com.apple.mediaexperience.plist,MediaPlayback/AttributeGroups[0]/Attributes[5]
com.apple.mediaexperience,MediaPlayback,RBSResistTerminationGrant,Resistance,RBSTerminationResistanceInteractive,/System/Library/LifecyclePolicy/DomainAttributes/com.apple.mediaexperience.plist,MediaPlayback/AttributeGroups[0]/Attributes[4]
com.apple.mediaexperience,MediaPlayback,RBSRunningReasonAttribute,RunningReason,1,/System/Library/LifecyclePolicy/DomainAttributes/com.apple.mediaexperience.plist,MediaPlayback/AttributeGroups[0]/Attributes[11]
com.apple.mediaexperience,MediaPlayback,RBSTagAttribute,Tag,SupportsBackgroundAudio,/System/Library/LifecyclePolicy/DomainAttributes/com.apple.mediaexperience.plist,MediaPlayback/AttributeGroups[0]/Attributes[10]
com.apple.mediaremote,AngelIPC,OriginatorEntitlement,Entitlement,com.apple.mediaremote.ui-server-connection,/System/Library/LifecyclePolicy/DomainAttributes/com.apple.mediaremote.plist,AngelIPC/Restriction
com.apple.mediaremote,AngelIPC,RBSBaseMemoryGrant,Category,Active,/System/Library/LifecyclePolicy/DomainAttributes/com.apple.mediaremote.plist,AngelIPC/AttributeGroups[0]/Attributes[3]
com.apple.mediaremote,AngelIPC,RBSBaseMemoryGrant,Strength,RBSMemoryLimitStrengthSoft,/System/Library/LifecyclePolicy/DomainAttributes/com.apple.mediaremote.plist,AngelIPC/AttributeGroups[0]/Attributes[3]
com.apple.mediaremote,AngelIPC,RBSCPUAccessGrant,Role,RBSRoleNonUserInteractive,/System/Library/LifecyclePolicy/DomainAttributes/com.apple.mediaremote.plist,AngelIPC/AttributeGroups[0]/Attributes[0]
com.apple.mediaremote,AngelIPC,RBSCoalitionLevelGrant,CoalitionLevel,RBSCoalitionLevelHigh,/System/Library/LifecyclePolicy/DomainAttributes/com.apple.mediaremote.plist,AngelIPC/AttributeGroups[0]/Attributes[1]
com.apple.mediaremote,AngelIPC,RBSDefineRelativeStartTimeGrant,,,/System/Library/LifecyclePolicy/DomainAttributes/com.apple.mediaremote.plist,AngelIPC/AttributeGroups[0]/Attributes[5]
com.apple.mediaremote,AngelIPC,RBSJetsamPriorityGrant,Band,100,/System/Library/LifecyclePolicy/DomainAttributes/com.apple.mediaremote.plist,AngelIPC/AttributeGroups[0]/Attributes[2]
com.apple.mediaremote,AngelIPC,RBSResistTerminationGrant,Resistance,RBSTerminationResistanceInteractive,/System/Library/LifecyclePolicy/DomainAttributes/com.apple.mediaremote.plist,AngelIPC/AttributeGroups[0]/Attributes[4]
com.apple.mediaremote,AngelIPC,RBSRunningReasonAttribute,RunningReason,20201,/System/Library/LifecyclePolicy/DomainAttributes/com.apple.mediaremote.plist,AngelIPC/AttributeGroups[0]/Attributes[6]
com.apple.mediaremote,Command,OriginatorEntitlement,Entitlement,com.apple.mediaremote.ui-server-connection,/System/Library/LifecyclePolicy/DomainAttributes/com.apple.mediaremote.plist,Command/Restriction
com.apple.mediaremote,Command,RBSCPUAccessGrant,Role,RBSRoleUserInteractiveNonFocal,/System/Library/LifecyclePolicy/DomainAttributes/com.apple.mediaremote.plist,Command/AttributeGroups[0]/Attributes[1]
com.apple.mediaremote,Command,RBSCoalitionLevelGrant,CoalitionLevel,RBSCoalitionLevelHigh,/System/Library/LifecyclePolicy/DomainAttributes/com.apple.mediaremote.plist,Command/AttributeGroups[0]/Attributes[2]
com.apple.mediaremote,Command,RBSDurationAttribute,EndPolicy,RBSDurationEndPolicyInvalidate,/System/Library/LifecyclePolicy/DomainAttributes/com.apple.mediaremote.plist,Command/AttributeGroups[0]/Attributes[0]
com.apple.mediaremote,Command,RBSDurationAttribute,InvalidationDuration,30,/System/Library/LifecyclePolicy/DomainAttributes/com.apple.mediaremote.plist,Command/AttributeGroups[0]/Attributes[0]
com.apple.mediaremote,Command,RBSDurationAttribute,StartPolicy,RBSDurationStartPolicyFixed,/System/Library/LifecyclePolicy/DomainAttributes/com.apple.mediaremote.plist,Command/AttributeGroups[0]/Attributes[0]
com.apple.mediaremote,Command,RBSDurationAttribute,WarningDuration,5,/System/Library/LifecyclePolicy/DomainAttributes/com.apple.mediaremote.plist,Command/AttributeGroups[0]/Attributes[0]
com.apple.mediaremote,Command,RBSJetsamPriorityGrant,Band,40,/System/Library/LifecyclePolicy/DomainAttributes/com.apple.mediaremote.plist,Command/AttributeGroups[0]/Attributes[3]
com.apple.mediaremote,Command,RBSPreserveBaseMemoryGrant,,,/System/Library/LifecyclePolicy/DomainAttributes/com.apple.mediaremote.plist,Command/AttributeGroups[0]/Attributes[4]
com.apple.mediaremote,Command,RBSRunningReasonAttribute,RunningReason,20405,/System/Library/LifecyclePolicy/DomainAttributes/com.apple.mediaremote.plist,Command/AttributeGroups[0]/Attributes[5]
com.apple.mediaremote,Query,OriginatorEntitlement,Entitlement,com.apple.mediaremote.ui-server-connection,/System/Library/LifecyclePolicy/DomainAttributes/com.apple.mediaremote.plist,Query/Restriction
com.apple.mediaremote,Query,RBSCPUAccessGrant,Role,RBSRoleNonUserInteractive,/System/Library/LifecyclePolicy/DomainAttributes/com.apple.mediaremote.plist,Query/AttributeGroups[0]/Attributes[1]
com.apple.mediaremote,Query,RBSCoalitionLevelGrant,CoalitionLevel,RBSCoalitionLevelHigh,/System/Library/LifecyclePolicy/DomainAttributes/com.apple.mediaremote.plist,Query/AttributeGroups[0]/Attributes[2]
com.apple.mediaremote,Query,RBSDurationAttribute,EndPolicy,RBSDurationEndPolicyInvalidate,/System/Library/LifecyclePolicy/DomainAttributes/com.apple.mediaremote.plist,Query/AttributeGroups[0]/Attributes[0]
com.apple.mediaremote,Query,RBSDurationAttribute,InvalidationDuration,30,/System/Library/LifecyclePolicy/DomainAttributes/com.apple.mediaremote.plist,Query/AttributeGroups[0]/Attributes[0]
com.apple.mediaremote,Query,RBSDurationAttribute,StartPolicy,RBSDurationStartPolicyDelayedRelative,/System/Library/LifecyclePolicy/DomainAttributes/com.apple.mediaremote.plist,Query/AttributeGroups[0]/Attributes[0]
com.apple.mediaremote,Query,RBSDurationAttribute,WarningDuration,5,/System/Library/LifecyclePolicy/DomainAttributes/com.apple.mediaremote.plist,Query/AttributeGroups[0]/Attributes[0]
com.apple.mediaremote,Query,RBSJetsamPriorityGrant,Band,40,/System/Library/LifecyclePolicy/DomainAttributes/com.apple.mediaremote.plist,Query/AttributeGroups[0]/Attributes[3]
com.apple.mediaremote,Query,RBSPreserveBaseMemoryGrant,,,/System/Library/LifecyclePolicy/DomainAttributes/com.apple.mediaremote.plist,Query/AttributeGroups[0]/Attributes[4]
com.apple.mediaremote,Query,RBSRunningReasonAttribute,RunningReason,20404,/System/Library/LifecyclePolicy/DomainAttributes/com.apple.mediaremote.plist,Query/AttributeGroups[0]/Attributes[5]
com.apple.modelmanager,BackgroundInference,OriginatorEntitlement,Entitlement,com.apple.runningboard.assertions.modelmanager,/System/Library/LifecyclePolicy/DomainAttributes/com.apple.modelmanager.plist,BackgroundInference/Restriction
com.apple.modelmanager,BackgroundInference,RBSCPUAccessGrant,Role,RBSRoleNonUserInteractive,/System/Library/LifecyclePolicy/DomainAttributes/com.apple.modelmanager.plist,BackgroundInference/AttributeGroups[0]/Attributes[0]
com.apple.modelmanager,BackgroundInference,RBSDefineRelativeStartTimeGrant,,,/System/Library/LifecyclePolicy/DomainAttributes/com.apple.modelmanager.plist,BackgroundInference/AttributeGroups[0]/Attributes[5]
com.apple.modelmanager,BackgroundInference,RBSGPUAccessGrant,Role,RBSGPURoleBackground,/System/Library/LifecyclePolicy/DomainAttributes/com.apple.modelmanager.plist,BackgroundInference/AttributeGroups[0]/Attributes[3]
com.apple.modelmanager,BackgroundInference,RBSJetsamPriorityGrant,Band,40,/System/Library/LifecyclePolicy/DomainAttributes/com.apple.modelmanager.plist,BackgroundInference/AttributeGroups[0]/Attributes[1]
com.apple.modelmanager,BackgroundInference,RBSPreserveBaseMemoryGrant,,,/System/Library/LifecyclePolicy/DomainAttributes/com.apple.modelmanager.plist,BackgroundInference/AttributeGroups[0]/Attributes[2]
com.apple.modelmanager,BackgroundInference,RBSResistTerminationGrant,Resistance,RBSTerminationResistanceNonInteractive,/System/Library/LifecyclePolicy/DomainAttributes/com.apple.modelmanager.plist,BackgroundInference/AttributeGroups[0]/Attributes[4]
com.apple.modelmanager,BackgroundInference,RBSRunningReasonAttribute,RunningReason,20606,/System/Library/LifecyclePolicy/DomainAttributes/com.apple.modelmanager.plist,BackgroundInference/AttributeGroups[0]/Attributes[6]
com.apple.modelmanager,ForegroundInference,OriginatorEntitlement,Entitlement,com.apple.runningboard.assertions.modelmanager,/System/Library/LifecyclePolicy/DomainAttributes/com.apple.modelmanager.plist,ForegroundInference/Restriction
com.apple.modelmanager,ForegroundInference,RBSBaseMemoryGrant,Category,Active,/System/Library/LifecyclePolicy/DomainAttributes/com.apple.modelmanager.plist,ForegroundInference/AttributeGroups[0]/Attributes[2]
com.apple.modelmanager,ForegroundInference,RBSBaseMemoryGrant,Strength,RBSMemoryLimitStrengthSoft,/System/Library/LifecyclePolicy/DomainAttributes/com.apple.modelmanager.plist,ForegroundInference/AttributeGroups[0]/Attributes[2]
com.apple.modelmanager,ForegroundInference,RBSCPUAccessGrant,Role,RBSRoleUserInteractiveNonFocal,/System/Library/LifecyclePolicy/DomainAttributes/com.apple.modelmanager.plist,ForegroundInference/AttributeGroups[0]/Attributes[0]
com.apple.modelmanager,ForegroundInference,RBSDefineRelativeStartTimeGrant,,,/System/Library/LifecyclePolicy/DomainAttributes/com.apple.modelmanager.plist,ForegroundInference/AttributeGroups[0]/Attributes[5]
com.apple.modelmanager,ForegroundInference,RBSGPUAccessGrant,Role,RBSGPURoleUserInteractive,/System/Library/LifecyclePolicy/DomainAttributes/com.apple.modelmanager.plist,ForegroundInference/AttributeGroups[0]/Attributes[3]
com.apple.modelmanager,ForegroundInference,RBSJetsamPriorityGrant,Band,80,/System/Library/LifecyclePolicy/DomainAttributes/com.apple.modelmanager.plist,ForegroundInference/AttributeGroups[0]/Attributes[1]
com.apple.modelmanager,ForegroundInference,RBSResistTerminationGrant,Resistance,RBSTerminationResistanceInteractive,/System/Library/LifecyclePolicy/DomainAttributes/com.apple.modelmanager.plist,ForegroundInference/AttributeGroups[0]/Attributes[4]
com.apple.modelmanager,ForegroundInference,RBSRunningReasonAttribute,RunningReason,20606,/System/Library/LifecyclePolicy/DomainAttributes/com.apple.modelmanager.plist,ForegroundInference/AttributeGroups[0]/Attributes[6]
com.apple.music,MusicUIService,OriginatorEntitlement,Entitlement,com.apple.runningboard.assertions.music,/System/Library/LifecyclePolicy/DomainAttributes/com.apple.music.plist,MusicUIService/Restriction
com.apple.music,MusicUIService,RBSCPUAccessGrant,Role,RBSRoleUserInteractiveNonFocal,/System/Library/LifecyclePolicy/DomainAttributes/com.apple.music.plist,MusicUIService/AttributeGroups[0]/Attributes[0]
com.apple.music,MusicUIService,RBSCoalitionLevelGrant,CoalitionLevel,RBSCoalitionLevelHigh,/System/Library/LifecyclePolicy/DomainAttributes/com.apple.music.plist,MusicUIService/AttributeGroups[0]/Attributes[1]
com.apple.music,MusicUIService,RBSJetsamPriorityGrant,Band,40,/System/Library/LifecyclePolicy/DomainAttributes/com.apple.music.plist,MusicUIService/AttributeGroups[0]/Attributes[2]
com.apple.music,MusicUIService,RBSPreserveBaseMemoryGrant,,,/System/Library/LifecyclePolicy/DomainAttributes/com.apple.music.plist,MusicUIService/AttributeGroups[0]/Attributes[3]
com.apple.music,MusicUIService,RBSRunningReasonAttribute,RunningReason,20217,/System/Library/LifecyclePolicy/DomainAttributes/com.apple.music.plist,MusicUIService/AttributeGroups[0]/Attributes[4]
com.apple.networkextension,KeepRunning,OriginatorEntitlement,Entitlement,com.apple.runningboard.networkextension,/System/Library/LifecyclePolicy/DomainAttributes/com.apple.networkextension.plist,KeepRunning/Restriction
com.apple.networkextension,KeepRunning,RBSBaseMemoryGrant,Category,Active,/System/Library/LifecyclePolicy/DomainAttributes/com.apple.networkextension.plist,KeepRunning/AttributeGroups[0]/Attributes[3]
com.apple.networkextension,KeepRunning,RBSBaseMemoryGrant,Strength,RBSMemoryLimitStrengthSoft,/System/Library/LifecyclePolicy/DomainAttributes/com.apple.networkextension.plist,KeepRunning/AttributeGroups[0]/Attributes[3]
com.apple.networkextension,KeepRunning,RBSCPUAccessGrant,Role,RBSRoleUserInteractiveNonFocal,/System/Library/LifecyclePolicy/DomainAttributes/com.apple.networkextension.plist,KeepRunning/AttributeGroups[0]/Attributes[0]
com.apple.networkextension,KeepRunning,RBSCoalitionLevelGrant,CoalitionLevel,RBSCoalitionLevelHigh,/System/Library/LifecyclePolicy/DomainAttributes/com.apple.networkextension.plist,KeepRunning/AttributeGroups[0]/Attributes[1]
com.apple.networkextension,KeepRunning,RBSJetsamPriorityGrant,Band,100,/System/Library/LifecyclePolicy/DomainAttributes/com.apple.networkextension.plist,KeepRunning/AttributeGroups[0]/Attributes[2]
com.apple.networkextension,KeepRunning,RBSMimicTaskSuspensionAttribute,,,/System/Library/LifecyclePolicy/DomainAttributes/com.apple.networkextension.plist,KeepRunning/AttributeGroups[0]/Attributes[4]
com.apple.networkextension,KeepRunning,RBSRunningReasonAttribute,RunningReason,20511,/System/Library/LifecyclePolicy/DomainAttributes/com.apple.networkextension.plist,KeepRunning/AttributeGroups[0]/Attributes[5]
com.apple.pagein-prefetching,LaunchPrefetch,CompoundAny,,,/System/Library/LifecyclePolicy/DomainAttributes/com.apple.pagein-prefetching.plist,LaunchPrefetch/Restriction
com.apple.pagein-prefetching,LaunchPrefetch,OriginatorEntitlement,Entitlement,com.apple.runningboard.pagein-prefetching,/System/Library/LifecyclePolicy/DomainAttributes/com.apple.pagein-prefetching.plist,LaunchPrefetch/Restriction/Restrictions[1]
com.apple.pagein-prefetching,LaunchPrefetch,OriginatorEntitlement,Entitlement,com.apple.runningboard.primitiveattribute,/System/Library/LifecyclePolicy/DomainAttributes/com.apple.pagein-prefetching.plist,LaunchPrefetch/Restriction/Restrictions[0]
com.apple.pagein-prefetching,LaunchPrefetch,RBSPrefetchPageAttribute,Scenario,0,/System/Library/LifecyclePolicy/DomainAttributes/com.apple.pagein-prefetching.plist,LaunchPrefetch/AttributeGroups[0]/Attributes[0]
com.apple.pagein-prefetching,LaunchPrefetch,RBSRunningReasonAttribute,RunningReason,20838,/System/Library/LifecyclePolicy/DomainAttributes/com.apple.pagein-prefetching.plist,LaunchPrefetch/AttributeGroups[0]/Attributes[1]
com.apple.pagein-prefetching,LaunchPrefetch,TargetsSelf,,,/System/Library/LifecyclePolicy/DomainAttributes/com.apple.pagein-prefetching.plist,LaunchPrefetch/Restriction/Restrictions[2]
com.apple.pasteboard,PasteboardPromiseFulfillment,OriginatorEntitlement,Entitlement,com.apple.runningboard.assertions.pasteboard,/System/Library/LifecyclePolicy/DomainAttributes/com.apple.pasteboard.plist,PasteboardPromiseFulfillment/Restriction
com.apple.pasteboard,PasteboardPromiseFulfillment,RBSBaseMemoryGrant,Category,Active,/System/Library/LifecyclePolicy/DomainAttributes/com.apple.pasteboard.plist,PasteboardPromiseFulfillment/AttributeGroups[0]/Attributes[3]
com.apple.pasteboard,PasteboardPromiseFulfillment,RBSBaseMemoryGrant,Strength,RBSMemoryLimitStrengthSoft,/System/Library/LifecyclePolicy/DomainAttributes/com.apple.pasteboard.plist,PasteboardPromiseFulfillment/AttributeGroups[0]/Attributes[3]
com.apple.pasteboard,PasteboardPromiseFulfillment,RBSCPUAccessGrant,Role,RBSRoleUserInitiated,/System/Library/LifecyclePolicy/DomainAttributes/com.apple.pasteboard.plist,PasteboardPromiseFulfillment/AttributeGroups[0]/Attributes[1]
com.apple.pasteboard,PasteboardPromiseFulfillment,RBSDurationAttribute,EndPolicy,RBSDurationEndPolicyInvalidate,/System/Library/LifecyclePolicy/DomainAttributes/com.apple.pasteboard.plist,PasteboardPromiseFulfillment/AttributeGroups[0]/Attributes[0]
com.apple.pasteboard,PasteboardPromiseFulfillment,RBSDurationAttribute,InvalidationDuration,20,/System/Library/LifecyclePolicy/DomainAttributes/com.apple.pasteboard.plist,PasteboardPromiseFulfillment/AttributeGroups[0]/Attributes[0]
com.apple.pasteboard,PasteboardPromiseFulfillment,RBSDurationAttribute,StartPolicy,RBSDurationStartPolicyFixed,/System/Library/LifecyclePolicy/DomainAttributes/com.apple.pasteboard.plist,PasteboardPromiseFulfillment/AttributeGroups[0]/Attributes[0]
com.apple.pasteboard,PasteboardPromiseFulfillment,RBSDurationAttribute,WarningDuration,5,/System/Library/LifecyclePolicy/DomainAttributes/com.apple.pasteboard.plist,PasteboardPromiseFulfillment/AttributeGroups[0]/Attributes[0]
com.apple.pasteboard,PasteboardPromiseFulfillment,RBSGPUAccessGrant,Role,RBSGPURoleUserInteractive,/System/Library/LifecyclePolicy/DomainAttributes/com.apple.pasteboard.plist,PasteboardPromiseFulfillment/AttributeGroups[0]/Attributes[4]
com.apple.pasteboard,PasteboardPromiseFulfillment,RBSJetsamPriorityGrant,Band,100,/System/Library/LifecyclePolicy/DomainAttributes/com.apple.pasteboard.plist,PasteboardPromiseFulfillment/AttributeGroups[0]/Attributes[2]
com.apple.pasteboard,PasteboardPromiseFulfillment,RBSMimicTaskSuspensionAttribute,,,/System/Library/LifecyclePolicy/DomainAttributes/com.apple.pasteboard.plist,PasteboardPromiseFulfillment/AttributeGroups[0]/Attributes[5]
com.apple.pasteboard,PasteboardPromiseFulfillment,RBSRunningReasonAttribute,RunningReason,20839,/System/Library/LifecyclePolicy/DomainAttributes/com.apple.pasteboard.plist,PasteboardPromiseFulfillment/AttributeGroups[0]/Attributes[6]
com.apple.photos,PowerController,OriginatorEntitlement,Entitlement,com.apple.runningboard.assertions.photos,/System/Library/LifecyclePolicy/DomainAttributes/com.apple.photos.plist,PowerController/Restriction
com.apple.photos,PowerController,RBSCPUAccessGrant,Role,RBSRoleBackground,/System/Library/LifecyclePolicy/DomainAttributes/com.apple.photos.plist,PowerController/AttributeGroups[0]/Attributes[1]
com.apple.photos,PowerController,RBSDefineRelativeStartTimeGrant,,,/System/Library/LifecyclePolicy/DomainAttributes/com.apple.photos.plist,PowerController/AttributeGroups[0]/Attributes[5]
com.apple.photos,PowerController,RBSDurationAttribute,EndPolicy,RBSDurationEndPolicyInvalidate,/System/Library/LifecyclePolicy/DomainAttributes/com.apple.photos.plist,PowerController/AttributeGroups[0]/Attributes[0]
com.apple.photos,PowerController,RBSDurationAttribute,InvalidationDuration,3600,/System/Library/LifecyclePolicy/DomainAttributes/com.apple.photos.plist,PowerController/AttributeGroups[0]/Attributes[0]
com.apple.photos,PowerController,RBSDurationAttribute,StartPolicy,RBSDurationStartPolicyFixed,/System/Library/LifecyclePolicy/DomainAttributes/com.apple.photos.plist,PowerController/AttributeGroups[0]/Attributes[0]
com.apple.photos,PowerController,RBSDurationAttribute,WarningDuration,5,/System/Library/LifecyclePolicy/DomainAttributes/com.apple.photos.plist,PowerController/AttributeGroups[0]/Attributes[0]
com.apple.photos,PowerController,RBSJetsamPriorityGrant,Band,40,/System/Library/LifecyclePolicy/DomainAttributes/com.apple.photos.plist,PowerController/AttributeGroups[0]/Attributes[2]
com.apple.photos,PowerController,RBSPreserveBaseMemoryGrant,,,/System/Library/LifecyclePolicy/DomainAttributes/com.apple.photos.plist,PowerController/AttributeGroups[0]/Attributes[3]
com.apple.photos,PowerController,RBSPreventIdleSleepGrant,,,/System/Library/LifecyclePolicy/DomainAttributes/com.apple.photos.plist,PowerController/AttributeGroups[0]/Attributes[4]
com.apple.photos,PowerController,RBSRunningReasonAttribute,RunningReason,20012,/System/Library/LifecyclePolicy/DomainAttributes/com.apple.photos.plist,PowerController/AttributeGroups[0]/Attributes[6]
com.apple.photos,UpdateWallpaperPhotoLibrary,OriginatorEntitlement,Entitlement,com.apple.runningboard.assertions.photos,/System/Library/LifecyclePolicy/DomainAttributes/com.apple.photos.plist,UpdateWallpaperPhotoLibrary/Restriction
com.apple.photos,UpdateWallpaperPhotoLibrary,RBSCPUAccessGrant,Role,RBSRoleUserInteractiveNonFocal,/System/Library/LifecyclePolicy/DomainAttributes/com.apple.photos.plist,UpdateWallpaperPhotoLibrary/AttributeGroups[0]/Attributes[0]
com.apple.photos,UpdateWallpaperPhotoLibrary,RBSCoalitionLevelGrant,CoalitionLevel,RBSCoalitionLevelHigh,/System/Library/LifecyclePolicy/DomainAttributes/com.apple.photos.plist,UpdateWallpaperPhotoLibrary/AttributeGroups[0]/Attributes[1]
com.apple.photos,UpdateWallpaperPhotoLibrary,RBSDefineRelativeStartTimeGrant,,,/System/Library/LifecyclePolicy/DomainAttributes/com.apple.photos.plist,UpdateWallpaperPhotoLibrary/AttributeGroups[0]/Attributes[2]
com.apple.photos,UpdateWallpaperPhotoLibrary,RBSRunningReasonAttribute,RunningReason,10010,/System/Library/LifecyclePolicy/DomainAttributes/com.apple.photos.plist,UpdateWallpaperPhotoLibrary/AttributeGroups[0]/Attributes[3]
com.apple.pictureinpicture,PIPVisible,CompoundAny,,,/System/Library/LifecyclePolicy/DomainAttributes/com.apple.pictureinpicture.plist,PIPVisible/Restriction
com.apple.pictureinpicture,PIPVisible,OriginatorEntitlement,Entitlement,com.apple.multitasking.systemappassertions,/System/Library/LifecyclePolicy/DomainAttributes/com.apple.pictureinpicture.plist,PIPVisible/Restriction/Restrictions[0]
com.apple.pictureinpicture,PIPVisible,OriginatorEntitlement,Entitlement,com.apple.runningboard.assertions.pictureinpicture,/System/Library/LifecyclePolicy/DomainAttributes/com.apple.pictureinpicture.plist,PIPVisible/Restriction/Restrictions[1]
com.apple.pictureinpicture,PIPVisible,RBSBaseMemoryGrant,Category,Active,/System/Library/LifecyclePolicy/DomainAttributes/com.apple.pictureinpicture.plist,PIPVisible/AttributeGroups[0]/Attributes[3]
com.apple.pictureinpicture,PIPVisible,RBSBaseMemoryGrant,Strength,RBSMemoryLimitStrengthSoft,/System/Library/LifecyclePolicy/DomainAttributes/com.apple.pictureinpicture.plist,PIPVisible/AttributeGroups[0]/Attributes[3]
com.apple.pictureinpicture,PIPVisible,RBSCPUAccessGrant,Role,RBSRoleNonUserInteractive,/System/Library/LifecyclePolicy/DomainAttributes/com.apple.pictureinpicture.plist,PIPVisible/AttributeGroups[0]/Attributes[0]
com.apple.pictureinpicture,PIPVisible,RBSCoalitionLevelGrant,CoalitionLevel,RBSCoalitionLevelHigh,/System/Library/LifecyclePolicy/DomainAttributes/com.apple.pictureinpicture.plist,PIPVisible/AttributeGroups[0]/Attributes[2]
com.apple.pictureinpicture,PIPVisible,RBSDefineRelativeStartTimeGrant,,,/System/Library/LifecyclePolicy/DomainAttributes/com.apple.pictureinpicture.plist,PIPVisible/AttributeGroups[0]/Attributes[5]
com.apple.pictureinpicture,PIPVisible,RBSJetsamPriorityGrant,Band,100,/System/Library/LifecyclePolicy/DomainAttributes/com.apple.pictureinpicture.plist,PIPVisible/AttributeGroups[0]/Attributes[1]
com.apple.pictureinpicture,PIPVisible,RBSJetsamPriorityGrant,Band,40,/System/Library/LifecyclePolicy/DomainAttributes/com.apple.pictureinpicture.plist,PIPVisible/AttributeGroups[1]/Attributes[0]
com.apple.pictureinpicture,PIPVisible,RBSResistTerminationGrant,Resistance,RBSTerminationResistanceInteractive,/System/Library/LifecyclePolicy/DomainAttributes/com.apple.pictureinpicture.plist,PIPVisible/AttributeGroups[0]/Attributes[4]
com.apple.pictureinpicture,PIPVisible,RBSRunningReasonAttribute,RunningReason,10008,/System/Library/LifecyclePolicy/DomainAttributes/com.apple.pictureinpicture.plist,PIPVisible/AttributeGroups[0]/Attributes[6]
com.apple.pictureinpicture,PIPVisibleLegacy,CompoundAny,,,/System/Library/LifecyclePolicy/DomainAttributes/com.apple.pictureinpicture.plist,PIPVisibleLegacy/Restriction
com.apple.pictureinpicture,PIPVisibleLegacy,OriginatorEntitlement,Entitlement,com.apple.multitasking.systemappassertions,/System/Library/LifecyclePolicy/DomainAttributes/com.apple.pictureinpicture.plist,PIPVisibleLegacy/Restriction/Restrictions[0]
com.apple.pictureinpicture,PIPVisibleLegacy,OriginatorEntitlement,Entitlement,com.apple.runningboard.assertions.pictureinpicture,/System/Library/LifecyclePolicy/DomainAttributes/com.apple.pictureinpicture.plist,PIPVisibleLegacy/Restriction/Restrictions[1]
com.apple.pictureinpicture,PIPVisibleLegacy,RBSBaseMemoryGrant,Category,Active,/System/Library/LifecyclePolicy/DomainAttributes/com.apple.pictureinpicture.plist,PIPVisibleLegacy/AttributeGroups[0]/Attributes[3]
com.apple.pictureinpicture,PIPVisibleLegacy,RBSBaseMemoryGrant,Strength,RBSMemoryLimitStrengthSoft,/System/Library/LifecyclePolicy/DomainAttributes/com.apple.pictureinpicture.plist,PIPVisibleLegacy/AttributeGroups[0]/Attributes[3]
com.apple.pictureinpicture,PIPVisibleLegacy,RBSCPUAccessGrant,Role,RBSRoleNonUserInteractive,/System/Library/LifecyclePolicy/DomainAttributes/com.apple.pictureinpicture.plist,PIPVisibleLegacy/AttributeGroups[0]/Attributes[0]
com.apple.pictureinpicture,PIPVisibleLegacy,RBSCoalitionLevelGrant,CoalitionLevel,RBSCoalitionLevelHigh,/System/Library/LifecyclePolicy/DomainAttributes/com.apple.pictureinpicture.plist,PIPVisibleLegacy/AttributeGroups[0]/Attributes[2]
com.apple.pictureinpicture,PIPVisibleLegacy,RBSDefineRelativeStartTimeGrant,,,/System/Library/LifecyclePolicy/DomainAttributes/com.apple.pictureinpicture.plist,PIPVisibleLegacy/AttributeGroups[0]/Attributes[6]
com.apple.pictureinpicture,PIPVisibleLegacy,RBSGPUAccessGrant,Role,RBSGPURoleUserInteractive,/System/Library/LifecyclePolicy/DomainAttributes/com.apple.pictureinpicture.plist,PIPVisibleLegacy/AttributeGroups[0]/Attributes[4]
com.apple.pictureinpicture,PIPVisibleLegacy,RBSJetsamPriorityGrant,Band,100,/System/Library/LifecyclePolicy/DomainAttributes/com.apple.pictureinpicture.plist,PIPVisibleLegacy/AttributeGroups[0]/Attributes[1]
com.apple.pictureinpicture,PIPVisibleLegacy,RBSJetsamPriorityGrant,Band,40,/System/Library/LifecyclePolicy/DomainAttributes/com.apple.pictureinpicture.plist,PIPVisibleLegacy/AttributeGroups[1]/Attributes[0]
com.apple.pictureinpicture,PIPVisibleLegacy,RBSResistTerminationGrant,Resistance,RBSTerminationResistanceInteractive,/System/Library/LifecyclePolicy/DomainAttributes/com.apple.pictureinpicture.plist,PIPVisibleLegacy/AttributeGroups[0]/Attributes[5]
com.apple.pictureinpicture,PIPVisibleLegacy,RBSRunningReasonAttribute,RunningReason,10008,/System/Library/LifecyclePolicy/DomainAttributes/com.apple.pictureinpicture.plist,PIPVisibleLegacy/AttributeGroups[0]/Attributes[7]
com.apple.pictureinpicture,TransientTask,CompoundAny,,,/System/Library/LifecyclePolicy/DomainAttributes/com.apple.pictureinpicture.plist,TransientTask/Restriction
com.apple.pictureinpicture,TransientTask,OriginatorEntitlement,Entitlement,com.apple.multitasking.systemappassertions,/System/Library/LifecyclePolicy/DomainAttributes/com.apple.pictureinpicture.plist,TransientTask/Restriction/Restrictions[0]
com.apple.pictureinpicture,TransientTask,OriginatorEntitlement,Entitlement,com.apple.runningboard.assertions.pictureinpicture,/System/Library/LifecyclePolicy/DomainAttributes/com.apple.pictureinpicture.plist,TransientTask/Restriction/Restrictions[1]
com.apple.pictureinpicture,TransientTask,RBSCPUAccessGrant,Role,RBSRoleNonUserInteractive,/System/Library/LifecyclePolicy/DomainAttributes/com.apple.pictureinpicture.plist,TransientTask/AttributeGroups[0]/Attributes[1]
com.apple.pictureinpicture,TransientTask,RBSCoalitionLevelGrant,CoalitionLevel,RBSCoalitionLevelHigh,/System/Library/LifecyclePolicy/DomainAttributes/com.apple.pictureinpicture.plist,TransientTask/AttributeGroups[0]/Attributes[2]
com.apple.pictureinpicture,TransientTask,RBSDefineRelativeStartTimeGrant,,,/System/Library/LifecyclePolicy/DomainAttributes/com.apple.pictureinpicture.plist,TransientTask/AttributeGroups[0]/Attributes[6]
com.apple.pictureinpicture,TransientTask,RBSDurationAttribute,EndPolicy,RBSDurationEndPolicyInvalidate,/System/Library/LifecyclePolicy/DomainAttributes/com.apple.pictureinpicture.plist,TransientTask/AttributeGroups[0]/Attributes[0]
com.apple.pictureinpicture,TransientTask,RBSDurationAttribute,InvalidationDuration,5,/System/Library/LifecyclePolicy/DomainAttributes/com.apple.pictureinpicture.plist,TransientTask/AttributeGroups[0]/Attributes[0]
com.apple.pictureinpicture,TransientTask,RBSDurationAttribute,StartPolicy,RBSDurationStartPolicyFixed,/System/Library/LifecyclePolicy/DomainAttributes/com.apple.pictureinpicture.plist,TransientTask/AttributeGroups[0]/Attributes[0]
com.apple.pictureinpicture,TransientTask,RBSDurationAttribute,WarningDuration,0,/System/Library/LifecyclePolicy/DomainAttributes/com.apple.pictureinpicture.plist,TransientTask/AttributeGroups[0]/Attributes[0]
com.apple.pictureinpicture,TransientTask,RBSJetsamPriorityGrant,Band,40,/System/Library/LifecyclePolicy/DomainAttributes/com.apple.pictureinpicture.plist,TransientTask/AttributeGroups[0]/Attributes[3]
com.apple.pictureinpicture,TransientTask,RBSPreserveBaseMemoryGrant,,,/System/Library/LifecyclePolicy/DomainAttributes/com.apple.pictureinpicture.plist,TransientTask/AttributeGroups[0]/Attributes[4]
com.apple.pictureinpicture,TransientTask,RBSPreventIdleSleepGrant,,,/System/Library/LifecyclePolicy/DomainAttributes/com.apple.pictureinpicture.plist,TransientTask/AttributeGroups[0]/Attributes[5]
com.apple.pictureinpicture,TransientTask,RBSRunningReasonAttribute,RunningReason,20025,/System/Library/LifecyclePolicy/DomainAttributes/com.apple.pictureinpicture.plist,TransientTask/AttributeGroups[0]/Attributes[7]
com.apple.playgrounds,Subordinate,CompoundAll,,,/System/Library/LifecyclePolicy/DomainAttributes/com.apple.playgrounds.plist,Subordinate/Restriction
com.apple.playgrounds,Subordinate,OriginatorEntitlement,Entitlement,com.apple.runningboard.assertions.playgrounds,/System/Library/LifecyclePolicy/DomainAttributes/com.apple.playgrounds.plist,Subordinate/Restriction/Restrictions[0]
com.apple.playgrounds,Subordinate,RBSSubordinateProcessAttribute,,,/System/Library/LifecyclePolicy/DomainAttributes/com.apple.playgrounds.plist,Subordinate/AttributeGroups[0]/Attributes[0]
com.apple.playgrounds,Subordinate,TargetEntitlement,Entitlement,com.apple.developer.swift-playgrounds-app.development-build,/System/Library/LifecyclePolicy/DomainAttributes/com.apple.playgrounds.plist,Subordinate/Restriction/Restrictions[1]
com.apple.pluginkit,checkin,RBSCPUAccessGrant,Role,RBSRoleUserInteractiveNonFocal,/System/Library/LifecyclePolicy/DomainAttributes/com.apple.pluginkit.plist,checkin/AttributeGroups[0]/Attributes[1]
com.apple.pluginkit,checkin,RBSCoalitionLevelGrant,CoalitionLevel,RBSCoalitionLevelHigh,/System/Library/LifecyclePolicy/DomainAttributes/com.apple.pluginkit.plist,checkin/AttributeGroups[0]/Attributes[2]
com.apple.pluginkit,checkin,RBSDurationAttribute,EndPolicy,RBSDurationEndPolicyTerminate,/System/Library/LifecyclePolicy/DomainAttributes/com.apple.pluginkit.plist,checkin/AttributeGroups[0]/Attributes[0]
com.apple.pluginkit,checkin,RBSDurationAttribute,InvalidationDuration,10,/System/Library/LifecyclePolicy/DomainAttributes/com.apple.pluginkit.plist,checkin/AttributeGroups[0]/Attributes[0]
com.apple.pluginkit,checkin,RBSDurationAttribute,StartPolicy,RBSDurationStartPolicyProcessStartRelative,/System/Library/LifecyclePolicy/DomainAttributes/com.apple.pluginkit.plist,checkin/AttributeGroups[0]/Attributes[0]
com.apple.pluginkit,checkin,RBSDurationAttribute,WarningDuration,0,/System/Library/LifecyclePolicy/DomainAttributes/com.apple.pluginkit.plist,checkin/AttributeGroups[0]/Attributes[0]
com.apple.pluginkit,checkin,RBSJetsamPriorityGrant,Band,40,/System/Library/LifecyclePolicy/DomainAttributes/com.apple.pluginkit.plist,checkin/AttributeGroups[0]/Attributes[3]
com.apple.pluginkit,checkin,RBSPreserveBaseMemoryGrant,,,/System/Library/LifecyclePolicy/DomainAttributes/com.apple.pluginkit.plist,checkin/AttributeGroups[0]/Attributes[4]
com.apple.pluginkit,checkin,RBSRunningReasonAttribute,RunningReason,20207,/System/Library/LifecyclePolicy/DomainAttributes/com.apple.pluginkit.plist,checkin/AttributeGroups[0]/Attributes[5]
com.apple.pluginkit,checkin,TargetProperty,Property,IsExtension,/System/Library/LifecyclePolicy/DomainAttributes/com.apple.pluginkit.plist,checkin/Restriction
com.apple.pluginkit,checkin,TargetProperty,Value,true,/System/Library/LifecyclePolicy/DomainAttributes/com.apple.pluginkit.plist,checkin/Restriction
com.apple.posterboard,Foreground,OriginatorEntitlement,Entitlement,com.apple.runningboard.posterboard,/System/Library/LifecyclePolicy/DomainAttributes/com.apple.posterboard.plist,Foreground/Restriction
com.apple.posterboard,Foreground,RBSAcquisitionCompletionAttribute,CompletionPolicy,RBSAcquisitionCompletionPolicyAfterApplication,/System/Library/LifecyclePolicy/DomainAttributes/com.apple.posterboard.plist,Foreground/AttributeGroups[0]/Attributes[7]
com.apple.posterboard,Foreground,RBSBaseMemoryGrant,Category,Active,/System/Library/LifecyclePolicy/DomainAttributes/com.apple.posterboard.plist,Foreground/AttributeGroups[0]/Attributes[2]
com.apple.posterboard,Foreground,RBSBaseMemoryGrant,Strength,RBSMemoryLimitStrengthSoft,/System/Library/LifecyclePolicy/DomainAttributes/com.apple.posterboard.plist,Foreground/AttributeGroups[0]/Attributes[2]
com.apple.posterboard,Foreground,RBSCPUAccessGrant,Role,RBSRoleUserInteractive,/System/Library/LifecyclePolicy/DomainAttributes/com.apple.posterboard.plist,Foreground/AttributeGroups[0]/Attributes[0]
com.apple.posterboard,Foreground,RBSGPUAccessGrant,Role,RBSGPURoleUserInteractive,/System/Library/LifecyclePolicy/DomainAttributes/com.apple.posterboard.plist,Foreground/AttributeGroups[0]/Attributes[3]
com.apple.posterboard,Foreground,RBSInvalidateUnderConditionAttribute,Condition,therm,/System/Library/LifecyclePolicy/DomainAttributes/com.apple.posterboard.plist,Foreground/AttributeGroups[0]/Attributes[6]
com.apple.posterboard,Foreground,RBSInvalidateUnderConditionAttribute,MinValue,830,/System/Library/LifecyclePolicy/DomainAttributes/com.apple.posterboard.plist,Foreground/AttributeGroups[0]/Attributes[6]
com.apple.posterboard,Foreground,RBSJetsamPriorityGrant,Band,100,/System/Library/LifecyclePolicy/DomainAttributes/com.apple.posterboard.plist,Foreground/AttributeGroups[0]/Attributes[1]
com.apple.posterboard,Foreground,RBSPreventIdleSleepGrant,,,/System/Library/LifecyclePolicy/DomainAttributes/com.apple.posterboard.plist,Foreground/AttributeGroups[0]/Attributes[5]
com.apple.posterboard,Foreground,RBSResistTerminationGrant,Resistance,RBSTerminationResistanceInteractive,/System/Library/LifecyclePolicy/DomainAttributes/com.apple.posterboard.plist,Foreground/AttributeGroups[0]/Attributes[4]
com.apple.posterboard,Foreground,RBSRunningReasonAttribute,RunningReason,20423,/System/Library/LifecyclePolicy/DomainAttributes/com.apple.posterboard.plist,Foreground/AttributeGroups[0]/Attributes[8]
com.apple.posterkit.provider,Editing,OriginatorEntitlement,Entitlement,com.apple.runningboard.posterkit.host,/System/Library/LifecyclePolicy/DomainAttributes/com.apple.posterkit.provider.plist,Editing/Restriction
com.apple.posterkit.provider,Editing,RBSBaseMemoryGrant,Category,PosterProvider_Editing,/System/Library/LifecyclePolicy/DomainAttributes/com.apple.posterkit.provider.plist,Editing/AttributeGroups[0]/Attributes[1]
com.apple.posterkit.provider,Editing,RBSBaseMemoryGrant,Strength,RBSMemoryLimitStrengthSoft,/System/Library/LifecyclePolicy/DomainAttributes/com.apple.posterkit.provider.plist,Editing/AttributeGroups[0]/Attributes[1]
com.apple.posterkit.provider,Editing,RBSGPUAccessGrant,Role,RBSGPURoleUserInteractive,/System/Library/LifecyclePolicy/DomainAttributes/com.apple.posterkit.provider.plist,Editing/AttributeGroups[0]/Attributes[0]
com.apple.posterkit.provider,Editing,RBSPersistentAttribute,,,/System/Library/LifecyclePolicy/DomainAttributes/com.apple.posterkit.provider.plist,Editing/AttributeGroups[0]/Attributes[2]
com.apple.posterkit.provider,PosterDeviceMotion,OriginatorEntitlement,Entitlement,com.apple.runningboard.posterkit.host,/System/Library/LifecyclePolicy/DomainAttributes/com.apple.posterkit.provider.plist,PosterDeviceMotion/Restriction
com.apple.posterkit.provider,PosterDeviceMotion,RBSBaseMemoryGrant,Category,Active,/System/Library/LifecyclePolicy/DomainAttributes/com.apple.posterkit.provider.plist,PosterDeviceMotion/AttributeGroups[0]/Attributes[3]
com.apple.posterkit.provider,PosterDeviceMotion,RBSBaseMemoryGrant,Strength,RBSMemoryLimitStrengthSoft,/System/Library/LifecyclePolicy/DomainAttributes/com.apple.posterkit.provider.plist,PosterDeviceMotion/AttributeGroups[0]/Attributes[3]
com.apple.posterkit.provider,PosterDeviceMotion,RBSCPUAccessGrant,Role,RBSRoleUserInteractiveNonFocal,/System/Library/LifecyclePolicy/DomainAttributes/com.apple.posterkit.provider.plist,PosterDeviceMotion/AttributeGroups[0]/Attributes[1]
com.apple.posterkit.provider,PosterDeviceMotion,RBSDurationAttribute,EndPolicy,RBSDurationEndPolicyInvalidate,/System/Library/LifecyclePolicy/DomainAttributes/com.apple.posterkit.provider.plist,PosterDeviceMotion/AttributeGroups[0]/Attributes[0]
com.apple.posterkit.provider,PosterDeviceMotion,RBSDurationAttribute,InvalidationDuration,600,/System/Library/LifecyclePolicy/DomainAttributes/com.apple.posterkit.provider.plist,PosterDeviceMotion/AttributeGroups[0]/Attributes[0]
com.apple.posterkit.provider,PosterDeviceMotion,RBSDurationAttribute,StartPolicy,RBSDurationStartPolicyFixed,/System/Library/LifecyclePolicy/DomainAttributes/com.apple.posterkit.provider.plist,PosterDeviceMotion/AttributeGroups[0]/Attributes[0]
com.apple.posterkit.provider,PosterDeviceMotion,RBSDurationAttribute,WarningDuration,10,/System/Library/LifecyclePolicy/DomainAttributes/com.apple.posterkit.provider.plist,PosterDeviceMotion/AttributeGroups[0]/Attributes[0]
com.apple.posterkit.provider,PosterDeviceMotion,RBSGPUAccessGrant,Role,RBSGPURoleUserInteractive,/System/Library/LifecyclePolicy/DomainAttributes/com.apple.posterkit.provider.plist,PosterDeviceMotion/AttributeGroups[0]/Attributes[4]
com.apple.posterkit.provider,PosterDeviceMotion,RBSInvalidateUnderConditionAttribute,Condition,therm,/System/Library/LifecyclePolicy/DomainAttributes/com.apple.posterkit.provider.plist,PosterDeviceMotion/AttributeGroups[0]/Attributes[7]
com.apple.posterkit.provider,PosterDeviceMotion,RBSInvalidateUnderConditionAttribute,MinValue,850,/System/Library/LifecyclePolicy/DomainAttributes/com.apple.posterkit.provider.plist,PosterDeviceMotion/AttributeGroups[0]/Attributes[7]
com.apple.posterkit.provider,PosterDeviceMotion,RBSJetsamPriorityGrant,Band,100,/System/Library/LifecyclePolicy/DomainAttributes/com.apple.posterkit.provider.plist,PosterDeviceMotion/AttributeGroups[0]/Attributes[2]
com.apple.posterkit.provider,PosterDeviceMotion,RBSMimicTaskSuspensionAttribute,,,/System/Library/LifecyclePolicy/DomainAttributes/com.apple.posterkit.provider.plist,PosterDeviceMotion/AttributeGroups[0]/Attributes[6]
com.apple.posterkit.provider,PosterDeviceMotion,RBSResistTerminationGrant,Resistance,RBSTerminationResistanceInteractive,/System/Library/LifecyclePolicy/DomainAttributes/com.apple.posterkit.provider.plist,PosterDeviceMotion/AttributeGroups[0]/Attributes[5]
com.apple.posterkit.provider,PosterDeviceMotion,RBSRunningReasonAttribute,RunningReason,20823,/System/Library/LifecyclePolicy/DomainAttributes/com.apple.posterkit.provider.plist,PosterDeviceMotion/AttributeGroups[0]/Attributes[8]
com.apple.posterkit.provider,PosterDock,OriginatorEntitlement,Entitlement,com.apple.runningboard.posterkit.host,/System/Library/LifecyclePolicy/DomainAttributes/com.apple.posterkit.provider.plist,PosterDock/Restriction
com.apple.posterkit.provider,PosterDock,RBSJetsamPriorityGrant,Band,40,/System/Library/LifecyclePolicy/DomainAttributes/com.apple.posterkit.provider.plist,PosterDock/AttributeGroups[0]/Attributes[0]
com.apple.posterkit.provider,PosterPrewarm,OriginatorEntitlement,Entitlement,com.apple.runningboard.posterkit.host,/System/Library/LifecyclePolicy/DomainAttributes/com.apple.posterkit.provider.plist,PosterPrewarm/Restriction
com.apple.posterkit.provider,PosterPrewarm,RBSCPUAccessGrant,Role,RBSRoleNonUserInteractive,/System/Library/LifecyclePolicy/DomainAttributes/com.apple.posterkit.provider.plist,PosterPrewarm/AttributeGroups[0]/Attributes[1]
com.apple.posterkit.provider,PosterPrewarm,RBSDefineRelativeStartTimeGrant,,,/System/Library/LifecyclePolicy/DomainAttributes/com.apple.posterkit.provider.plist,PosterPrewarm/AttributeGroups[0]/Attributes[5]
com.apple.posterkit.provider,PosterPrewarm,RBSDurationAttribute,EndPolicy,RBSDurationEndPolicyInvalidate,/System/Library/LifecyclePolicy/DomainAttributes/com.apple.posterkit.provider.plist,PosterPrewarm/AttributeGroups[0]/Attributes[0]
com.apple.posterkit.provider,PosterPrewarm,RBSDurationAttribute,InvalidationDuration,600,/System/Library/LifecyclePolicy/DomainAttributes/com.apple.posterkit.provider.plist,PosterPrewarm/AttributeGroups[0]/Attributes[0]
com.apple.posterkit.provider,PosterPrewarm,RBSDurationAttribute,StartPolicy,RBSDurationStartPolicyFixed,/System/Library/LifecyclePolicy/DomainAttributes/com.apple.posterkit.provider.plist,PosterPrewarm/AttributeGroups[0]/Attributes[0]
com.apple.posterkit.provider,PosterPrewarm,RBSDurationAttribute,WarningDuration,5,/System/Library/LifecyclePolicy/DomainAttributes/com.apple.posterkit.provider.plist,PosterPrewarm/AttributeGroups[0]/Attributes[0]
com.apple.posterkit.provider,PosterPrewarm,RBSGPUAccessGrant,Role,RBSGPURoleUserInteractive,/System/Library/LifecyclePolicy/DomainAttributes/com.apple.posterkit.provider.plist,PosterPrewarm/AttributeGroups[0]/Attributes[4]
com.apple.posterkit.provider,PosterPrewarm,RBSInvalidateUnderConditionAttribute,Condition,therm,/System/Library/LifecyclePolicy/DomainAttributes/com.apple.posterkit.provider.plist,PosterPrewarm/AttributeGroups[0]/Attributes[6]
com.apple.posterkit.provider,PosterPrewarm,RBSInvalidateUnderConditionAttribute,MinValue,820,/System/Library/LifecyclePolicy/DomainAttributes/com.apple.posterkit.provider.plist,PosterPrewarm/AttributeGroups[0]/Attributes[6]
com.apple.posterkit.provider,PosterPrewarm,RBSJetsamPriorityGrant,Band,40,/System/Library/LifecyclePolicy/DomainAttributes/com.apple.posterkit.provider.plist,PosterPrewarm/AttributeGroups[0]/Attributes[2]
com.apple.posterkit.provider,PosterPrewarm,RBSPreserveBaseMemoryGrant,,,/System/Library/LifecyclePolicy/DomainAttributes/com.apple.posterkit.provider.plist,PosterPrewarm/AttributeGroups[0]/Attributes[3]
com.apple.posterkit.provider,PosterPrewarm,RBSRunningReasonAttribute,RunningReason,20234,/System/Library/LifecyclePolicy/DomainAttributes/com.apple.posterkit.provider.plist,PosterPrewarm/AttributeGroups[0]/Attributes[7]
com.apple.posterkit.provider,PosterUpdate,OriginatorEntitlement,Entitlement,com.apple.runningboard.posterkit.host,/System/Library/LifecyclePolicy/DomainAttributes/com.apple.posterkit.provider.plist,PosterUpdate/Restriction
com.apple.posterkit.provider,PosterUpdate,RBSCPUAccessGrant,Role,RBSRoleBackground,/System/Library/LifecyclePolicy/DomainAttributes/com.apple.posterkit.provider.plist,PosterUpdate/AttributeGroups[0]/Attributes[1]
com.apple.posterkit.provider,PosterUpdate,RBSDefineRelativeStartTimeGrant,,,/System/Library/LifecyclePolicy/DomainAttributes/com.apple.posterkit.provider.plist,PosterUpdate/AttributeGroups[0]/Attributes[5]
com.apple.posterkit.provider,PosterUpdate,RBSDurationAttribute,EndPolicy,RBSDurationEndPolicyInvalidate,/System/Library/LifecyclePolicy/DomainAttributes/com.apple.posterkit.provider.plist,PosterUpdate/AttributeGroups[0]/Attributes[0]
com.apple.posterkit.provider,PosterUpdate,RBSDurationAttribute,InvalidationDuration,1500,/System/Library/LifecyclePolicy/DomainAttributes/com.apple.posterkit.provider.plist,PosterUpdate/AttributeGroups[0]/Attributes[0]
com.apple.posterkit.provider,PosterUpdate,RBSDurationAttribute,StartPolicy,RBSDurationStartPolicyFixed,/System/Library/LifecyclePolicy/DomainAttributes/com.apple.posterkit.provider.plist,PosterUpdate/AttributeGroups[0]/Attributes[0]
com.apple.posterkit.provider,PosterUpdate,RBSDurationAttribute,WarningDuration,5,/System/Library/LifecyclePolicy/DomainAttributes/com.apple.posterkit.provider.plist,PosterUpdate/AttributeGroups[0]/Attributes[0]
com.apple.posterkit.provider,PosterUpdate,RBSGPUAccessGrant,Role,RBSGPURoleUserInteractive,/System/Library/LifecyclePolicy/DomainAttributes/com.apple.posterkit.provider.plist,PosterUpdate/AttributeGroups[0]/Attributes[4]
com.apple.posterkit.provider,PosterUpdate,RBSInvalidateUnderConditionAttribute,Condition,therm,/System/Library/LifecyclePolicy/DomainAttributes/com.apple.posterkit.provider.plist,PosterUpdate/AttributeGroups[0]/Attributes[6]
com.apple.posterkit.provider,PosterUpdate,RBSInvalidateUnderConditionAttribute,MinValue,820,/System/Library/LifecyclePolicy/DomainAttributes/com.apple.posterkit.provider.plist,PosterUpdate/AttributeGroups[0]/Attributes[6]
com.apple.posterkit.provider,PosterUpdate,RBSJetsamPriorityGrant,Band,40,/System/Library/LifecyclePolicy/DomainAttributes/com.apple.posterkit.provider.plist,PosterUpdate/AttributeGroups[0]/Attributes[2]
com.apple.posterkit.provider,PosterUpdate,RBSPreserveBaseMemoryGrant,,,/System/Library/LifecyclePolicy/DomainAttributes/com.apple.posterkit.provider.plist,PosterUpdate/AttributeGroups[0]/Attributes[3]
com.apple.posterkit.provider,PosterUpdate,RBSRunningReasonAttribute,RunningReason,20234,/System/Library/LifecyclePolicy/DomainAttributes/com.apple.posterkit.provider.plist,PosterUpdate/AttributeGroups[0]/Attributes[7]
com.apple.posterkit.provider,Rendering-Entitled,OriginatorEntitlement,Entitlement,com.apple.runningboard.posterkit.host,/System/Library/LifecyclePolicy/DomainAttributes/com.apple.posterkit.provider.plist,Rendering-Entitled/Restriction
com.apple.posterkit.provider,Rendering-Entitled,RBSBaseMemoryGrant,Category,PosterProvider_Rendering_Entitled,/System/Library/LifecyclePolicy/DomainAttributes/com.apple.posterkit.provider.plist,Rendering-Entitled/AttributeGroups[0]/Attributes[1]
com.apple.posterkit.provider,Rendering-Entitled,RBSBaseMemoryGrant,Strength,RBSMemoryLimitStrengthSoft,/System/Library/LifecyclePolicy/DomainAttributes/com.apple.posterkit.provider.plist,Rendering-Entitled/AttributeGroups[0]/Attributes[1]
com.apple.posterkit.provider,Rendering-Entitled,RBSGPUAccessGrant,Role,RBSGPURoleUserInteractive,/System/Library/LifecyclePolicy/DomainAttributes/com.apple.posterkit.provider.plist,Rendering-Entitled/AttributeGroups[0]/Attributes[0]
com.apple.posterkit.provider,Rendering-Entitled,RBSPersistentAttribute,,,/System/Library/LifecyclePolicy/DomainAttributes/com.apple.posterkit.provider.plist,Rendering-Entitled/AttributeGroups[0]/Attributes[2]
com.apple.posterkit.provider,Rendering-Nominal,OriginatorEntitlement,Entitlement,com.apple.runningboard.posterkit.host,/System/Library/LifecyclePolicy/DomainAttributes/com.apple.posterkit.provider.plist,Rendering-Nominal/Restriction
com.apple.posterkit.provider,Rendering-Nominal,RBSBaseMemoryGrant,Category,PosterProvider_Rendering_Nominal,/System/Library/LifecyclePolicy/DomainAttributes/com.apple.posterkit.provider.plist,Rendering-Nominal/AttributeGroups[0]/Attributes[1]
com.apple.posterkit.provider,Rendering-Nominal,RBSBaseMemoryGrant,Strength,RBSMemoryLimitStrengthSoft,/System/Library/LifecyclePolicy/DomainAttributes/com.apple.posterkit.provider.plist,Rendering-Nominal/AttributeGroups[0]/Attributes[1]
com.apple.posterkit.provider,Rendering-Nominal,RBSGPUAccessGrant,Role,RBSGPURoleUserInteractive,/System/Library/LifecyclePolicy/DomainAttributes/com.apple.posterkit.provider.plist,Rendering-Nominal/AttributeGroups[0]/Attributes[0]
com.apple.posterkit.provider,Rendering-Nominal,RBSPersistentAttribute,,,/System/Library/LifecyclePolicy/DomainAttributes/com.apple.posterkit.provider.plist,Rendering-Nominal/AttributeGroups[0]/Attributes[2]
com.apple.posterkit.provider,Rendering-Photos,OriginatorEntitlement,Entitlement,com.apple.runningboard.posterkit.host,/System/Library/LifecyclePolicy/DomainAttributes/com.apple.posterkit.provider.plist,Rendering-Photos/Restriction
com.apple.posterkit.provider,Rendering-Photos,RBSBaseMemoryGrant,Category,PosterProvider_Rendering_Photos,/System/Library/LifecyclePolicy/DomainAttributes/com.apple.posterkit.provider.plist,Rendering-Photos/AttributeGroups[0]/Attributes[1]
com.apple.posterkit.provider,Rendering-Photos,RBSBaseMemoryGrant,Strength,RBSMemoryLimitStrengthSoft,/System/Library/LifecyclePolicy/DomainAttributes/com.apple.posterkit.provider.plist,Rendering-Photos/AttributeGroups[0]/Attributes[1]
com.apple.posterkit.provider,Rendering-Photos,RBSGPUAccessGrant,Role,RBSGPURoleUserInteractive,/System/Library/LifecyclePolicy/DomainAttributes/com.apple.posterkit.provider.plist,Rendering-Photos/AttributeGroups[0]/Attributes[0]
com.apple.posterkit.provider,Rendering-Photos,RBSPersistentAttribute,,,/System/Library/LifecyclePolicy/DomainAttributes/com.apple.posterkit.provider.plist,Rendering-Photos/AttributeGroups[0]/Attributes[2]
com.apple.posterkit.provider,Snapshotting-Entitled,OriginatorEntitlement,Entitlement,com.apple.runningboard.posterkit.host,/System/Library/LifecyclePolicy/DomainAttributes/com.apple.posterkit.provider.plist,Snapshotting-Entitled/Restriction
com.apple.posterkit.provider,Snapshotting-Entitled,RBSAcquisitionCompletionAttribute,CompletionPolicy,RBSAcquisitionCompletionPolicyAfterApplication,/System/Library/LifecyclePolicy/DomainAttributes/com.apple.posterkit.provider.plist,Snapshotting-Entitled/AttributeGroups[0]/Attributes[5]
com.apple.posterkit.provider,Snapshotting-Entitled,RBSBaseMemoryGrant,Category,PosterProvider_Snapshotting_Entitled,/System/Library/LifecyclePolicy/DomainAttributes/com.apple.posterkit.provider.plist,Snapshotting-Entitled/AttributeGroups[0]/Attributes[2]
com.apple.posterkit.provider,Snapshotting-Entitled,RBSBaseMemoryGrant,Strength,RBSMemoryLimitStrengthSoft,/System/Library/LifecyclePolicy/DomainAttributes/com.apple.posterkit.provider.plist,Snapshotting-Entitled/AttributeGroups[0]/Attributes[2]
com.apple.posterkit.provider,Snapshotting-Entitled,RBSCPUAccessGrant,Role,RBSRoleUserInteractiveFocal,/System/Library/LifecyclePolicy/DomainAttributes/com.apple.posterkit.provider.plist,Snapshotting-Entitled/AttributeGroups[0]/Attributes[1]
com.apple.posterkit.provider,Snapshotting-Entitled,RBSDurationAttribute,EndPolicy,RBSDurationEndPolicyInvalidate,/System/Library/LifecyclePolicy/DomainAttributes/com.apple.posterkit.provider.plist,Snapshotting-Entitled/AttributeGroups[0]/Attributes[0]
com.apple.posterkit.provider,Snapshotting-Entitled,RBSDurationAttribute,InvalidationDuration,30,/System/Library/LifecyclePolicy/DomainAttributes/com.apple.posterkit.provider.plist,Snapshotting-Entitled/AttributeGroups[0]/Attributes[0]
com.apple.posterkit.provider,Snapshotting-Entitled,RBSDurationAttribute,StartPolicy,RBSDurationStartPolicyFixed,/System/Library/LifecyclePolicy/DomainAttributes/com.apple.posterkit.provider.plist,Snapshotting-Entitled/AttributeGroups[0]/Attributes[0]
com.apple.posterkit.provider,Snapshotting-Entitled,RBSDurationAttribute,WarningDuration,5,/System/Library/LifecyclePolicy/DomainAttributes/com.apple.posterkit.provider.plist,Snapshotting-Entitled/AttributeGroups[0]/Attributes[0]
com.apple.posterkit.provider,Snapshotting-Entitled,RBSGPUAccessGrant,Role,RBSGPURoleUserInteractiveFocal,/System/Library/LifecyclePolicy/DomainAttributes/com.apple.posterkit.provider.plist,Snapshotting-Entitled/AttributeGroups[0]/Attributes[3]
com.apple.posterkit.provider,Snapshotting-Entitled,RBSResistTerminationGrant,Resistance,RBSTerminationResistanceInteractive,/System/Library/LifecyclePolicy/DomainAttributes/com.apple.posterkit.provider.plist,Snapshotting-Entitled/AttributeGroups[0]/Attributes[4]
com.apple.posterkit.provider,Snapshotting-Entitled,RBSRunningReasonAttribute,RunningReason,20831,/System/Library/LifecyclePolicy/DomainAttributes/com.apple.posterkit.provider.plist,Snapshotting-Entitled/AttributeGroups[0]/Attributes[6]
com.apple.posterkit.provider,Snapshotting-Nominal,OriginatorEntitlement,Entitlement,com.apple.runningboard.posterkit.host,/System/Library/LifecyclePolicy/DomainAttributes/com.apple.posterkit.provider.plist,Snapshotting-Nominal/Restriction
com.apple.posterkit.provider,Snapshotting-Nominal,RBSAcquisitionCompletionAttribute,CompletionPolicy,RBSAcquisitionCompletionPolicyAfterApplication,/System/Library/LifecyclePolicy/DomainAttributes/com.apple.posterkit.provider.plist,Snapshotting-Nominal/AttributeGroups[0]/Attributes[5]
com.apple.posterkit.provider,Snapshotting-Nominal,RBSBaseMemoryGrant,Category,PosterProvider_Snapshotting_Nominal,/System/Library/LifecyclePolicy/DomainAttributes/com.apple.posterkit.provider.plist,Snapshotting-Nominal/AttributeGroups[0]/Attributes[2]
com.apple.posterkit.provider,Snapshotting-Nominal,RBSBaseMemoryGrant,Strength,RBSMemoryLimitStrengthSoft,/System/Library/LifecyclePolicy/DomainAttributes/com.apple.posterkit.provider.plist,Snapshotting-Nominal/AttributeGroups[0]/Attributes[2]
com.apple.posterkit.provider,Snapshotting-Nominal,RBSCPUAccessGrant,Role,RBSRoleUserInteractiveFocal,/System/Library/LifecyclePolicy/DomainAttributes/com.apple.posterkit.provider.plist,Snapshotting-Nominal/AttributeGroups[0]/Attributes[1]
com.apple.posterkit.provider,Snapshotting-Nominal,RBSDurationAttribute,EndPolicy,RBSDurationEndPolicyInvalidate,/System/Library/LifecyclePolicy/DomainAttributes/com.apple.posterkit.provider.plist,Snapshotting-Nominal/AttributeGroups[0]/Attributes[0]
com.apple.posterkit.provider,Snapshotting-Nominal,RBSDurationAttribute,InvalidationDuration,30,/System/Library/LifecyclePolicy/DomainAttributes/com.apple.posterkit.provider.plist,Snapshotting-Nominal/AttributeGroups[0]/Attributes[0]
com.apple.posterkit.provider,Snapshotting-Nominal,RBSDurationAttribute,StartPolicy,RBSDurationStartPolicyFixed,/System/Library/LifecyclePolicy/DomainAttributes/com.apple.posterkit.provider.plist,Snapshotting-Nominal/AttributeGroups[0]/Attributes[0]
com.apple.posterkit.provider,Snapshotting-Nominal,RBSDurationAttribute,WarningDuration,5,/System/Library/LifecyclePolicy/DomainAttributes/com.apple.posterkit.provider.plist,Snapshotting-Nominal/AttributeGroups[0]/Attributes[0]
com.apple.posterkit.provider,Snapshotting-Nominal,RBSGPUAccessGrant,Role,RBSGPURoleUserInteractiveFocal,/System/Library/LifecyclePolicy/DomainAttributes/com.apple.posterkit.provider.plist,Snapshotting-Nominal/AttributeGroups[0]/Attributes[3]
com.apple.posterkit.provider,Snapshotting-Nominal,RBSResistTerminationGrant,Resistance,RBSTerminationResistanceInteractive,/System/Library/LifecyclePolicy/DomainAttributes/com.apple.posterkit.provider.plist,Snapshotting-Nominal/AttributeGroups[0]/Attributes[4]
com.apple.posterkit.provider,Snapshotting-Nominal,RBSRunningReasonAttribute,RunningReason,20830,/System/Library/LifecyclePolicy/DomainAttributes/com.apple.posterkit.provider.plist,Snapshotting-Nominal/AttributeGroups[0]/Attributes[6]
com.apple.posterkit.provider,Snapshotting-Photos,OriginatorEntitlement,Entitlement,com.apple.runningboard.posterkit.host,/System/Library/LifecyclePolicy/DomainAttributes/com.apple.posterkit.provider.plist,Snapshotting-Photos/Restriction
com.apple.posterkit.provider,Snapshotting-Photos,RBSAcquisitionCompletionAttribute,CompletionPolicy,RBSAcquisitionCompletionPolicyAfterApplication,/System/Library/LifecyclePolicy/DomainAttributes/com.apple.posterkit.provider.plist,Snapshotting-Photos/AttributeGroups[0]/Attributes[5]
com.apple.posterkit.provider,Snapshotting-Photos,RBSBaseMemoryGrant,Category,PosterProvider_Snapshotting_Photos,/System/Library/LifecyclePolicy/DomainAttributes/com.apple.posterkit.provider.plist,Snapshotting-Photos/AttributeGroups[0]/Attributes[2]
com.apple.posterkit.provider,Snapshotting-Photos,RBSBaseMemoryGrant,Strength,RBSMemoryLimitStrengthSoft,/System/Library/LifecyclePolicy/DomainAttributes/com.apple.posterkit.provider.plist,Snapshotting-Photos/AttributeGroups[0]/Attributes[2]
com.apple.posterkit.provider,Snapshotting-Photos,RBSCPUAccessGrant,Role,RBSRoleUserInteractiveFocal,/System/Library/LifecyclePolicy/DomainAttributes/com.apple.posterkit.provider.plist,Snapshotting-Photos/AttributeGroups[0]/Attributes[1]
com.apple.posterkit.provider,Snapshotting-Photos,RBSDurationAttribute,EndPolicy,RBSDurationEndPolicyInvalidate,/System/Library/LifecyclePolicy/DomainAttributes/com.apple.posterkit.provider.plist,Snapshotting-Photos/AttributeGroups[0]/Attributes[0]
com.apple.posterkit.provider,Snapshotting-Photos,RBSDurationAttribute,InvalidationDuration,30,/System/Library/LifecyclePolicy/DomainAttributes/com.apple.posterkit.provider.plist,Snapshotting-Photos/AttributeGroups[0]/Attributes[0]
com.apple.posterkit.provider,Snapshotting-Photos,RBSDurationAttribute,StartPolicy,RBSDurationStartPolicyFixed,/System/Library/LifecyclePolicy/DomainAttributes/com.apple.posterkit.provider.plist,Snapshotting-Photos/AttributeGroups[0]/Attributes[0]
com.apple.posterkit.provider,Snapshotting-Photos,RBSDurationAttribute,WarningDuration,5,/System/Library/LifecyclePolicy/DomainAttributes/com.apple.posterkit.provider.plist,Snapshotting-Photos/AttributeGroups[0]/Attributes[0]
com.apple.posterkit.provider,Snapshotting-Photos,RBSGPUAccessGrant,Role,RBSGPURoleUserInteractiveFocal,/System/Library/LifecyclePolicy/DomainAttributes/com.apple.posterkit.provider.plist,Snapshotting-Photos/AttributeGroups[0]/Attributes[3]
com.apple.posterkit.provider,Snapshotting-Photos,RBSResistTerminationGrant,Resistance,RBSTerminationResistanceInteractive,/System/Library/LifecyclePolicy/DomainAttributes/com.apple.posterkit.provider.plist,Snapshotting-Photos/AttributeGroups[0]/Attributes[4]
com.apple.posterkit.provider,Snapshotting-Photos,RBSRunningReasonAttribute,RunningReason,20829,/System/Library/LifecyclePolicy/DomainAttributes/com.apple.posterkit.provider.plist,Snapshotting-Photos/AttributeGroups[0]/Attributes[6]
com.apple.posterkit.provider,Updating-Entitled,OriginatorEntitlement,Entitlement,com.apple.runningboard.posterkit.host,/System/Library/LifecyclePolicy/DomainAttributes/com.apple.posterkit.provider.plist,Updating-Entitled/Restriction
com.apple.posterkit.provider,Updating-Entitled,RBSBaseMemoryGrant,Category,PosterProvider_Updating_Entitled,/System/Library/LifecyclePolicy/DomainAttributes/com.apple.posterkit.provider.plist,Updating-Entitled/AttributeGroups[0]/Attributes[0]
com.apple.posterkit.provider,Updating-Entitled,RBSBaseMemoryGrant,Strength,RBSMemoryLimitStrengthSoft,/System/Library/LifecyclePolicy/DomainAttributes/com.apple.posterkit.provider.plist,Updating-Entitled/AttributeGroups[0]/Attributes[0]
com.apple.posterkit.provider,Updating-Photos,OriginatorEntitlement,Entitlement,com.apple.runningboard.posterkit.host,/System/Library/LifecyclePolicy/DomainAttributes/com.apple.posterkit.provider.plist,Updating-Photos/Restriction
com.apple.posterkit.provider,Updating-Photos,RBSBaseMemoryGrant,Category,PosterProvider_Updating_Photos,/System/Library/LifecyclePolicy/DomainAttributes/com.apple.posterkit.provider.plist,Updating-Photos/AttributeGroups[0]/Attributes[0]
com.apple.posterkit.provider,Updating-Photos,RBSBaseMemoryGrant,Strength,RBSMemoryLimitStrengthSoft,/System/Library/LifecyclePolicy/DomainAttributes/com.apple.posterkit.provider.plist,Updating-Photos/AttributeGroups[0]/Attributes[0]
com.apple.quicklook,KeepAboveBackgroundBand,RBSJetsamPriorityGrant,Band,35,/System/Library/LifecyclePolicy/DomainAttributes/com.apple.quicklook.plist,KeepAboveBackgroundBand/AttributeGroups[0]/Attributes[0]
com.apple.quicklook,KeepAboveBackgroundBand,RBSPreserveBaseMemoryGrant,,,/System/Library/LifecyclePolicy/DomainAttributes/com.apple.quicklook.plist,KeepAboveBackgroundBand/AttributeGroups[0]/Attributes[1]
com.apple.quicklook,Thumbnail,OriginatorEntitlement,Entitlement,com.apple.runningboard.quicklook,/System/Library/LifecyclePolicy/DomainAttributes/com.apple.quicklook.plist,Thumbnail/Restriction
com.apple.quicklook,Thumbnail,RBSCPUAccessGrant,Role,RBSRoleUserInteractive,/System/Library/LifecyclePolicy/DomainAttributes/com.apple.quicklook.plist,Thumbnail/AttributeGroups[0]/Attributes[1]
com.apple.quicklook,Thumbnail,RBSCoalitionLevelGrant,CoalitionLevel,RBSCoalitionLevelHigh,/System/Library/LifecyclePolicy/DomainAttributes/com.apple.quicklook.plist,Thumbnail/AttributeGroups[0]/Attributes[2]
com.apple.quicklook,Thumbnail,RBSDurationAttribute,EndPolicy,RBSDurationEndPolicyTerminate,/System/Library/LifecyclePolicy/DomainAttributes/com.apple.quicklook.plist,Thumbnail/AttributeGroups[0]/Attributes[0]
com.apple.quicklook,Thumbnail,RBSDurationAttribute,InvalidationDuration,60,/System/Library/LifecyclePolicy/DomainAttributes/com.apple.quicklook.plist,Thumbnail/AttributeGroups[0]/Attributes[0]
com.apple.quicklook,Thumbnail,RBSDurationAttribute,StartPolicy,RBSDurationStartPolicyFixed,/System/Library/LifecyclePolicy/DomainAttributes/com.apple.quicklook.plist,Thumbnail/AttributeGroups[0]/Attributes[0]
com.apple.quicklook,Thumbnail,RBSDurationAttribute,WarningDuration,5,/System/Library/LifecyclePolicy/DomainAttributes/com.apple.quicklook.plist,Thumbnail/AttributeGroups[0]/Attributes[0]
com.apple.quicklook,Thumbnail,RBSGPUAccessGrant,Role,RBSGPURoleUserInteractive,/System/Library/LifecyclePolicy/DomainAttributes/com.apple.quicklook.plist,Thumbnail/AttributeGroups[0]/Attributes[5]
com.apple.quicklook,Thumbnail,RBSJetsamPriorityGrant,Band,90,/System/Library/LifecyclePolicy/DomainAttributes/com.apple.quicklook.plist,Thumbnail/AttributeGroups[0]/Attributes[3]
com.apple.quicklook,Thumbnail,RBSPreserveBaseMemoryGrant,,,/System/Library/LifecyclePolicy/DomainAttributes/com.apple.quicklook.plist,Thumbnail/AttributeGroups[0]/Attributes[4]
com.apple.quicklook,Thumbnail,RBSRunningReasonAttribute,RunningReason,20602,/System/Library/LifecyclePolicy/DomainAttributes/com.apple.quicklook.plist,Thumbnail/AttributeGroups[0]/Attributes[6]
com.apple.safetymonitor,Reconnect,OriginatorEntitlement,Entitlement,com.apple.runningboard.assertions.safetymonitor,/System/Library/LifecyclePolicy/DomainAttributes/com.apple.safetymonitor.plist,Reconnect/Restriction
com.apple.safetymonitor,Reconnect,RBSCPUAccessGrant,Role,RBSRoleNonUserInteractive,/System/Library/LifecyclePolicy/DomainAttributes/com.apple.safetymonitor.plist,Reconnect/AttributeGroups[0]/Attributes[1]
com.apple.safetymonitor,Reconnect,RBSCoalitionLevelGrant,CoalitionLevel,RBSCoalitionLevelHigh,/System/Library/LifecyclePolicy/DomainAttributes/com.apple.safetymonitor.plist,Reconnect/AttributeGroups[0]/Attributes[2]
com.apple.safetymonitor,Reconnect,RBSDurationAttribute,EndPolicy,RBSDurationEndPolicyInvalidate,/System/Library/LifecyclePolicy/DomainAttributes/com.apple.safetymonitor.plist,Reconnect/AttributeGroups[0]/Attributes[0]
com.apple.safetymonitor,Reconnect,RBSDurationAttribute,InvalidationDuration,5,/System/Library/LifecyclePolicy/DomainAttributes/com.apple.safetymonitor.plist,Reconnect/AttributeGroups[0]/Attributes[0]
com.apple.safetymonitor,Reconnect,RBSDurationAttribute,StartPolicy,RBSDurationStartPolicyDelayedRelative,/System/Library/LifecyclePolicy/DomainAttributes/com.apple.safetymonitor.plist,Reconnect/AttributeGroups[0]/Attributes[0]
com.apple.safetymonitor,Reconnect,RBSDurationAttribute,WarningDuration,1,/System/Library/LifecyclePolicy/DomainAttributes/com.apple.safetymonitor.plist,Reconnect/AttributeGroups[0]/Attributes[0]
com.apple.safetymonitor,Reconnect,RBSJetsamPriorityGrant,Band,30,/System/Library/LifecyclePolicy/DomainAttributes/com.apple.safetymonitor.plist,Reconnect/AttributeGroups[0]/Attributes[3]
com.apple.safetymonitor,Reconnect,RBSPreserveBaseMemoryGrant,,,/System/Library/LifecyclePolicy/DomainAttributes/com.apple.safetymonitor.plist,Reconnect/AttributeGroups[0]/Attributes[4]
com.apple.safetymonitor,Reconnect,RBSRunningReasonAttribute,RunningReason,20414,/System/Library/LifecyclePolicy/DomainAttributes/com.apple.safetymonitor.plist,Reconnect/AttributeGroups[0]/Attributes[5]
com.apple.screentimeunlock,WaitForAuth,OriginatorEntitlement,Entitlement,com.apple.runningboard.screentimeunlock,/System/Library/LifecyclePolicy/DomainAttributes/com.apple.screentimeunlock.plist,WaitForAuth/Restriction
com.apple.screentimeunlock,WaitForAuth,RBSBaseMemoryGrant,Category,Active,/System/Library/LifecyclePolicy/DomainAttributes/com.apple.screentimeunlock.plist,WaitForAuth/AttributeGroups[0]/Attributes[3]
com.apple.screentimeunlock,WaitForAuth,RBSBaseMemoryGrant,Strength,RBSMemoryLimitStrengthSoft,/System/Library/LifecyclePolicy/DomainAttributes/com.apple.screentimeunlock.plist,WaitForAuth/AttributeGroups[0]/Attributes[3]
com.apple.screentimeunlock,WaitForAuth,RBSCPUAccessGrant,Role,RBSRoleNonUserInteractive,/System/Library/LifecyclePolicy/DomainAttributes/com.apple.screentimeunlock.plist,WaitForAuth/AttributeGroups[0]/Attributes[1]
com.apple.screentimeunlock,WaitForAuth,RBSDurationAttribute,EndPolicy,RBSDurationEndPolicyInvalidate,/System/Library/LifecyclePolicy/DomainAttributes/com.apple.screentimeunlock.plist,WaitForAuth/AttributeGroups[0]/Attributes[0]
com.apple.screentimeunlock,WaitForAuth,RBSDurationAttribute,InvalidationDuration,600,/System/Library/LifecyclePolicy/DomainAttributes/com.apple.screentimeunlock.plist,WaitForAuth/AttributeGroups[0]/Attributes[0]
com.apple.screentimeunlock,WaitForAuth,RBSDurationAttribute,StartPolicy,RBSDurationStartPolicyFixed,/System/Library/LifecyclePolicy/DomainAttributes/com.apple.screentimeunlock.plist,WaitForAuth/AttributeGroups[0]/Attributes[0]
com.apple.screentimeunlock,WaitForAuth,RBSDurationAttribute,WarningDuration,10,/System/Library/LifecyclePolicy/DomainAttributes/com.apple.screentimeunlock.plist,WaitForAuth/AttributeGroups[0]/Attributes[0]
com.apple.screentimeunlock,WaitForAuth,RBSInvalidateUnderConditionAttribute,Condition,therm,/System/Library/LifecyclePolicy/DomainAttributes/com.apple.screentimeunlock.plist,WaitForAuth/AttributeGroups[0]/Attributes[4]
com.apple.screentimeunlock,WaitForAuth,RBSInvalidateUnderConditionAttribute,MinValue,850,/System/Library/LifecyclePolicy/DomainAttributes/com.apple.screentimeunlock.plist,WaitForAuth/AttributeGroups[0]/Attributes[4]
com.apple.screentimeunlock,WaitForAuth,RBSJetsamPriorityGrant,Band,100,/System/Library/LifecyclePolicy/DomainAttributes/com.apple.screentimeunlock.plist,WaitForAuth/AttributeGroups[0]/Attributes[2]
com.apple.screentimeunlock,WaitForAuth,RBSRunningReasonAttribute,RunningReason,20820,/System/Library/LifecyclePolicy/DomainAttributes/com.apple.screentimeunlock.plist,WaitForAuth/AttributeGroups[0]/Attributes[5]
com.apple.sensorkit,BackgroundDataFetch,OriginatorEntitlement,Entitlement,com.apple.runningboard.assertions.sensorkit,/System/Library/LifecyclePolicy/DomainAttributes/com.apple.sensorkit.plist,BackgroundDataFetch/Restriction
com.apple.sensorkit,BackgroundDataFetch,RBSBaseMemoryGrant,Category,Active,/System/Library/LifecyclePolicy/DomainAttributes/com.apple.sensorkit.plist,BackgroundDataFetch/AttributeGroups[0]/Attributes[2]
com.apple.sensorkit,BackgroundDataFetch,RBSBaseMemoryGrant,Strength,RBSMemoryLimitStrengthSoft,/System/Library/LifecyclePolicy/DomainAttributes/com.apple.sensorkit.plist,BackgroundDataFetch/AttributeGroups[0]/Attributes[2]
com.apple.sensorkit,BackgroundDataFetch,RBSCPUAccessGrant,Role,RBSRoleBackground,/System/Library/LifecyclePolicy/DomainAttributes/com.apple.sensorkit.plist,BackgroundDataFetch/AttributeGroups[0]/Attributes[0]
com.apple.sensorkit,BackgroundDataFetch,RBSDefineRelativeStartTimeGrant,,,/System/Library/LifecyclePolicy/DomainAttributes/com.apple.sensorkit.plist,BackgroundDataFetch/AttributeGroups[0]/Attributes[3]
com.apple.sensorkit,BackgroundDataFetch,RBSJetsamPriorityGrant,Band,100,/System/Library/LifecyclePolicy/DomainAttributes/com.apple.sensorkit.plist,BackgroundDataFetch/AttributeGroups[0]/Attributes[1]
com.apple.sensorkit,BackgroundDataFetch,RBSRunningReasonAttribute,RunningReason,22,/System/Library/LifecyclePolicy/DomainAttributes/com.apple.sensorkit.plist,BackgroundDataFetch/AttributeGroups[0]/Attributes[4]
com.apple.sharing.airdrop,Message,OriginatorEntitlement,Entitlement,com.apple.runningboard.sharing.airdrop,/System/Library/LifecyclePolicy/DomainAttributes/com.apple.sharing.airdrop.plist,Message/Restriction
com.apple.sharing.airdrop,Message,RBSCPUAccessGrant,Role,RBSRoleNonUserInteractive,/System/Library/LifecyclePolicy/DomainAttributes/com.apple.sharing.airdrop.plist,Message/AttributeGroups[0]/Attributes[1]
com.apple.sharing.airdrop,Message,RBSCoalitionLevelGrant,CoalitionLevel,RBSCoalitionLevelHigh,/System/Library/LifecyclePolicy/DomainAttributes/com.apple.sharing.airdrop.plist,Message/AttributeGroups[0]/Attributes[2]
com.apple.sharing.airdrop,Message,RBSDurationAttribute,EndPolicy,RBSDurationEndPolicyInvalidate,/System/Library/LifecyclePolicy/DomainAttributes/com.apple.sharing.airdrop.plist,Message/AttributeGroups[0]/Attributes[0]
com.apple.sharing.airdrop,Message,RBSDurationAttribute,InvalidationDuration,5,/System/Library/LifecyclePolicy/DomainAttributes/com.apple.sharing.airdrop.plist,Message/AttributeGroups[0]/Attributes[0]
com.apple.sharing.airdrop,Message,RBSDurationAttribute,StartPolicy,RBSDurationStartPolicyFixed,/System/Library/LifecyclePolicy/DomainAttributes/com.apple.sharing.airdrop.plist,Message/AttributeGroups[0]/Attributes[0]
com.apple.sharing.airdrop,Message,RBSDurationAttribute,WarningDuration,2,/System/Library/LifecyclePolicy/DomainAttributes/com.apple.sharing.airdrop.plist,Message/AttributeGroups[0]/Attributes[0]
com.apple.sharing.airdrop,Message,RBSJetsamPriorityGrant,Band,40,/System/Library/LifecyclePolicy/DomainAttributes/com.apple.sharing.airdrop.plist,Message/AttributeGroups[0]/Attributes[3]
com.apple.sharing.airdrop,Message,RBSPreserveBaseMemoryGrant,,,/System/Library/LifecyclePolicy/DomainAttributes/com.apple.sharing.airdrop.plist,Message/AttributeGroups[0]/Attributes[4]
com.apple.sharing.airdrop,Message,RBSRunningReasonAttribute,RunningReason,20408,/System/Library/LifecyclePolicy/DomainAttributes/com.apple.sharing.airdrop.plist,Message/AttributeGroups[0]/Attributes[5]
com.apple.shortcuts,RunningBackground,OriginatorEntitlement,Entitlement,com.apple.runningboard.assertions.shortcuts,/System/Library/LifecyclePolicy/DomainAttributes/com.apple.shortcuts.plist,RunningBackground/Restriction
com.apple.shortcuts,RunningBackground,RBSCPUAccessGrant,Role,RBSRoleNonUserInteractive,/System/Library/LifecyclePolicy/DomainAttributes/com.apple.shortcuts.plist,RunningBackground/AttributeGroups[0]/Attributes[0]
com.apple.shortcuts,RunningBackground,RBSCoalitionLevelGrant,CoalitionLevel,RBSCoalitionLevelHigh,/System/Library/LifecyclePolicy/DomainAttributes/com.apple.shortcuts.plist,RunningBackground/AttributeGroups[0]/Attributes[1]
com.apple.shortcuts,RunningBackground,RBSRunningReasonAttribute,RunningReason,20218,/System/Library/LifecyclePolicy/DomainAttributes/com.apple.shortcuts.plist,RunningBackground/AttributeGroups[0]/Attributes[2]
com.apple.siri,AppIntentsExtensionConnection,CompoundAny,,,/System/Library/LifecyclePolicy/DomainAttributes/com.apple.siri.plist,AppIntentsExtensionConnection/Restriction
com.apple.siri,AppIntentsExtensionConnection,OriginatorEntitlement,Entitlement,com.apple.assertiond.system-shell,/System/Library/LifecyclePolicy/DomainAttributes/com.apple.siri.plist,AppIntentsExtensionConnection/Restriction/Restrictions[1]
com.apple.siri,AppIntentsExtensionConnection,OriginatorEntitlement,Entitlement,com.apple.private.xpc.launchd.app-server,/System/Library/LifecyclePolicy/DomainAttributes/com.apple.siri.plist,AppIntentsExtensionConnection/Restriction/Restrictions[0]
com.apple.siri,AppIntentsExtensionConnection,OriginatorEntitlement,Entitlement,com.apple.runningboard.launchprocess,/System/Library/LifecyclePolicy/DomainAttributes/com.apple.siri.plist,AppIntentsExtensionConnection/Restriction/Restrictions[2]
com.apple.siri,AppIntentsExtensionConnection,RBSAcquisitionCompletionAttribute,CompletionPolicy,RBSAcquisitionCompletionPolicyAfterApplication,/System/Library/LifecyclePolicy/DomainAttributes/com.apple.siri.plist,AppIntentsExtensionConnection/AttributeGroups[0]/Attributes[4]
com.apple.siri,AppIntentsExtensionConnection,RBSCPUAccessGrant,Role,RBSRoleUserInteractiveNonFocal,/System/Library/LifecyclePolicy/DomainAttributes/com.apple.siri.plist,AppIntentsExtensionConnection/AttributeGroups[0]/Attributes[1]
com.apple.siri,AppIntentsExtensionConnection,RBSCoalitionLevelGrant,CoalitionLevel,RBSCoalitionLevelHigh,/System/Library/LifecyclePolicy/DomainAttributes/com.apple.siri.plist,AppIntentsExtensionConnection/AttributeGroups[0]/Attributes[2]
com.apple.siri,AppIntentsExtensionConnection,RBSDurationAttribute,EndPolicy,RBSDurationEndPolicyInvalidate,/System/Library/LifecyclePolicy/DomainAttributes/com.apple.siri.plist,AppIntentsExtensionConnection/AttributeGroups[0]/Attributes[0]
com.apple.siri,AppIntentsExtensionConnection,RBSDurationAttribute,InvalidationDuration,32,/System/Library/LifecyclePolicy/DomainAttributes/com.apple.siri.plist,AppIntentsExtensionConnection/AttributeGroups[0]/Attributes[0]
com.apple.siri,AppIntentsExtensionConnection,RBSDurationAttribute,StartPolicy,RBSDurationStartPolicyFixed,/System/Library/LifecyclePolicy/DomainAttributes/com.apple.siri.plist,AppIntentsExtensionConnection/AttributeGroups[0]/Attributes[0]
com.apple.siri,AppIntentsExtensionConnection,RBSDurationAttribute,WarningDuration,10,/System/Library/LifecyclePolicy/DomainAttributes/com.apple.siri.plist,AppIntentsExtensionConnection/AttributeGroups[0]/Attributes[0]
com.apple.siri,AppIntentsExtensionConnection,RBSGPUAccessGrant,Role,RBSGPURoleBackground,/System/Library/LifecyclePolicy/DomainAttributes/com.apple.siri.plist,AppIntentsExtensionConnection/AttributeGroups[0]/Attributes[3]
com.apple.siri,AppIntentsExtensionConnection,RBSRunningReasonAttribute,RunningReason,20705,/System/Library/LifecyclePolicy/DomainAttributes/com.apple.siri.plist,AppIntentsExtensionConnection/AttributeGroups[0]/Attributes[5]
com.apple.siri,ForegroundLinkConnection,OriginatorEntitlement,Entitlement,com.apple.runningboard.assertions.siri,/System/Library/LifecyclePolicy/DomainAttributes/com.apple.siri.plist,ForegroundLinkConnection/Restriction
com.apple.siri,ForegroundLinkConnection,RBSAcquisitionCompletionAttribute,CompletionPolicy,RBSAcquisitionCompletionPolicyAfterApplication,/System/Library/LifecyclePolicy/DomainAttributes/com.apple.siri.plist,ForegroundLinkConnection/AttributeGroups[0]/Attributes[6]
com.apple.siri,ForegroundLinkConnection,RBSBaseMemoryGrant,Category,Active,/System/Library/LifecyclePolicy/DomainAttributes/com.apple.siri.plist,ForegroundLinkConnection/AttributeGroups[0]/Attributes[4]
com.apple.siri,ForegroundLinkConnection,RBSBaseMemoryGrant,Strength,RBSMemoryLimitStrengthSoft,/System/Library/LifecyclePolicy/DomainAttributes/com.apple.siri.plist,ForegroundLinkConnection/AttributeGroups[0]/Attributes[4]
com.apple.siri,ForegroundLinkConnection,RBSCPUAccessGrant,Role,RBSRoleUserInteractive,/System/Library/LifecyclePolicy/DomainAttributes/com.apple.siri.plist,ForegroundLinkConnection/AttributeGroups[0]/Attributes[1]
com.apple.siri,ForegroundLinkConnection,RBSCoalitionLevelGrant,CoalitionLevel,RBSCoalitionLevelHigh,/System/Library/LifecyclePolicy/DomainAttributes/com.apple.siri.plist,ForegroundLinkConnection/AttributeGroups[0]/Attributes[2]
com.apple.siri,ForegroundLinkConnection,RBSDurationAttribute,EndPolicy,RBSDurationEndPolicyInvalidate,/System/Library/LifecyclePolicy/DomainAttributes/com.apple.siri.plist,ForegroundLinkConnection/AttributeGroups[0]/Attributes[0]
com.apple.siri,ForegroundLinkConnection,RBSDurationAttribute,InvalidationDuration,12,/System/Library/LifecyclePolicy/DomainAttributes/com.apple.siri.plist,ForegroundLinkConnection/AttributeGroups[0]/Attributes[0]
com.apple.siri,ForegroundLinkConnection,RBSDurationAttribute,StartPolicy,RBSDurationStartPolicyFixed,/System/Library/LifecyclePolicy/DomainAttributes/com.apple.siri.plist,ForegroundLinkConnection/AttributeGroups[0]/Attributes[0]
com.apple.siri,ForegroundLinkConnection,RBSDurationAttribute,WarningDuration,4,/System/Library/LifecyclePolicy/DomainAttributes/com.apple.siri.plist,ForegroundLinkConnection/AttributeGroups[0]/Attributes[0]
com.apple.siri,ForegroundLinkConnection,RBSGPUAccessGrant,Role,RBSGPURoleUserInteractive,/System/Library/LifecyclePolicy/DomainAttributes/com.apple.siri.plist,ForegroundLinkConnection/AttributeGroups[0]/Attributes[5]
com.apple.siri,ForegroundLinkConnection,RBSJetsamPriorityGrant,Band,100,/System/Library/LifecyclePolicy/DomainAttributes/com.apple.siri.plist,ForegroundLinkConnection/AttributeGroups[0]/Attributes[3]
com.apple.siri,ForegroundLinkConnection,RBSRunningReasonAttribute,RunningReason,20241,/System/Library/LifecyclePolicy/DomainAttributes/com.apple.siri.plist,ForegroundLinkConnection/AttributeGroups[0]/Attributes[7]
com.apple.siri,IntentStartupGrant,CompoundAny,,,/System/Library/LifecyclePolicy/DomainAttributes/com.apple.siri.plist,IntentStartupGrant/Restriction
com.apple.siri,IntentStartupGrant,OriginatorEntitlement,Entitlement,com.apple.assertiond.system-shell,/System/Library/LifecyclePolicy/DomainAttributes/com.apple.siri.plist,IntentStartupGrant/Restriction/Restrictions[1]
com.apple.siri,IntentStartupGrant,OriginatorEntitlement,Entitlement,com.apple.private.xpc.launchd.app-server,/System/Library/LifecyclePolicy/DomainAttributes/com.apple.siri.plist,IntentStartupGrant/Restriction/Restrictions[0]
com.apple.siri,IntentStartupGrant,OriginatorEntitlement,Entitlement,com.apple.runningboard.launchprocess,/System/Library/LifecyclePolicy/DomainAttributes/com.apple.siri.plist,IntentStartupGrant/Restriction/Restrictions[2]
com.apple.siri,IntentStartupGrant,RBSAcquisitionCompletionAttribute,CompletionPolicy,RBSAcquisitionCompletionPolicyAfterApplication,/System/Library/LifecyclePolicy/DomainAttributes/com.apple.siri.plist,IntentStartupGrant/AttributeGroups[0]/Attributes[4]
com.apple.siri,IntentStartupGrant,RBSCPUAccessGrant,Role,RBSRoleUserInteractive,/System/Library/LifecyclePolicy/DomainAttributes/com.apple.siri.plist,IntentStartupGrant/AttributeGroups[0]/Attributes[1]
com.apple.siri,IntentStartupGrant,RBSCoalitionLevelGrant,CoalitionLevel,RBSCoalitionLevelHigh,/System/Library/LifecyclePolicy/DomainAttributes/com.apple.siri.plist,IntentStartupGrant/AttributeGroups[0]/Attributes[2]
com.apple.siri,IntentStartupGrant,RBSDurationAttribute,EndPolicy,RBSDurationEndPolicyInvalidate,/System/Library/LifecyclePolicy/DomainAttributes/com.apple.siri.plist,IntentStartupGrant/AttributeGroups[0]/Attributes[0]
com.apple.siri,IntentStartupGrant,RBSDurationAttribute,InvalidationDuration,32,/System/Library/LifecyclePolicy/DomainAttributes/com.apple.siri.plist,IntentStartupGrant/AttributeGroups[0]/Attributes[0]
com.apple.siri,IntentStartupGrant,RBSDurationAttribute,StartPolicy,RBSDurationStartPolicyFixed,/System/Library/LifecyclePolicy/DomainAttributes/com.apple.siri.plist,IntentStartupGrant/AttributeGroups[0]/Attributes[0]
com.apple.siri,IntentStartupGrant,RBSDurationAttribute,WarningDuration,10,/System/Library/LifecyclePolicy/DomainAttributes/com.apple.siri.plist,IntentStartupGrant/AttributeGroups[0]/Attributes[0]
com.apple.siri,IntentStartupGrant,RBSGPUAccessGrant,Role,RBSGPURoleBackground,/System/Library/LifecyclePolicy/DomainAttributes/com.apple.siri.plist,IntentStartupGrant/AttributeGroups[0]/Attributes[3]
com.apple.siri,IntentStartupGrant,RBSRunningReasonAttribute,RunningReason,20219,/System/Library/LifecyclePolicy/DomainAttributes/com.apple.siri.plist,IntentStartupGrant/AttributeGroups[0]/Attributes[5]
com.apple.siri,MediaQuotationIntentHandler,OriginatorEntitlement,Entitlement,com.apple.runningboard.assertions.siri,/System/Library/LifecyclePolicy/DomainAttributes/com.apple.siri.plist,MediaQuotationIntentHandler/Restriction
com.apple.siri,MediaQuotationIntentHandler,RBSCPUAccessGrant,Role,RBSRoleBackground,/System/Library/LifecyclePolicy/DomainAttributes/com.apple.siri.plist,MediaQuotationIntentHandler/AttributeGroups[0]/Attributes[0]
com.apple.siri,MediaQuotationIntentHandler,RBSRunningReasonAttribute,RunningReason,20220,/System/Library/LifecyclePolicy/DomainAttributes/com.apple.siri.plist,MediaQuotationIntentHandler/AttributeGroups[0]/Attributes[1]
com.apple.siri,PlaySound,OriginatorEntitlement,Entitlement,com.apple.runningboard.assertions.siri,/System/Library/LifecyclePolicy/DomainAttributes/com.apple.siri.plist,PlaySound/Restriction
com.apple.siri,PlaySound,RBSCPUAccessGrant,Role,RBSRoleBackground,/System/Library/LifecyclePolicy/DomainAttributes/com.apple.siri.plist,PlaySound/AttributeGroups[0]/Attributes[1]
com.apple.siri,PlaySound,RBSDurationAttribute,EndPolicy,RBSDurationEndPolicyInvalidate,/System/Library/LifecyclePolicy/DomainAttributes/com.apple.siri.plist,PlaySound/AttributeGroups[0]/Attributes[0]
com.apple.siri,PlaySound,RBSDurationAttribute,InvalidationDuration,5,/System/Library/LifecyclePolicy/DomainAttributes/com.apple.siri.plist,PlaySound/AttributeGroups[0]/Attributes[0]
com.apple.siri,PlaySound,RBSDurationAttribute,StartPolicy,RBSDurationStartPolicyDelayedRelative,/System/Library/LifecyclePolicy/DomainAttributes/com.apple.siri.plist,PlaySound/AttributeGroups[0]/Attributes[0]
com.apple.siri,PlaySound,RBSDurationAttribute,WarningDuration,1,/System/Library/LifecyclePolicy/DomainAttributes/com.apple.siri.plist,PlaySound/AttributeGroups[0]/Attributes[0]
com.apple.siri,PlaySound,RBSJetsamPriorityGrant,Band,40,/System/Library/LifecyclePolicy/DomainAttributes/com.apple.siri.plist,PlaySound/AttributeGroups[0]/Attributes[2]
com.apple.siri,PlaySound,RBSPreserveBaseMemoryGrant,,,/System/Library/LifecyclePolicy/DomainAttributes/com.apple.siri.plist,PlaySound/AttributeGroups[0]/Attributes[3]
com.apple.siri,PlaySound,RBSRunningReasonAttribute,RunningReason,20237,/System/Library/LifecyclePolicy/DomainAttributes/com.apple.siri.plist,PlaySound/AttributeGroups[0]/Attributes[4]
com.apple.sociallayer,CollaborationHandshake,OriginatorEntitlement,Entitlement,com.apple.runningboard.assertions.sociallayer,/System/Library/LifecyclePolicy/DomainAttributes/com.apple.sociallayer.plist,CollaborationHandshake/Restriction
com.apple.sociallayer,CollaborationHandshake,RBSAcquisitionCompletionAttribute,CompletionPolicy,RBSAcquisitionCompletionPolicyAfterApplication,/System/Library/LifecyclePolicy/DomainAttributes/com.apple.sociallayer.plist,CollaborationHandshake/AttributeGroups[0]/Attributes[7]
com.apple.sociallayer,CollaborationHandshake,RBSBaseMemoryGrant,Category,Active,/System/Library/LifecyclePolicy/DomainAttributes/com.apple.sociallayer.plist,CollaborationHandshake/AttributeGroups[0]/Attributes[3]
com.apple.sociallayer,CollaborationHandshake,RBSBaseMemoryGrant,Strength,RBSMemoryLimitStrengthSoft,/System/Library/LifecyclePolicy/DomainAttributes/com.apple.sociallayer.plist,CollaborationHandshake/AttributeGroups[0]/Attributes[3]
com.apple.sociallayer,CollaborationHandshake,RBSCPUAccessGrant,Role,RBSRoleNonUserInteractive,/System/Library/LifecyclePolicy/DomainAttributes/com.apple.sociallayer.plist,CollaborationHandshake/AttributeGroups[0]/Attributes[1]
com.apple.sociallayer,CollaborationHandshake,RBSDefineRelativeStartTimeGrant,,,/System/Library/LifecyclePolicy/DomainAttributes/com.apple.sociallayer.plist,CollaborationHandshake/AttributeGroups[0]/Attributes[6]
com.apple.sociallayer,CollaborationHandshake,RBSDurationAttribute,EndPolicy,RBSDurationEndPolicyInvalidate,/System/Library/LifecyclePolicy/DomainAttributes/com.apple.sociallayer.plist,CollaborationHandshake/AttributeGroups[0]/Attributes[0]
com.apple.sociallayer,CollaborationHandshake,RBSDurationAttribute,InvalidationDuration,120,/System/Library/LifecyclePolicy/DomainAttributes/com.apple.sociallayer.plist,CollaborationHandshake/AttributeGroups[0]/Attributes[0]
com.apple.sociallayer,CollaborationHandshake,RBSDurationAttribute,StartPolicy,RBSDurationStartPolicyFixed,/System/Library/LifecyclePolicy/DomainAttributes/com.apple.sociallayer.plist,CollaborationHandshake/AttributeGroups[0]/Attributes[0]
com.apple.sociallayer,CollaborationHandshake,RBSDurationAttribute,WarningDuration,0,/System/Library/LifecyclePolicy/DomainAttributes/com.apple.sociallayer.plist,CollaborationHandshake/AttributeGroups[0]/Attributes[0]
com.apple.sociallayer,CollaborationHandshake,RBSJetsamPriorityGrant,Band,40,/System/Library/LifecyclePolicy/DomainAttributes/com.apple.sociallayer.plist,CollaborationHandshake/AttributeGroups[0]/Attributes[2]
com.apple.sociallayer,CollaborationHandshake,RBSPreventIdleSleepGrant,,,/System/Library/LifecyclePolicy/DomainAttributes/com.apple.sociallayer.plist,CollaborationHandshake/AttributeGroups[0]/Attributes[5]
com.apple.sociallayer,CollaborationHandshake,RBSResistTerminationGrant,Resistance,RBSTerminationResistanceInteractive,/System/Library/LifecyclePolicy/DomainAttributes/com.apple.sociallayer.plist,CollaborationHandshake/AttributeGroups[0]/Attributes[4]
com.apple.sociallayer,CollaborationHandshake,RBSRunningReasonAttribute,RunningReason,20226,/System/Library/LifecyclePolicy/DomainAttributes/com.apple.sociallayer.plist,CollaborationHandshake/AttributeGroups[0]/Attributes[8]
com.apple.sonic.backgroundtask,SonicBackgroundTask,OriginatorEntitlement,Entitlement,com.apple.runningboard.sonic,/System/Library/LifecyclePolicy/DomainAttributes/com.apple.sonic.backgroundtask.plist,SonicBackgroundTask/Restriction
com.apple.sonic.backgroundtask,SonicBackgroundTask,RBSAcquisitionCompletionAttribute,CompletionPolicy,RBSAcquisitionCompletionPolicyAfterApplication,/System/Library/LifecyclePolicy/DomainAttributes/com.apple.sonic.backgroundtask.plist,SonicBackgroundTask/AttributeGroups[0]/Attributes[6]
com.apple.sonic.backgroundtask,SonicBackgroundTask,RBSBaseMemoryGrant,Category,Active,/System/Library/LifecyclePolicy/DomainAttributes/com.apple.sonic.backgroundtask.plist,SonicBackgroundTask/AttributeGroups[0]/Attributes[4]
com.apple.sonic.backgroundtask,SonicBackgroundTask,RBSBaseMemoryGrant,Strength,RBSMemoryLimitStrengthSoft,/System/Library/LifecyclePolicy/DomainAttributes/com.apple.sonic.backgroundtask.plist,SonicBackgroundTask/AttributeGroups[0]/Attributes[4]
com.apple.sonic.backgroundtask,SonicBackgroundTask,RBSCPUAccessGrant,Role,RBSRoleNonUserInteractive,/System/Library/LifecyclePolicy/DomainAttributes/com.apple.sonic.backgroundtask.plist,SonicBackgroundTask/AttributeGroups[0]/Attributes[1]
com.apple.sonic.backgroundtask,SonicBackgroundTask,RBSCoalitionLevelGrant,CoalitionLevel,RBSCoalitionLevelHigh,/System/Library/LifecyclePolicy/DomainAttributes/com.apple.sonic.backgroundtask.plist,SonicBackgroundTask/AttributeGroups[0]/Attributes[2]
com.apple.sonic.backgroundtask,SonicBackgroundTask,RBSDurationAttribute,EndPolicy,RBSDurationEndPolicyInvalidate,/System/Library/LifecyclePolicy/DomainAttributes/com.apple.sonic.backgroundtask.plist,SonicBackgroundTask/AttributeGroups[0]/Attributes[0]
com.apple.sonic.backgroundtask,SonicBackgroundTask,RBSDurationAttribute,InvalidationDuration,30,/System/Library/LifecyclePolicy/DomainAttributes/com.apple.sonic.backgroundtask.plist,SonicBackgroundTask/AttributeGroups[0]/Attributes[0]
com.apple.sonic.backgroundtask,SonicBackgroundTask,RBSDurationAttribute,StartPolicy,RBSDurationStartPolicyFixed,/System/Library/LifecyclePolicy/DomainAttributes/com.apple.sonic.backgroundtask.plist,SonicBackgroundTask/AttributeGroups[0]/Attributes[0]
com.apple.sonic.backgroundtask,SonicBackgroundTask,RBSDurationAttribute,WarningDuration,5,/System/Library/LifecyclePolicy/DomainAttributes/com.apple.sonic.backgroundtask.plist,SonicBackgroundTask/AttributeGroups[0]/Attributes[0]
com.apple.sonic.backgroundtask,SonicBackgroundTask,RBSJetsamPriorityGrant,Band,100,/System/Library/LifecyclePolicy/DomainAttributes/com.apple.sonic.backgroundtask.plist,SonicBackgroundTask/AttributeGroups[0]/Attributes[3]
com.apple.sonic.backgroundtask,SonicBackgroundTask,RBSResistTerminationGrant,Resistance,RBSTerminationResistanceInteractive,/System/Library/LifecyclePolicy/DomainAttributes/com.apple.sonic.backgroundtask.plist,SonicBackgroundTask/AttributeGroups[0]/Attributes[5]
com.apple.sonic.backgroundtask,SonicBackgroundTask,RBSRunningReasonAttribute,RunningReason,20501,/System/Library/LifecyclePolicy/DomainAttributes/com.apple.sonic.backgroundtask.plist,SonicBackgroundTask/AttributeGroups[0]/Attributes[7]
com.apple.speed,NetworkPerformanceTest,OriginatorEntitlement,Entitlement,com.apple.private.network-performance-tester,/System/Library/LifecyclePolicy/DomainAttributes/com.apple.speed.plist,NetworkPerformanceTest/Restriction
com.apple.speed,NetworkPerformanceTest,RBSBaseMemoryGrant,Category,Active,/System/Library/LifecyclePolicy/DomainAttributes/com.apple.speed.plist,NetworkPerformanceTest/AttributeGroups[0]/Attributes[4]
com.apple.speed,NetworkPerformanceTest,RBSBaseMemoryGrant,Strength,RBSMemoryLimitStrengthSoft,/System/Library/LifecyclePolicy/DomainAttributes/com.apple.speed.plist,NetworkPerformanceTest/AttributeGroups[0]/Attributes[4]
com.apple.speed,NetworkPerformanceTest,RBSCPUAccessGrant,Role,RBSRoleUserInteractiveFocal,/System/Library/LifecyclePolicy/DomainAttributes/com.apple.speed.plist,NetworkPerformanceTest/AttributeGroups[0]/Attributes[1]
com.apple.speed,NetworkPerformanceTest,RBSCoalitionLevelGrant,CoalitionLevel,RBSCoalitionLevelHigh,/System/Library/LifecyclePolicy/DomainAttributes/com.apple.speed.plist,NetworkPerformanceTest/AttributeGroups[0]/Attributes[2]
com.apple.speed,NetworkPerformanceTest,RBSDefineRelativeStartTimeGrant,,,/System/Library/LifecyclePolicy/DomainAttributes/com.apple.speed.plist,NetworkPerformanceTest/AttributeGroups[0]/Attributes[7]
com.apple.speed,NetworkPerformanceTest,RBSDurationAttribute,EndPolicy,RBSDurationEndPolicyInvalidate,/System/Library/LifecyclePolicy/DomainAttributes/com.apple.speed.plist,NetworkPerformanceTest/AttributeGroups[0]/Attributes[0]
com.apple.speed,NetworkPerformanceTest,RBSDurationAttribute,InvalidationDuration,300,/System/Library/LifecyclePolicy/DomainAttributes/com.apple.speed.plist,NetworkPerformanceTest/AttributeGroups[0]/Attributes[0]
com.apple.speed,NetworkPerformanceTest,RBSDurationAttribute,StartPolicy,RBSDurationStartPolicyFixed,/System/Library/LifecyclePolicy/DomainAttributes/com.apple.speed.plist,NetworkPerformanceTest/AttributeGroups[0]/Attributes[0]
com.apple.speed,NetworkPerformanceTest,RBSDurationAttribute,WarningDuration,15,/System/Library/LifecyclePolicy/DomainAttributes/com.apple.speed.plist,NetworkPerformanceTest/AttributeGroups[0]/Attributes[0]
com.apple.speed,NetworkPerformanceTest,RBSJetsamPriorityGrant,Band,100,/System/Library/LifecyclePolicy/DomainAttributes/com.apple.speed.plist,NetworkPerformanceTest/AttributeGroups[0]/Attributes[3]
com.apple.speed,NetworkPerformanceTest,RBSPreventIdleSleepGrant,,,/System/Library/LifecyclePolicy/DomainAttributes/com.apple.speed.plist,NetworkPerformanceTest/AttributeGroups[0]/Attributes[6]
com.apple.speed,NetworkPerformanceTest,RBSResistTerminationGrant,Resistance,RBSTerminationResistanceInteractive,/System/Library/LifecyclePolicy/DomainAttributes/com.apple.speed.plist,NetworkPerformanceTest/AttributeGroups[0]/Attributes[5]
com.apple.speed,NetworkPerformanceTest,RBSRunningReasonAttribute,RunningReason,20001.0,/System/Library/LifecyclePolicy/DomainAttributes/com.apple.speed.plist,NetworkPerformanceTest/AttributeGroups[0]/Attributes[8]
com.apple.swiftuitracingsupport,Trace,OriginatorEntitlement,Entitlement,com.apple.runningboard.swiftuitracingsupport,/System/Library/LifecyclePolicy/DomainAttributes/com.apple.swiftuitracingsupport.plist,Trace/Restriction
com.apple.swiftuitracingsupport,Trace,RBSAcquisitionCompletionAttribute,CompletionPolicy,RBSAcquisitionCompletionPolicyAfterApplication,/System/Library/LifecyclePolicy/DomainAttributes/com.apple.swiftuitracingsupport.plist,Trace/AttributeGroups[0]/Attributes[6]
com.apple.swiftuitracingsupport,Trace,RBSBaseMemoryGrant,Category,Active,/System/Library/LifecyclePolicy/DomainAttributes/com.apple.swiftuitracingsupport.plist,Trace/AttributeGroups[0]/Attributes[4]
com.apple.swiftuitracingsupport,Trace,RBSBaseMemoryGrant,Strength,RBSMemoryLimitStrengthSoft,/System/Library/LifecyclePolicy/DomainAttributes/com.apple.swiftuitracingsupport.plist,Trace/AttributeGroups[0]/Attributes[4]
com.apple.swiftuitracingsupport,Trace,RBSCPUAccessGrant,Role,RBSRoleNonUserInteractive,/System/Library/LifecyclePolicy/DomainAttributes/com.apple.swiftuitracingsupport.plist,Trace/AttributeGroups[0]/Attributes[1]
com.apple.swiftuitracingsupport,Trace,RBSCoalitionLevelGrant,CoalitionLevel,RBSCoalitionLevelHigh,/System/Library/LifecyclePolicy/DomainAttributes/com.apple.swiftuitracingsupport.plist,Trace/AttributeGroups[0]/Attributes[2]
com.apple.swiftuitracingsupport,Trace,RBSDurationAttribute,EndPolicy,RBSDurationEndPolicyInvalidate,/System/Library/LifecyclePolicy/DomainAttributes/com.apple.swiftuitracingsupport.plist,Trace/AttributeGroups[0]/Attributes[0]
com.apple.swiftuitracingsupport,Trace,RBSDurationAttribute,InvalidationDuration,300,/System/Library/LifecyclePolicy/DomainAttributes/com.apple.swiftuitracingsupport.plist,Trace/AttributeGroups[0]/Attributes[0]
com.apple.swiftuitracingsupport,Trace,RBSDurationAttribute,StartPolicy,RBSDurationStartPolicyFixed,/System/Library/LifecyclePolicy/DomainAttributes/com.apple.swiftuitracingsupport.plist,Trace/AttributeGroups[0]/Attributes[0]
com.apple.swiftuitracingsupport,Trace,RBSDurationAttribute,WarningDuration,10,/System/Library/LifecyclePolicy/DomainAttributes/com.apple.swiftuitracingsupport.plist,Trace/AttributeGroups[0]/Attributes[0]
com.apple.swiftuitracingsupport,Trace,RBSJetsamPriorityGrant,Band,100,/System/Library/LifecyclePolicy/DomainAttributes/com.apple.swiftuitracingsupport.plist,Trace/AttributeGroups[0]/Attributes[3]
com.apple.swiftuitracingsupport,Trace,RBSResistTerminationGrant,Resistance,RBSTerminationResistanceInteractive,/System/Library/LifecyclePolicy/DomainAttributes/com.apple.swiftuitracingsupport.plist,Trace/AttributeGroups[0]/Attributes[5]
com.apple.swiftuitracingsupport,Trace,RBSRunningReasonAttribute,RunningReason,20225,/System/Library/LifecyclePolicy/DomainAttributes/com.apple.swiftuitracingsupport.plist,Trace/AttributeGroups[0]/Attributes[7]
com.apple.taptoradar,RadarProcessing,OriginatorEntitlement,Entitlement,com.apple.runningboard.assertions.taptoradar,/System/Library/LifecyclePolicy/DomainAttributes/com.apple.taptoradar.plist,RadarProcessing/Restriction
com.apple.taptoradar,RadarProcessing,RBSCPUAccessGrant,Role,RBSRoleNonUserInteractive,/System/Library/LifecyclePolicy/DomainAttributes/com.apple.taptoradar.plist,RadarProcessing/AttributeGroups[0]/Attributes[0]
com.apple.taptoradar,RadarProcessing,RBSCoalitionLevelGrant,CoalitionLevel,RBSCoalitionLevelHigh,/System/Library/LifecyclePolicy/DomainAttributes/com.apple.taptoradar.plist,RadarProcessing/AttributeGroups[0]/Attributes[1]
com.apple.taptoradar,RadarProcessing,RBSDefineRelativeStartTimeGrant,,,/System/Library/LifecyclePolicy/DomainAttributes/com.apple.taptoradar.plist,RadarProcessing/AttributeGroups[0]/Attributes[5]
com.apple.taptoradar,RadarProcessing,RBSJetsamPriorityGrant,Band,40,/System/Library/LifecyclePolicy/DomainAttributes/com.apple.taptoradar.plist,RadarProcessing/AttributeGroups[0]/Attributes[2]
com.apple.taptoradar,RadarProcessing,RBSPreserveBaseMemoryGrant,,,/System/Library/LifecyclePolicy/DomainAttributes/com.apple.taptoradar.plist,RadarProcessing/AttributeGroups[0]/Attributes[3]
com.apple.taptoradar,RadarProcessing,RBSResistTerminationGrant,Resistance,RBSTerminationResistanceInteractive,/System/Library/LifecyclePolicy/DomainAttributes/com.apple.taptoradar.plist,RadarProcessing/AttributeGroups[0]/Attributes[4]
com.apple.taptoradar,RadarProcessing,RBSRunningReasonAttribute,RunningReason,10004,/System/Library/LifecyclePolicy/DomainAttributes/com.apple.taptoradar.plist,RadarProcessing/AttributeGroups[0]/Attributes[7]
com.apple.taptoradar,RadarProcessing,RBSTagAttribute,Tag,SupportsBackgroundAudio,/System/Library/LifecyclePolicy/DomainAttributes/com.apple.taptoradar.plist,RadarProcessing/AttributeGroups[0]/Attributes[6]
com.apple.testing,KeepTargetRunning,OriginatorEntitlement,Entitlement,com.apple.runningboard.testing,/System/Library/LifecyclePolicy/DomainAttributes/com.apple.testing.plist,KeepTargetRunning/Restriction
com.apple.testing,KeepTargetRunning,RBSBaseMemoryGrant,Category,Active,/System/Library/LifecyclePolicy/DomainAttributes/com.apple.testing.plist,KeepTargetRunning/AttributeGroups[0]/Attributes[5]
com.apple.testing,KeepTargetRunning,RBSBaseMemoryGrant,Strength,RBSMemoryLimitStrengthSoft,/System/Library/LifecyclePolicy/DomainAttributes/com.apple.testing.plist,KeepTargetRunning/AttributeGroups[0]/Attributes[5]
com.apple.testing,KeepTargetRunning,RBSCPUAccessGrant,Role,RBSRoleUserInteractiveFocal,/System/Library/LifecyclePolicy/DomainAttributes/com.apple.testing.plist,KeepTargetRunning/AttributeGroups[0]/Attributes[2]
com.apple.testing,KeepTargetRunning,RBSCoalitionLevelGrant,CoalitionLevel,RBSCoalitionLevelHigh,/System/Library/LifecyclePolicy/DomainAttributes/com.apple.testing.plist,KeepTargetRunning/AttributeGroups[0]/Attributes[3]
com.apple.testing,KeepTargetRunning,RBSDefineRelativeStartTimeGrant,,,/System/Library/LifecyclePolicy/DomainAttributes/com.apple.testing.plist,KeepTargetRunning/AttributeGroups[0]/Attributes[0]
com.apple.testing,KeepTargetRunning,RBSGPUAccessGrant,Role,RBSGPURoleBackground,/System/Library/LifecyclePolicy/DomainAttributes/com.apple.testing.plist,KeepTargetRunning/AttributeGroups[0]/Attributes[1]
com.apple.testing,KeepTargetRunning,RBSJetsamPriorityGrant,Band,100,/System/Library/LifecyclePolicy/DomainAttributes/com.apple.testing.plist,KeepTargetRunning/AttributeGroups[0]/Attributes[4]
com.apple.testing,KeepTargetRunning,RBSResistTerminationGrant,Resistance,RBSTerminationResistanceInteractive,/System/Library/LifecyclePolicy/DomainAttributes/com.apple.testing.plist,KeepTargetRunning/AttributeGroups[0]/Attributes[6]
com.apple.testing,KeepTargetRunning,RBSRunningReasonAttribute,RunningReason,20018,/System/Library/LifecyclePolicy/DomainAttributes/com.apple.testing.plist,KeepTargetRunning/AttributeGroups[0]/Attributes[7]
com.apple.uikit,SaveDocument,RBSCPUAccessGrant,Role,RBSRoleBackground,/System/Library/LifecyclePolicy/DomainAttributes/com.apple.uikit.plist,SaveDocument/AttributeGroups[0]/Attributes[1]
com.apple.uikit,SaveDocument,RBSDurationAttribute,EndPolicy,RBSDurationEndPolicyInvalidate,/System/Library/LifecyclePolicy/DomainAttributes/com.apple.uikit.plist,SaveDocument/AttributeGroups[0]/Attributes[0]
com.apple.uikit,SaveDocument,RBSDurationAttribute,InvalidationDuration,180,/System/Library/LifecyclePolicy/DomainAttributes/com.apple.uikit.plist,SaveDocument/AttributeGroups[0]/Attributes[0]
com.apple.uikit,SaveDocument,RBSDurationAttribute,StartPolicy,RBSDurationStartPolicyDelayedRelative,/System/Library/LifecyclePolicy/DomainAttributes/com.apple.uikit.plist,SaveDocument/AttributeGroups[0]/Attributes[0]
com.apple.uikit,SaveDocument,RBSDurationAttribute,WarningDuration,5,/System/Library/LifecyclePolicy/DomainAttributes/com.apple.uikit.plist,SaveDocument/AttributeGroups[0]/Attributes[0]
com.apple.uikit,SaveDocument,RBSJetsamPriorityGrant,Band,40,/System/Library/LifecyclePolicy/DomainAttributes/com.apple.uikit.plist,SaveDocument/AttributeGroups[0]/Attributes[2]
com.apple.uikit,SaveDocument,RBSPreserveBaseMemoryGrant,,,/System/Library/LifecyclePolicy/DomainAttributes/com.apple.uikit.plist,SaveDocument/AttributeGroups[0]/Attributes[3]
com.apple.uikit,SaveDocument,RBSRunningReasonAttribute,RunningReason,20221,/System/Library/LifecyclePolicy/DomainAttributes/com.apple.uikit.plist,SaveDocument/AttributeGroups[0]/Attributes[4]
com.apple.uikit,ViewService-AppSession,CompoundAll,,,/System/Library/LifecyclePolicy/DomainAttributes/com.apple.uikit.plist,ViewService-AppSession/Restriction
com.apple.uikit,ViewService-AppSession,CompoundNone,,,/System/Library/LifecyclePolicy/DomainAttributes/com.apple.uikit.plist,ViewService-AppSession/Restriction/Restrictions[1]
com.apple.uikit,ViewService-AppSession,RBSCPUAccessGrant,Role,RBSRoleUserInteractiveNonFocal,/System/Library/LifecyclePolicy/DomainAttributes/com.apple.uikit.plist,ViewService-AppSession/AttributeGroups[0]/Attributes[0]
com.apple.uikit,ViewService-AppSession,RBSDefineRelativeStartTimeGrant,,,/System/Library/LifecyclePolicy/DomainAttributes/com.apple.uikit.plist,ViewService-AppSession/AttributeGroups[0]/Attributes[5]
com.apple.uikit,ViewService-AppSession,RBSGPUAccessGrant,Role,RBSGPURoleBackground,/System/Library/LifecyclePolicy/DomainAttributes/com.apple.uikit.plist,ViewService-AppSession/AttributeGroups[0]/Attributes[3]
com.apple.uikit,ViewService-AppSession,RBSJetsamPriorityGrant,Band,80,/System/Library/LifecyclePolicy/DomainAttributes/com.apple.uikit.plist,ViewService-AppSession/AttributeGroups[0]/Attributes[1]
com.apple.uikit,ViewService-AppSession,RBSMimicTaskSuspensionAttribute,,,/System/Library/LifecyclePolicy/DomainAttributes/com.apple.uikit.plist,ViewService-AppSession/AttributeGroups[0]/Attributes[6]
com.apple.uikit,ViewService-AppSession,RBSPreserveBaseMemoryGrant,,,/System/Library/LifecyclePolicy/DomainAttributes/com.apple.uikit.plist,ViewService-AppSession/AttributeGroups[0]/Attributes[2]
com.apple.uikit,ViewService-AppSession,RBSResistTerminationGrant,Resistance,RBSTerminationResistanceInteractive,/System/Library/LifecyclePolicy/DomainAttributes/com.apple.uikit.plist,ViewService-AppSession/AttributeGroups[0]/Attributes[4]
com.apple.uikit,ViewService-AppSession,RBSRunningReasonAttribute,RunningReason,9,/System/Library/LifecyclePolicy/DomainAttributes/com.apple.uikit.plist,ViewService-AppSession/AttributeGroups[0]/Attributes[7]
com.apple.uikit,ViewService-AppSession,TargetEntitlement,Entitlement,com.apple.UIKit.vends-view-services,/System/Library/LifecyclePolicy/DomainAttributes/com.apple.uikit.plist,ViewService-AppSession/Restriction/Restrictions[0]
com.apple.uikit,ViewService-AppSession,TargetsSelf,,,/System/Library/LifecyclePolicy/DomainAttributes/com.apple.uikit.plist,ViewService-AppSession/Restriction/Restrictions[1]/Restrictions[0]
com.apple.uikit,ViewService-ExtensionSession,CompoundAll,,,/System/Library/LifecyclePolicy/DomainAttributes/com.apple.uikit.plist,ViewService-ExtensionSession/Restriction
com.apple.uikit,ViewService-ExtensionSession,CompoundNone,,,/System/Library/LifecyclePolicy/DomainAttributes/com.apple.uikit.plist,ViewService-ExtensionSession/Restriction/Restrictions[1]
com.apple.uikit,ViewService-ExtensionSession,RBSBaseMemoryGrant,Category,Active,/System/Library/LifecyclePolicy/DomainAttributes/com.apple.uikit.plist,ViewService-ExtensionSession/AttributeGroups[0]/Attributes[2]
com.apple.uikit,ViewService-ExtensionSession,RBSBaseMemoryGrant,Strength,RBSMemoryLimitStrengthSoft,/System/Library/LifecyclePolicy/DomainAttributes/com.apple.uikit.plist,ViewService-ExtensionSession/AttributeGroups[0]/Attributes[2]
com.apple.uikit,ViewService-ExtensionSession,RBSCPUAccessGrant,Role,RBSRoleUserInteractiveNonFocal,/System/Library/LifecyclePolicy/DomainAttributes/com.apple.uikit.plist,ViewService-ExtensionSession/AttributeGroups[0]/Attributes[0]
com.apple.uikit,ViewService-ExtensionSession,RBSDefineRelativeStartTimeGrant,,,/System/Library/LifecyclePolicy/DomainAttributes/com.apple.uikit.plist,ViewService-ExtensionSession/AttributeGroups[0]/Attributes[4]
com.apple.uikit,ViewService-ExtensionSession,RBSGPUAccessGrant,Role,RBSGPURoleBackground,/System/Library/LifecyclePolicy/DomainAttributes/com.apple.uikit.plist,ViewService-ExtensionSession/AttributeGroups[0]/Attributes[3]
com.apple.uikit,ViewService-ExtensionSession,RBSJetsamPriorityGrant,Band,100,/System/Library/LifecyclePolicy/DomainAttributes/com.apple.uikit.plist,ViewService-ExtensionSession/AttributeGroups[0]/Attributes[1]
com.apple.uikit,ViewService-ExtensionSession,RBSMimicTaskSuspensionAttribute,,,/System/Library/LifecyclePolicy/DomainAttributes/com.apple.uikit.plist,ViewService-ExtensionSession/AttributeGroups[0]/Attributes[5]
com.apple.uikit,ViewService-ExtensionSession,RBSRunningReasonAttribute,RunningReason,13,/System/Library/LifecyclePolicy/DomainAttributes/com.apple.uikit.plist,ViewService-ExtensionSession/AttributeGroups[0]/Attributes[6]
com.apple.uikit,ViewService-ExtensionSession,TargetProperty,Property,IsExtension,/System/Library/LifecyclePolicy/DomainAttributes/com.apple.uikit.plist,ViewService-ExtensionSession/Restriction/Restrictions[0]
com.apple.uikit,ViewService-ExtensionSession,TargetProperty,Value,true,/System/Library/LifecyclePolicy/DomainAttributes/com.apple.uikit.plist,ViewService-ExtensionSession/Restriction/Restrictions[0]
com.apple.uikit,ViewService-ExtensionSession,TargetsSelf,,,/System/Library/LifecyclePolicy/DomainAttributes/com.apple.uikit.plist,ViewService-ExtensionSession/Restriction/Restrictions[1]/Restrictions[0]
com.apple.underlying,UnderlyingDarwinRoleUI,OriginatorEntitlement,Entitlement,com.apple.runningboard.underlyingassertion,/System/Library/LifecyclePolicy/DomainAttributes/com.apple.underlying.plist,UnderlyingDarwinRoleUI/Restriction
com.apple.underlying,UnderlyingDarwinRoleUI,RBSCPUAccessGrant,Role,RBSRoleUserInteractiveNonFocal,/System/Library/LifecyclePolicy/DomainAttributes/com.apple.underlying.plist,UnderlyingDarwinRoleUI/AttributeGroups[0]/Attributes[0]
com.apple.underlying,UnderlyingDarwinRoleUI,RBSCoalitionLevelGrant,CoalitionLevel,RBSCoalitionLevelHigh,/System/Library/LifecyclePolicy/DomainAttributes/com.apple.underlying.plist,UnderlyingDarwinRoleUI/AttributeGroups[0]/Attributes[1]
com.apple.underlying,UnderlyingDarwinRoleUI,RBSRunningReasonAttribute,RunningReason,20209,/System/Library/LifecyclePolicy/DomainAttributes/com.apple.underlying.plist,UnderlyingDarwinRoleUI/AttributeGroups[0]/Attributes[2]
com.apple.underlying,UnderlyingForegroundApp,OriginatorEntitlement,Entitlement,com.apple.runningboard.underlyingassertion,/System/Library/LifecyclePolicy/DomainAttributes/com.apple.underlying.plist,UnderlyingForegroundApp/Restriction
com.apple.underlying,UnderlyingForegroundApp,RBSBaseMemoryGrant,Category,Active,/System/Library/LifecyclePolicy/DomainAttributes/com.apple.underlying.plist,UnderlyingForegroundApp/AttributeGroups[0]/Attributes[3]
com.apple.underlying,UnderlyingForegroundApp,RBSBaseMemoryGrant,Strength,RBSMemoryLimitStrengthSoft,/System/Library/LifecyclePolicy/DomainAttributes/com.apple.underlying.plist,UnderlyingForegroundApp/AttributeGroups[0]/Attributes[3]
com.apple.underlying,UnderlyingForegroundApp,RBSCPUAccessGrant,Role,RBSRoleUserInteractiveFocal,/System/Library/LifecyclePolicy/DomainAttributes/com.apple.underlying.plist,UnderlyingForegroundApp/AttributeGroups[0]/Attributes[0]
com.apple.underlying,UnderlyingForegroundApp,RBSCoalitionLevelGrant,CoalitionLevel,RBSCoalitionLevelHigh,/System/Library/LifecyclePolicy/DomainAttributes/com.apple.underlying.plist,UnderlyingForegroundApp/AttributeGroups[0]/Attributes[1]
com.apple.underlying,UnderlyingForegroundApp,RBSDefineRelativeStartTimeGrant,,,/System/Library/LifecyclePolicy/DomainAttributes/com.apple.underlying.plist,UnderlyingForegroundApp/AttributeGroups[0]/Attributes[6]
com.apple.underlying,UnderlyingForegroundApp,RBSGPUAccessGrant,Role,RBSGPURoleUserInteractiveFocal,/System/Library/LifecyclePolicy/DomainAttributes/com.apple.underlying.plist,UnderlyingForegroundApp/AttributeGroups[0]/Attributes[4]
com.apple.underlying,UnderlyingForegroundApp,RBSJetsamPriorityGrant,Band,100,/System/Library/LifecyclePolicy/DomainAttributes/com.apple.underlying.plist,UnderlyingForegroundApp/AttributeGroups[0]/Attributes[2]
com.apple.underlying,UnderlyingForegroundApp,RBSResistTerminationGrant,Resistance,RBSTerminationResistanceInteractive,/System/Library/LifecyclePolicy/DomainAttributes/com.apple.underlying.plist,UnderlyingForegroundApp/AttributeGroups[0]/Attributes[5]
com.apple.underlying,UnderlyingForegroundApp,RBSRunningReasonAttribute,RunningReason,20208,/System/Library/LifecyclePolicy/DomainAttributes/com.apple.underlying.plist,UnderlyingForegroundApp/AttributeGroups[0]/Attributes[7]
com.apple.underlying,defaultUnderlyingAppAssertion,RBSAppNapInactiveGrant,,,/System/Library/LifecyclePolicy/DomainAttributes/com.apple.underlying.plist,defaultUnderlyingAppAssertion/AttributeGroups[0]/Attributes[1]
com.apple.underlying,defaultUnderlyingAppAssertion,RBSAppNapPreventBackgroundSocketsGrant,,,/System/Library/LifecyclePolicy/DomainAttributes/com.apple.underlying.plist,defaultUnderlyingAppAssertion/AttributeGroups[0]/Attributes[2]
com.apple.underlying,defaultUnderlyingAppAssertion,RBSAppNapPreventDiskThrottleGrant,,,/System/Library/LifecyclePolicy/DomainAttributes/com.apple.underlying.plist,defaultUnderlyingAppAssertion/AttributeGroups[0]/Attributes[3]
com.apple.underlying,defaultUnderlyingAppAssertion,RBSAppNapPreventLowPriorityCPUGrant,,,/System/Library/LifecyclePolicy/DomainAttributes/com.apple.underlying.plist,defaultUnderlyingAppAssertion/AttributeGroups[0]/Attributes[4]
com.apple.underlying,defaultUnderlyingAppAssertion,RBSAppNapPreventSuppressedCPUGrant,,,/System/Library/LifecyclePolicy/DomainAttributes/com.apple.underlying.plist,defaultUnderlyingAppAssertion/AttributeGroups[0]/Attributes[5]
com.apple.underlying,defaultUnderlyingAppAssertion,RBSAppNapPreventTimerThrottleGrant,Tier,RBSAppNapPreventTimerThrottleTier0,/System/Library/LifecyclePolicy/DomainAttributes/com.apple.underlying.plist,defaultUnderlyingAppAssertion/AttributeGroups[0]/Attributes[6]
com.apple.underlying,defaultUnderlyingAppAssertion,RBSCPUAccessGrant,Role,RBSRoleBackground,/System/Library/LifecyclePolicy/DomainAttributes/com.apple.underlying.plist,defaultUnderlyingAppAssertion/AttributeGroups[1]/Attributes[1]
com.apple.underlying,defaultUnderlyingAppAssertion,RBSDurationAttribute,EndPolicy,RBSDurationEndPolicyInvalidate,/System/Library/LifecyclePolicy/DomainAttributes/com.apple.underlying.plist,defaultUnderlyingAppAssertion/AttributeGroups[0]/Attributes[0]
com.apple.underlying,defaultUnderlyingAppAssertion,RBSDurationAttribute,EndPolicy,RBSDurationEndPolicyInvalidate,/System/Library/LifecyclePolicy/DomainAttributes/com.apple.underlying.plist,defaultUnderlyingAppAssertion/AttributeGroups[1]/Attributes[0]
com.apple.underlying,defaultUnderlyingAppAssertion,RBSDurationAttribute,InvalidationDuration,30,/System/Library/LifecyclePolicy/DomainAttributes/com.apple.underlying.plist,defaultUnderlyingAppAssertion/AttributeGroups[1]/Attributes[0]
com.apple.underlying,defaultUnderlyingAppAssertion,RBSDurationAttribute,InvalidationDuration,5,/System/Library/LifecyclePolicy/DomainAttributes/com.apple.underlying.plist,defaultUnderlyingAppAssertion/AttributeGroups[0]/Attributes[0]
com.apple.underlying,defaultUnderlyingAppAssertion,RBSDurationAttribute,StartPolicy,RBSDurationStartPolicyProcessStartRelative,/System/Library/LifecyclePolicy/DomainAttributes/com.apple.underlying.plist,defaultUnderlyingAppAssertion/AttributeGroups[0]/Attributes[0]
com.apple.underlying,defaultUnderlyingAppAssertion,RBSDurationAttribute,StartPolicy,RBSDurationStartPolicyProcessStartRelative,/System/Library/LifecyclePolicy/DomainAttributes/com.apple.underlying.plist,defaultUnderlyingAppAssertion/AttributeGroups[1]/Attributes[0]
com.apple.underlying,defaultUnderlyingAppAssertion,RBSDurationAttribute,WarningDuration,0,/System/Library/LifecyclePolicy/DomainAttributes/com.apple.underlying.plist,defaultUnderlyingAppAssertion/AttributeGroups[0]/Attributes[0]
com.apple.underlying,defaultUnderlyingAppAssertion,RBSDurationAttribute,WarningDuration,0,/System/Library/LifecyclePolicy/DomainAttributes/com.apple.underlying.plist,defaultUnderlyingAppAssertion/AttributeGroups[1]/Attributes[0]
com.apple.underlying,defaultUnderlyingAppAssertion,RBSRunningReasonAttribute,RunningReason,10005,/System/Library/LifecyclePolicy/DomainAttributes/com.apple.underlying.plist,defaultUnderlyingAppAssertion/AttributeGroups[0]/Attributes[8]
com.apple.underlying,defaultUnderlyingAppAssertion,RBSTagAttribute,Tag,SupportsBackgroundAudio,/System/Library/LifecyclePolicy/DomainAttributes/com.apple.underlying.plist,defaultUnderlyingAppAssertion/AttributeGroups[0]/Attributes[7]
com.apple.viewbridge,ViewServiceIsBackingRemoteView,OriginatorEntitlement,Entitlement,com.apple.runningboard.assertions.viewbridge,/System/Library/LifecyclePolicy/DomainAttributes/com.apple.viewbridge.plist,ViewServiceIsBackingRemoteView/Restriction
com.apple.viewbridge,ViewServiceIsBackingRemoteView,RBSCPUAccessGrant,Role,RBSRoleUserInteractiveNonFocal,/System/Library/LifecyclePolicy/DomainAttributes/com.apple.viewbridge.plist,ViewServiceIsBackingRemoteView/AttributeGroups[0]/Attributes[0]
com.apple.viewbridge,ViewServiceIsBackingRemoteView,RBSCoalitionLevelGrant,CoalitionLevel,RBSCoalitionLevelHigh,/System/Library/LifecyclePolicy/DomainAttributes/com.apple.viewbridge.plist,ViewServiceIsBackingRemoteView/AttributeGroups[0]/Attributes[1]
com.apple.viewbridge,ViewServiceIsBackingRemoteView,RBSDefineRelativeStartTimeGrant,,,/System/Library/LifecyclePolicy/DomainAttributes/com.apple.viewbridge.plist,ViewServiceIsBackingRemoteView/AttributeGroups[0]/Attributes[3]
com.apple.viewbridge,ViewServiceIsBackingRemoteView,RBSPreventIdleSleepGrant,,,/System/Library/LifecyclePolicy/DomainAttributes/com.apple.viewbridge.plist,ViewServiceIsBackingRemoteView/AttributeGroups[0]/Attributes[2]
com.apple.viewbridge,ViewServiceIsBackingRemoteView,RBSRunningReasonAttribute,RunningReason,10000,/System/Library/LifecyclePolicy/DomainAttributes/com.apple.viewbridge.plist,ViewServiceIsBackingRemoteView/AttributeGroups[0]/Attributes[5]
com.apple.viewbridge,ViewServiceIsBackingRemoteView,RBSTagAttribute,Tag,SupportsBackgroundAudio,/System/Library/LifecyclePolicy/DomainAttributes/com.apple.viewbridge.plist,ViewServiceIsBackingRemoteView/AttributeGroups[0]/Attributes[4]
com.apple.watchconnectivity,BackgroundDownload,OriginatorEntitlement,Entitlement,com.apple.runningboard.assertions.watchconnectivity,/System/Library/LifecyclePolicy/DomainAttributes/com.apple.watchconnectivity.plist,BackgroundDownload/Restriction
com.apple.watchconnectivity,BackgroundDownload,RBSCPUAccessGrant,Role,RBSRoleBackground,/System/Library/LifecyclePolicy/DomainAttributes/com.apple.watchconnectivity.plist,BackgroundDownload/AttributeGroups[0]/Attributes[1]
com.apple.watchconnectivity,BackgroundDownload,RBSDefineRelativeStartTimeGrant,,,/System/Library/LifecyclePolicy/DomainAttributes/com.apple.watchconnectivity.plist,BackgroundDownload/AttributeGroups[0]/Attributes[4]
com.apple.watchconnectivity,BackgroundDownload,RBSDurationAttribute,EndPolicy,RBSDurationEndPolicyInvalidate,/System/Library/LifecyclePolicy/DomainAttributes/com.apple.watchconnectivity.plist,BackgroundDownload/AttributeGroups[0]/Attributes[0]
com.apple.watchconnectivity,BackgroundDownload,RBSDurationAttribute,InvalidationDuration,30,/System/Library/LifecyclePolicy/DomainAttributes/com.apple.watchconnectivity.plist,BackgroundDownload/AttributeGroups[0]/Attributes[0]
com.apple.watchconnectivity,BackgroundDownload,RBSDurationAttribute,StartPolicy,RBSDurationStartPolicyFixed,/System/Library/LifecyclePolicy/DomainAttributes/com.apple.watchconnectivity.plist,BackgroundDownload/AttributeGroups[0]/Attributes[0]
com.apple.watchconnectivity,BackgroundDownload,RBSDurationAttribute,WarningDuration,5,/System/Library/LifecyclePolicy/DomainAttributes/com.apple.watchconnectivity.plist,BackgroundDownload/AttributeGroups[0]/Attributes[0]
com.apple.watchconnectivity,BackgroundDownload,RBSJetsamPriorityGrant,Band,40,/System/Library/LifecyclePolicy/DomainAttributes/com.apple.watchconnectivity.plist,BackgroundDownload/AttributeGroups[0]/Attributes[2]
com.apple.watchconnectivity,BackgroundDownload,RBSPreserveBaseMemoryGrant,,,/System/Library/LifecyclePolicy/DomainAttributes/com.apple.watchconnectivity.plist,BackgroundDownload/AttributeGroups[0]/Attributes[3]
com.apple.watchconnectivity,BackgroundDownload,RBSRunningReasonAttribute,RunningReason,11,/System/Library/LifecyclePolicy/DomainAttributes/com.apple.watchconnectivity.plist,BackgroundDownload/AttributeGroups[0]/Attributes[5]
com.apple.webkit,Background,CompoundAny,,,/System/Library/LifecyclePolicy/DomainAttributes/com.apple.webkit.plist,Background/Restriction
com.apple.webkit,Background,OriginatorEntitlement,Entitlement,com.apple.runningboard.assertions.webkit,/System/Library/LifecyclePolicy/DomainAttributes/com.apple.webkit.plist,Background/Restriction/Restrictions[1]
com.apple.webkit,Background,RBSCPUAccessGrant,Role,RBSRoleBackground,/System/Library/LifecyclePolicy/DomainAttributes/com.apple.webkit.plist,Background/AttributeGroups[0]/Attributes[1]
com.apple.webkit,Background,RBSDefineRelativeStartTimeGrant,,,/System/Library/LifecyclePolicy/DomainAttributes/com.apple.webkit.plist,Background/AttributeGroups[0]/Attributes[4]
com.apple.webkit,Background,RBSDurationAttribute,EndPolicy,RBSDurationEndPolicyInvalidate,/System/Library/LifecyclePolicy/DomainAttributes/com.apple.webkit.plist,Background/AttributeGroups[0]/Attributes[0]
com.apple.webkit,Background,RBSDurationAttribute,InvalidationDuration,30,/System/Library/LifecyclePolicy/DomainAttributes/com.apple.webkit.plist,Background/AttributeGroups[0]/Attributes[0]
com.apple.webkit,Background,RBSDurationAttribute,StartPolicy,RBSDurationStartPolicyFixed,/System/Library/LifecyclePolicy/DomainAttributes/com.apple.webkit.plist,Background/AttributeGroups[0]/Attributes[0]
com.apple.webkit,Background,RBSDurationAttribute,WarningDuration,5,/System/Library/LifecyclePolicy/DomainAttributes/com.apple.webkit.plist,Background/AttributeGroups[0]/Attributes[0]
com.apple.webkit,Background,RBSInvalidateUnderConditionAttribute,Condition,therm,/System/Library/LifecyclePolicy/DomainAttributes/com.apple.webkit.plist,Background/AttributeGroups[0]/Attributes[6]
com.apple.webkit,Background,RBSInvalidateUnderConditionAttribute,MinValue,830,/System/Library/LifecyclePolicy/DomainAttributes/com.apple.webkit.plist,Background/AttributeGroups[0]/Attributes[6]
com.apple.webkit,Background,RBSJetsamPriorityGrant,Band,40,/System/Library/LifecyclePolicy/DomainAttributes/com.apple.webkit.plist,Background/AttributeGroups[0]/Attributes[2]
com.apple.webkit,Background,RBSMimicTaskSuspensionAttribute,,,/System/Library/LifecyclePolicy/DomainAttributes/com.apple.webkit.plist,Background/AttributeGroups[0]/Attributes[5]
com.apple.webkit,Background,RBSPreserveBaseMemoryGrant,,,/System/Library/LifecyclePolicy/DomainAttributes/com.apple.webkit.plist,Background/AttributeGroups[0]/Attributes[3]
com.apple.webkit,Background,RBSRunningReasonAttribute,RunningReason,13,/System/Library/LifecyclePolicy/DomainAttributes/com.apple.webkit.plist,Background/AttributeGroups[0]/Attributes[8]
com.apple.webkit,Background,RBSTagAttribute,Tag,SupportsBackgroundAudio,/System/Library/LifecyclePolicy/DomainAttributes/com.apple.webkit.plist,Background/AttributeGroups[0]/Attributes[7]
com.apple.webkit,Background,TargetEntitlement,Entitlement,com.apple.runningboard.assertions.webkit,/System/Library/LifecyclePolicy/DomainAttributes/com.apple.webkit.plist,Background/Restriction/Restrictions[0]
com.apple.webkit,BoostedJetsam,CompoundAny,,,/System/Library/LifecyclePolicy/DomainAttributes/com.apple.webkit.plist,BoostedJetsam/Restriction
com.apple.webkit,BoostedJetsam,OriginatorEntitlement,Entitlement,com.apple.runningboard.assertions.webkit,/System/Library/LifecyclePolicy/DomainAttributes/com.apple.webkit.plist,BoostedJetsam/Restriction/Restrictions[1]
com.apple.webkit,BoostedJetsam,RBSJetsamPriorityGrant,Band,40,/System/Library/LifecyclePolicy/DomainAttributes/com.apple.webkit.plist,BoostedJetsam/AttributeGroups[0]/Attributes[0]
com.apple.webkit,BoostedJetsam,TargetEntitlement,Entitlement,com.apple.runningboard.assertions.webkit,/System/Library/LifecyclePolicy/DomainAttributes/com.apple.webkit.plist,BoostedJetsam/Restriction/Restrictions[0]
com.apple.webkit,DependentProcessLink,OriginatorEntitlement,Entitlement,com.apple.runningboard.assertions.webkit,/System/Library/LifecyclePolicy/DomainAttributes/com.apple.webkit.plist,DependentProcessLink/Restriction
com.apple.webkit,DependentProcessLink,RBSCPUAccessGrant,Role,RBSRoleBackground,/System/Library/LifecyclePolicy/DomainAttributes/com.apple.webkit.plist,DependentProcessLink/AttributeGroups[0]/Attributes[0]
com.apple.webkit,DependentProcessLink,RBSMimicTaskSuspensionAttribute,,,/System/Library/LifecyclePolicy/DomainAttributes/com.apple.webkit.plist,DependentProcessLink/AttributeGroups[0]/Attributes[1]
com.apple.webkit,DependentProcessLink,RBSRunningReasonAttribute,RunningReason,13,/System/Library/LifecyclePolicy/DomainAttributes/com.apple.webkit.plist,DependentProcessLink/AttributeGroups[0]/Attributes[3]
com.apple.webkit,DependentProcessLink,RBSTagAttribute,Tag,SupportsBackgroundAudio,/System/Library/LifecyclePolicy/DomainAttributes/com.apple.webkit.plist,DependentProcessLink/AttributeGroups[0]/Attributes[2]
com.apple.webkit,Foreground,CompoundAny,,,/System/Library/LifecyclePolicy/DomainAttributes/com.apple.webkit.plist,Foreground/Restriction
com.apple.webkit,Foreground,OriginatorEntitlement,Entitlement,com.apple.runningboard.assertions.webkit,/System/Library/LifecyclePolicy/DomainAttributes/com.apple.webkit.plist,Foreground/Restriction/Restrictions[1]
com.apple.webkit,Foreground,RBSBaseMemoryGrant,Category,Active,/System/Library/LifecyclePolicy/DomainAttributes/com.apple.webkit.plist,Foreground/AttributeGroups[0]/Attributes[4]
com.apple.webkit,Foreground,RBSBaseMemoryGrant,Strength,RBSMemoryLimitStrengthSoft,/System/Library/LifecyclePolicy/DomainAttributes/com.apple.webkit.plist,Foreground/AttributeGroups[0]/Attributes[4]
com.apple.webkit,Foreground,RBSCPUAccessGrant,Role,RBSRoleUserInteractiveFocal,/System/Library/LifecyclePolicy/DomainAttributes/com.apple.webkit.plist,Foreground/AttributeGroups[0]/Attributes[0]
com.apple.webkit,Foreground,RBSCoalitionLevelGrant,CoalitionLevel,RBSCoalitionLevelHigh,/System/Library/LifecyclePolicy/DomainAttributes/com.apple.webkit.plist,Foreground/AttributeGroups[0]/Attributes[1]
com.apple.webkit,Foreground,RBSDefineRelativeStartTimeGrant,,,/System/Library/LifecyclePolicy/DomainAttributes/com.apple.webkit.plist,Foreground/AttributeGroups[0]/Attributes[5]
com.apple.webkit,Foreground,RBSGPUAccessGrant,Role,RBSGPURoleUserInteractive,/System/Library/LifecyclePolicy/DomainAttributes/com.apple.webkit.plist,Foreground/AttributeGroups[0]/Attributes[2]
com.apple.webkit,Foreground,RBSJetsamPriorityGrant,Band,100,/System/Library/LifecyclePolicy/DomainAttributes/com.apple.webkit.plist,Foreground/AttributeGroups[0]/Attributes[3]
com.apple.webkit,Foreground,RBSMimicTaskSuspensionAttribute,,,/System/Library/LifecyclePolicy/DomainAttributes/com.apple.webkit.plist,Foreground/AttributeGroups[0]/Attributes[6]
com.apple.webkit,Foreground,RBSRunningReasonAttribute,RunningReason,13,/System/Library/LifecyclePolicy/DomainAttributes/com.apple.webkit.plist,Foreground/AttributeGroups[0]/Attributes[8]
com.apple.webkit,Foreground,RBSTagAttribute,Tag,SupportsBackgroundAudio,/System/Library/LifecyclePolicy/DomainAttributes/com.apple.webkit.plist,Foreground/AttributeGroups[0]/Attributes[7]
com.apple.webkit,Foreground,TargetEntitlement,Entitlement,com.apple.runningboard.assertions.webkit,/System/Library/LifecyclePolicy/DomainAttributes/com.apple.webkit.plist,Foreground/Restriction/Restrictions[0]
com.apple.webkit,IndefiniteBackground,CompoundAny,,,/System/Library/LifecyclePolicy/DomainAttributes/com.apple.webkit.plist,IndefiniteBackground/Restriction
com.apple.webkit,IndefiniteBackground,OriginatorEntitlement,Entitlement,com.apple.runningboard.assertions.webkit,/System/Library/LifecyclePolicy/DomainAttributes/com.apple.webkit.plist,IndefiniteBackground/Restriction/Restrictions[1]
com.apple.webkit,IndefiniteBackground,RBSCPUAccessGrant,Role,RBSRoleBackground,/System/Library/LifecyclePolicy/DomainAttributes/com.apple.webkit.plist,IndefiniteBackground/AttributeGroups[0]/Attributes[0]
com.apple.webkit,IndefiniteBackground,RBSDefineRelativeStartTimeGrant,,,/System/Library/LifecyclePolicy/DomainAttributes/com.apple.webkit.plist,IndefiniteBackground/AttributeGroups[0]/Attributes[3]
com.apple.webkit,IndefiniteBackground,RBSInvalidateUnderConditionAttribute,Condition,therm,/System/Library/LifecyclePolicy/DomainAttributes/com.apple.webkit.plist,IndefiniteBackground/AttributeGroups[0]/Attributes[5]
com.apple.webkit,IndefiniteBackground,RBSInvalidateUnderConditionAttribute,MinValue,830,/System/Library/LifecyclePolicy/DomainAttributes/com.apple.webkit.plist,IndefiniteBackground/AttributeGroups[0]/Attributes[5]
com.apple.webkit,IndefiniteBackground,RBSJetsamPriorityGrant,Band,40,/System/Library/LifecyclePolicy/DomainAttributes/com.apple.webkit.plist,IndefiniteBackground/AttributeGroups[0]/Attributes[1]
com.apple.webkit,IndefiniteBackground,RBSMimicTaskSuspensionAttribute,,,/System/Library/LifecyclePolicy/DomainAttributes/com.apple.webkit.plist,IndefiniteBackground/AttributeGroups[0]/Attributes[4]
com.apple.webkit,IndefiniteBackground,RBSPreserveBaseMemoryGrant,,,/System/Library/LifecyclePolicy/DomainAttributes/com.apple.webkit.plist,IndefiniteBackground/AttributeGroups[0]/Attributes[2]
com.apple.webkit,IndefiniteBackground,RBSRunningReasonAttribute,RunningReason,13,/System/Library/LifecyclePolicy/DomainAttributes/com.apple.webkit.plist,IndefiniteBackground/AttributeGroups[0]/Attributes[7]
com.apple.webkit,IndefiniteBackground,RBSTagAttribute,Tag,SupportsBackgroundAudio,/System/Library/LifecyclePolicy/DomainAttributes/com.apple.webkit.plist,IndefiniteBackground/AttributeGroups[0]/Attributes[6]
com.apple.webkit,IndefiniteBackground,TargetEntitlement,Entitlement,com.apple.runningboard.assertions.webkit,/System/Library/LifecyclePolicy/DomainAttributes/com.apple.webkit.plist,IndefiniteBackground/Restriction/Restrictions[0]
com.apple.webkit,MediaPlayback,CompoundAny,,,/System/Library/LifecyclePolicy/DomainAttributes/com.apple.webkit.plist,MediaPlayback/Restriction
com.apple.webkit,MediaPlayback,OriginatorEntitlement,Entitlement,com.apple.multitasking.systemappassertions,/System/Library/LifecyclePolicy/DomainAttributes/com.apple.webkit.plist,MediaPlayback/Restriction/Restrictions[1]
com.apple.webkit,MediaPlayback,OriginatorEntitlement,Entitlement,com.apple.runningboard.assertions.webkit,/System/Library/LifecyclePolicy/DomainAttributes/com.apple.webkit.plist,MediaPlayback/Restriction/Restrictions[0]
com.apple.webkit,MediaPlayback,RBSAcquisitionCompletionAttribute,CompletionPolicy,RBSAcquisitionCompletionPolicyAfterApplication,/System/Library/LifecyclePolicy/DomainAttributes/com.apple.webkit.plist,MediaPlayback/AttributeGroups[0]/Attributes[11]
com.apple.webkit,MediaPlayback,RBSBaseMemoryGrant,Category,Active,/System/Library/LifecyclePolicy/DomainAttributes/com.apple.webkit.plist,MediaPlayback/AttributeGroups[0]/Attributes[3]
com.apple.webkit,MediaPlayback,RBSBaseMemoryGrant,Strength,RBSMemoryLimitStrengthSoft,/System/Library/LifecyclePolicy/DomainAttributes/com.apple.webkit.plist,MediaPlayback/AttributeGroups[0]/Attributes[3]
com.apple.webkit,MediaPlayback,RBSCPUAccessGrant,Role,RBSRoleNonUserInteractive,/System/Library/LifecyclePolicy/DomainAttributes/com.apple.webkit.plist,MediaPlayback/AttributeGroups[0]/Attributes[0]
com.apple.webkit,MediaPlayback,RBSCoalitionLevelGrant,CoalitionLevel,RBSCoalitionLevelHigh,/System/Library/LifecyclePolicy/DomainAttributes/com.apple.webkit.plist,MediaPlayback/AttributeGroups[0]/Attributes[1]
com.apple.webkit,MediaPlayback,RBSDefineRelativeStartTimeGrant,,,/System/Library/LifecyclePolicy/DomainAttributes/com.apple.webkit.plist,MediaPlayback/AttributeGroups[0]/Attributes[7]
com.apple.webkit,MediaPlayback,RBSGPUAccessGrant,Role,RBSGPURoleBackground,/System/Library/LifecyclePolicy/DomainAttributes/com.apple.webkit.plist,MediaPlayback/AttributeGroups[0]/Attributes[4]
com.apple.webkit,MediaPlayback,RBSInvalidateUnderConditionAttribute,Condition,therm,/System/Library/LifecyclePolicy/DomainAttributes/com.apple.webkit.plist,MediaPlayback/AttributeGroups[0]/Attributes[8]
com.apple.webkit,MediaPlayback,RBSInvalidateUnderConditionAttribute,MinValue,840,/System/Library/LifecyclePolicy/DomainAttributes/com.apple.webkit.plist,MediaPlayback/AttributeGroups[0]/Attributes[8]
com.apple.webkit,MediaPlayback,RBSJetsamPriorityGrant,Band,100,/System/Library/LifecyclePolicy/DomainAttributes/com.apple.webkit.plist,MediaPlayback/AttributeGroups[0]/Attributes[2]
com.apple.webkit,MediaPlayback,RBSPreventIdleSleepGrant,,,/System/Library/LifecyclePolicy/DomainAttributes/com.apple.webkit.plist,MediaPlayback/AttributeGroups[0]/Attributes[6]
com.apple.webkit,MediaPlayback,RBSResistTerminationGrant,Resistance,RBSTerminationResistanceInteractive,/System/Library/LifecyclePolicy/DomainAttributes/com.apple.webkit.plist,MediaPlayback/AttributeGroups[0]/Attributes[5]
com.apple.webkit,MediaPlayback,RBSRunningReasonAttribute,RunningReason,13,/System/Library/LifecyclePolicy/DomainAttributes/com.apple.webkit.plist,MediaPlayback/AttributeGroups[0]/Attributes[9]
com.apple.webkit,MediaPlayback,RBSTagAttribute,Tag,SupportsBackgroundAudio,/System/Library/LifecyclePolicy/DomainAttributes/com.apple.webkit.plist,MediaPlayback/AttributeGroups[0]/Attributes[10]
com.apple.webkit,Suspended,CompoundAny,,,/System/Library/LifecyclePolicy/DomainAttributes/com.apple.webkit.plist,Suspended/Restriction
com.apple.webkit,Suspended,OriginatorEntitlement,Entitlement,com.apple.runningboard.assertions.webkit,/System/Library/LifecyclePolicy/DomainAttributes/com.apple.webkit.plist,Suspended/Restriction/Restrictions[1]
com.apple.webkit,Suspended,RBSDefineRelativeStartTimeGrant,,,/System/Library/LifecyclePolicy/DomainAttributes/com.apple.webkit.plist,Suspended/AttributeGroups[0]/Attributes[0]
com.apple.webkit,Suspended,RBSMimicTaskSuspensionAttribute,,,/System/Library/LifecyclePolicy/DomainAttributes/com.apple.webkit.plist,Suspended/AttributeGroups[0]/Attributes[1]
com.apple.webkit,Suspended,RBSRunningReasonAttribute,RunningReason,13,/System/Library/LifecyclePolicy/DomainAttributes/com.apple.webkit.plist,Suspended/AttributeGroups[0]/Attributes[3]
com.apple.webkit,Suspended,RBSTagAttribute,Tag,SupportsBackgroundAudio,/System/Library/LifecyclePolicy/DomainAttributes/com.apple.webkit.plist,Suspended/AttributeGroups[0]/Attributes[2]
com.apple.webkit,Suspended,TargetEntitlement,Entitlement,com.apple.runningboard.assertions.webkit,/System/Library/LifecyclePolicy/DomainAttributes/com.apple.webkit.plist,Suspended/Restriction/Restrictions[0]
com.apple.webkit,UnboundedNetworking,OriginatorEntitlement,Entitlement,com.apple.runningboard.assertions.webkit,/System/Library/LifecyclePolicy/DomainAttributes/com.apple.webkit.plist,UnboundedNetworking/Restriction
com.apple.webkit,UnboundedNetworking,RBSCPUAccessGrant,Role,RBSRoleBackground,/System/Library/LifecyclePolicy/DomainAttributes/com.apple.webkit.plist,UnboundedNetworking/AttributeGroups[0]/Attributes[0]
com.apple.webkit,UnboundedNetworking,RBSDefineRelativeStartTimeGrant,,,/System/Library/LifecyclePolicy/DomainAttributes/com.apple.webkit.plist,UnboundedNetworking/AttributeGroups[0]/Attributes[4]
com.apple.webkit,UnboundedNetworking,RBSInvalidateUnderConditionAttribute,Condition,therm,/System/Library/LifecyclePolicy/DomainAttributes/com.apple.webkit.plist,UnboundedNetworking/AttributeGroups[0]/Attributes[5]
com.apple.webkit,UnboundedNetworking,RBSInvalidateUnderConditionAttribute,MinValue,830,/System/Library/LifecyclePolicy/DomainAttributes/com.apple.webkit.plist,UnboundedNetworking/AttributeGroups[0]/Attributes[5]
com.apple.webkit,UnboundedNetworking,RBSJetsamPriorityGrant,Band,40,/System/Library/LifecyclePolicy/DomainAttributes/com.apple.webkit.plist,UnboundedNetworking/AttributeGroups[0]/Attributes[1]
com.apple.webkit,UnboundedNetworking,RBSPreserveBaseMemoryGrant,,,/System/Library/LifecyclePolicy/DomainAttributes/com.apple.webkit.plist,UnboundedNetworking/AttributeGroups[0]/Attributes[2]
com.apple.webkit,UnboundedNetworking,RBSPreventIdleSleepGrant,,,/System/Library/LifecyclePolicy/DomainAttributes/com.apple.webkit.plist,UnboundedNetworking/AttributeGroups[0]/Attributes[3]
com.apple.webkit,UnboundedNetworking,RBSRunningReasonAttribute,RunningReason,10004,/System/Library/LifecyclePolicy/DomainAttributes/com.apple.webkit.plist,UnboundedNetworking/AttributeGroups[0]/Attributes[7]
com.apple.webkit,UnboundedNetworking,RBSTagAttribute,Tag,SupportsBackgroundAudio,/System/Library/LifecyclePolicy/DomainAttributes/com.apple.webkit.plist,UnboundedNetworking/AttributeGroups[0]/Attributes[6]
com.apple.widgetRenderer,GPUaccess,OriginatorEntitlement,Entitlement,com.apple.runningboard.assertions.widgetRenderer,/System/Library/LifecyclePolicy/DomainAttributes/com.apple.widgetRenderer.plist,GPUaccess/Restriction
com.apple.widgetRenderer,GPUaccess,RBSCPUAccessGrant,Role,RBSRoleNonUserInteractive,/System/Library/LifecyclePolicy/DomainAttributes/com.apple.widgetRenderer.plist,GPUaccess/AttributeGroups[0]/Attributes[1]
com.apple.widgetRenderer,GPUaccess,RBSCoalitionLevelGrant,CoalitionLevel,RBSCoalitionLevelHigh,/System/Library/LifecyclePolicy/DomainAttributes/com.apple.widgetRenderer.plist,GPUaccess/AttributeGroups[0]/Attributes[2]
com.apple.widgetRenderer,GPUaccess,RBSDurationAttribute,EndPolicy,RBSDurationEndPolicyInvalidate,/System/Library/LifecyclePolicy/DomainAttributes/com.apple.widgetRenderer.plist,GPUaccess/AttributeGroups[0]/Attributes[0]
com.apple.widgetRenderer,GPUaccess,RBSDurationAttribute,InvalidationDuration,10,/System/Library/LifecyclePolicy/DomainAttributes/com.apple.widgetRenderer.plist,GPUaccess/AttributeGroups[0]/Attributes[0]
com.apple.widgetRenderer,GPUaccess,RBSDurationAttribute,StartPolicy,RBSDurationStartPolicyFixed,/System/Library/LifecyclePolicy/DomainAttributes/com.apple.widgetRenderer.plist,GPUaccess/AttributeGroups[0]/Attributes[0]
com.apple.widgetRenderer,GPUaccess,RBSDurationAttribute,WarningDuration,2,/System/Library/LifecyclePolicy/DomainAttributes/com.apple.widgetRenderer.plist,GPUaccess/AttributeGroups[0]/Attributes[0]
com.apple.widgetRenderer,GPUaccess,RBSGPUAccessGrant,Role,RBSGPURoleBackground,/System/Library/LifecyclePolicy/DomainAttributes/com.apple.widgetRenderer.plist,GPUaccess/AttributeGroups[0]/Attributes[5]
com.apple.widgetRenderer,GPUaccess,RBSJetsamPriorityGrant,Band,30,/System/Library/LifecyclePolicy/DomainAttributes/com.apple.widgetRenderer.plist,GPUaccess/AttributeGroups[0]/Attributes[3]
com.apple.widgetRenderer,GPUaccess,RBSPreserveBaseMemoryGrant,,,/System/Library/LifecyclePolicy/DomainAttributes/com.apple.widgetRenderer.plist,GPUaccess/AttributeGroups[0]/Attributes[4]
com.apple.widgetRenderer,GPUaccess,RBSRunningReasonAttribute,RunningReason,20411,/System/Library/LifecyclePolicy/DomainAttributes/com.apple.widgetRenderer.plist,GPUaccess/AttributeGroups[0]/Attributes[6]
com.apple.widgetRenderer,PrioritizedRendering,OriginatorEntitlement,Entitlement,com.apple.runningboard.assertions.widgetRenderer,/System/Library/LifecyclePolicy/DomainAttributes/com.apple.widgetRenderer.plist,PrioritizedRendering/Restriction
com.apple.widgetRenderer,PrioritizedRendering,RBSBaseMemoryGrant,Category,WidgetRenderer_HighMemory,/System/Library/LifecyclePolicy/DomainAttributes/com.apple.widgetRenderer.plist,PrioritizedRendering/AttributeGroups[0]/Attributes[0]
com.apple.widgetRenderer,PrioritizedRendering,RBSBaseMemoryGrant,Strength,RBSMemoryLimitStrengthSoft,/System/Library/LifecyclePolicy/DomainAttributes/com.apple.widgetRenderer.plist,PrioritizedRendering/AttributeGroups[0]/Attributes[0]
com.apple.windowmanager,Running,OriginatorEntitlement,Entitlement,com.apple.runningboard.windowmanager,/System/Library/LifecyclePolicy/DomainAttributes/com.apple.windowmanager.plist,Running/Restriction
com.apple.windowmanager,Running,RBSBaseMemoryGrant,Category,Active,/System/Library/LifecyclePolicy/DomainAttributes/com.apple.windowmanager.plist,Running/AttributeGroups[0]/Attributes[3]
com.apple.windowmanager,Running,RBSBaseMemoryGrant,Strength,RBSMemoryLimitStrengthSoft,/System/Library/LifecyclePolicy/DomainAttributes/com.apple.windowmanager.plist,Running/AttributeGroups[0]/Attributes[3]
com.apple.windowmanager,Running,RBSCPUAccessGrant,Role,RBSRoleUserInteractiveFocal,/System/Library/LifecyclePolicy/DomainAttributes/com.apple.windowmanager.plist,Running/AttributeGroups[0]/Attributes[0]
com.apple.windowmanager,Running,RBSCoalitionLevelGrant,CoalitionLevel,RBSCoalitionLevelHigh,/System/Library/LifecyclePolicy/DomainAttributes/com.apple.windowmanager.plist,Running/AttributeGroups[0]/Attributes[1]
com.apple.windowmanager,Running,RBSDefineRelativeStartTimeGrant,,,/System/Library/LifecyclePolicy/DomainAttributes/com.apple.windowmanager.plist,Running/AttributeGroups[0]/Attributes[5]
com.apple.windowmanager,Running,RBSJetsamPriorityGrant,Band,100,/System/Library/LifecyclePolicy/DomainAttributes/com.apple.windowmanager.plist,Running/AttributeGroups[0]/Attributes[2]
com.apple.windowmanager,Running,RBSResistTerminationGrant,Resistance,RBSTerminationResistanceInteractive,/System/Library/LifecyclePolicy/DomainAttributes/com.apple.windowmanager.plist,Running/AttributeGroups[0]/Attributes[4]
com.apple.windowmanager,Running,RBSRunningReasonAttribute,RunningReason,20255,/System/Library/LifecyclePolicy/DomainAttributes/com.apple.windowmanager.plist,Running/AttributeGroups[0]/Attributes[6]
com.apple.xcodepreviews,ActivePreviewSession,OriginatorEntitlement,Entitlement,com.apple.runningboard.assertions.xcodepreviews,/System/Library/LifecyclePolicy/DomainAttributes/com.apple.xcodepreviews.plist,ActivePreviewSession/Restriction
com.apple.xcodepreviews,ActivePreviewSession,RBSCPUAccessGrant,Role,RBSRoleUserInteractive,/System/Library/LifecyclePolicy/DomainAttributes/com.apple.xcodepreviews.plist,ActivePreviewSession/AttributeGroups[0]/Attributes[0]
com.apple.xcodepreviews,ActivePreviewSession,RBSDefineRelativeStartTimeGrant,,,/System/Library/LifecyclePolicy/DomainAttributes/com.apple.xcodepreviews.plist,ActivePreviewSession/AttributeGroups[0]/Attributes[3]
com.apple.xcodepreviews,ActivePreviewSession,RBSJetsamPriorityGrant,Band,40,/System/Library/LifecyclePolicy/DomainAttributes/com.apple.xcodepreviews.plist,ActivePreviewSession/AttributeGroups[0]/Attributes[1]
com.apple.xcodepreviews,ActivePreviewSession,RBSJetsamPriorityGrant,Band,40,/System/Library/LifecyclePolicy/DomainAttributes/com.apple.xcodepreviews.plist,ActivePreviewSession/AttributeGroups[1]/Attributes[0]
com.apple.xcodepreviews,ActivePreviewSession,RBSMimicTaskSuspensionAttribute,,,/System/Library/LifecyclePolicy/DomainAttributes/com.apple.xcodepreviews.plist,ActivePreviewSession/AttributeGroups[0]/Attributes[4]
com.apple.xcodepreviews,ActivePreviewSession,RBSPreserveBaseMemoryGrant,,,/System/Library/LifecyclePolicy/DomainAttributes/com.apple.xcodepreviews.plist,ActivePreviewSession/AttributeGroups[0]/Attributes[2]
com.apple.xcodepreviews,ActivePreviewSession,RBSRunningReasonAttribute,RunningReason,20006,/System/Library/LifecyclePolicy/DomainAttributes/com.apple.xcodepreviews.plist,ActivePreviewSession/AttributeGroups[0]/Attributes[5]
com.apple.xcodepreviews,MakeSubordinate,OriginatorEntitlement,Entitlement,com.apple.runningboard.assertions.previewshost,/System/Library/LifecyclePolicy/DomainAttributes/com.apple.xcodepreviews.plist,MakeSubordinate/Restriction
com.apple.xcodepreviews,MakeSubordinate,RBSSubordinateProcessAttribute,,,/System/Library/LifecyclePolicy/DomainAttributes/com.apple.xcodepreviews.plist,MakeSubordinate/AttributeGroups[0]/Attributes[0]
com.apple.xcodepreviews,PreLaunchEndpointInjection,OriginatorEntitlement,Entitlement,com.apple.runningboard.assertions.xcodepreviews,/System/Library/LifecyclePolicy/DomainAttributes/com.apple.xcodepreviews.plist,PreLaunchEndpointInjection/Restriction
com.apple.xcodepreviews,PreLaunchEndpointInjection,RBSPersistentAttribute,,,/System/Library/LifecyclePolicy/DomainAttributes/com.apple.xcodepreviews.plist,PreLaunchEndpointInjection/AttributeGroups[0]/Attributes[0]
